Using device: cuda
Loading Teacher weights from /home/jay_agarwal_2022/lorentz-gatr/runs/topt/GATr_7327/models/model_run0_it169999.pt...
✓ Loaded L-GATr. Missing: 0 | Unexpected: 12

--- Starting Engineered Knowledge Distillation ---
Epoch 1/100 | Batch 0/2366 | Soft KD Loss: 11.1868 | Hard Loss: 0.7273 | Total Loss: 5.9570 | LR: 0.000200
Epoch 1/100 | Batch 200/2366 | Soft KD Loss: 10.4933 | Hard Loss: 0.5674 | Total Loss: 5.5304 | LR: 0.000200
Epoch 1/100 | Batch 400/2366 | Soft KD Loss: 10.0761 | Hard Loss: 0.6449 | Total Loss: 5.3605 | LR: 0.000200
Epoch 1/100 | Batch 600/2366 | Soft KD Loss: 9.4539 | Hard Loss: 0.7779 | Total Loss: 5.1159 | LR: 0.000200
Epoch 1/100 | Batch 800/2366 | Soft KD Loss: 9.5099 | Hard Loss: 0.7820 | Total Loss: 5.1459 | LR: 0.000200
Epoch 1/100 | Batch 1000/2366 | Soft KD Loss: 9.4433 | Hard Loss: 0.7368 | Total Loss: 5.0900 | LR: 0.000200
Epoch 1/100 | Batch 1200/2366 | Soft KD Loss: 9.5575 | Hard Loss: 0.8505 | Total Loss: 5.2040 | LR: 0.000200
Epoch 1/100 | Batch 1400/2366 | Soft KD Loss: 9.3114 | Hard Loss: 0.8505 | Total Loss: 5.0810 | LR: 0.000200
Epoch 1/100 | Batch 1600/2366 | Soft KD Loss: 9.5555 | Hard Loss: 0.8417 | Total Loss: 5.1986 | LR: 0.000200
Epoch 1/100 | Batch 1800/2366 | Soft KD Loss: 9.2506 | Hard Loss: 0.8498 | Total Loss: 5.0502 | LR: 0.000200
Epoch 1/100 | Batch 2000/2366 | Soft KD Loss: 9.2093 | Hard Loss: 0.9786 | Total Loss: 5.0939 | LR: 0.000200
Epoch 1/100 | Batch 2200/2366 | Soft KD Loss: 9.1429 | Hard Loss: 0.9766 | Total Loss: 5.0597 | LR: 0.000200
====> Epoch 1 Average KD Loss: 5.2306 | LR: 0.000200
Epoch 2/100 | Batch 0/2366 | Soft KD Loss: 9.1111 | Hard Loss: 0.8848 | Total Loss: 4.9979 | LR: 0.000200
Epoch 2/100 | Batch 200/2366 | Soft KD Loss: 9.2193 | Hard Loss: 0.7686 | Total Loss: 4.9939 | LR: 0.000200
Epoch 2/100 | Batch 400/2366 | Soft KD Loss: 9.0584 | Hard Loss: 0.8476 | Total Loss: 4.9530 | LR: 0.000200
Epoch 2/100 | Batch 600/2366 | Soft KD Loss: 8.9114 | Hard Loss: 0.8430 | Total Loss: 4.8772 | LR: 0.000200
Epoch 2/100 | Batch 800/2366 | Soft KD Loss: 9.1496 | Hard Loss: 0.8922 | Total Loss: 5.0209 | LR: 0.000200
Epoch 2/100 | Batch 1000/2366 | Soft KD Loss: 8.9087 | Hard Loss: 1.0176 | Total Loss: 4.9632 | LR: 0.000200
Epoch 2/100 | Batch 1200/2366 | Soft KD Loss: 8.8989 | Hard Loss: 0.8570 | Total Loss: 4.8780 | LR: 0.000200
Epoch 2/100 | Batch 1400/2366 | Soft KD Loss: 8.8638 | Hard Loss: 0.8493 | Total Loss: 4.8566 | LR: 0.000200
Epoch 2/100 | Batch 1600/2366 | Soft KD Loss: 8.9032 | Hard Loss: 0.9751 | Total Loss: 4.9391 | LR: 0.000200
Epoch 2/100 | Batch 1800/2366 | Soft KD Loss: 9.2208 | Hard Loss: 0.8934 | Total Loss: 5.0571 | LR: 0.000200
Epoch 2/100 | Batch 2000/2366 | Soft KD Loss: 8.7308 | Hard Loss: 0.8858 | Total Loss: 4.8083 | LR: 0.000200
Epoch 2/100 | Batch 2200/2366 | Soft KD Loss: 8.9597 | Hard Loss: 1.0419 | Total Loss: 5.0008 | LR: 0.000200
====> Epoch 2 Average KD Loss: 4.9596 | LR: 0.000200
Epoch 3/100 | Batch 0/2366 | Soft KD Loss: 8.8525 | Hard Loss: 1.0103 | Total Loss: 4.9314 | LR: 0.000200
Epoch 3/100 | Batch 200/2366 | Soft KD Loss: 8.8687 | Hard Loss: 1.0492 | Total Loss: 4.9589 | LR: 0.000200
Epoch 3/100 | Batch 400/2366 | Soft KD Loss: 8.7494 | Hard Loss: 1.0162 | Total Loss: 4.8828 | LR: 0.000200
Epoch 3/100 | Batch 600/2366 | Soft KD Loss: 8.7455 | Hard Loss: 1.0546 | Total Loss: 4.9000 | LR: 0.000200
Epoch 3/100 | Batch 800/2366 | Soft KD Loss: 9.1097 | Hard Loss: 1.0647 | Total Loss: 5.0872 | LR: 0.000200
Epoch 3/100 | Batch 1000/2366 | Soft KD Loss: 8.9136 | Hard Loss: 1.0080 | Total Loss: 4.9608 | LR: 0.000200
Epoch 3/100 | Batch 1200/2366 | Soft KD Loss: 8.9477 | Hard Loss: 0.9540 | Total Loss: 4.9509 | LR: 0.000200
Epoch 3/100 | Batch 1400/2366 | Soft KD Loss: 8.7724 | Hard Loss: 0.8919 | Total Loss: 4.8321 | LR: 0.000200
Epoch 3/100 | Batch 1600/2366 | Soft KD Loss: 8.6764 | Hard Loss: 0.8550 | Total Loss: 4.7657 | LR: 0.000200
Epoch 3/100 | Batch 1800/2366 | Soft KD Loss: 8.5795 | Hard Loss: 0.9398 | Total Loss: 4.7597 | LR: 0.000200
Epoch 3/100 | Batch 2000/2366 | Soft KD Loss: 8.6355 | Hard Loss: 0.9465 | Total Loss: 4.7910 | LR: 0.000200
Epoch 3/100 | Batch 2200/2366 | Soft KD Loss: 9.0330 | Hard Loss: 0.9421 | Total Loss: 4.9876 | LR: 0.000200
====> Epoch 3 Average KD Loss: 4.8674 | LR: 0.000200
Epoch 4/100 | Batch 0/2366 | Soft KD Loss: 8.7097 | Hard Loss: 1.0294 | Total Loss: 4.8695 | LR: 0.000200
Epoch 4/100 | Batch 200/2366 | Soft KD Loss: 8.6918 | Hard Loss: 1.0514 | Total Loss: 4.8716 | LR: 0.000200
Epoch 4/100 | Batch 400/2366 | Soft KD Loss: 8.7897 | Hard Loss: 1.0210 | Total Loss: 4.9054 | LR: 0.000200
Epoch 4/100 | Batch 600/2366 | Soft KD Loss: 8.7440 | Hard Loss: 0.8695 | Total Loss: 4.8068 | LR: 0.000200
Epoch 4/100 | Batch 800/2366 | Soft KD Loss: 8.6486 | Hard Loss: 1.0118 | Total Loss: 4.8302 | LR: 0.000200
Epoch 4/100 | Batch 1000/2366 | Soft KD Loss: 8.7425 | Hard Loss: 0.7821 | Total Loss: 4.7623 | LR: 0.000200
Epoch 4/100 | Batch 1200/2366 | Soft KD Loss: 8.5782 | Hard Loss: 1.0025 | Total Loss: 4.7904 | LR: 0.000200
Epoch 4/100 | Batch 1400/2366 | Soft KD Loss: 8.7291 | Hard Loss: 1.1222 | Total Loss: 4.9257 | LR: 0.000200
Epoch 4/100 | Batch 1600/2366 | Soft KD Loss: 8.7022 | Hard Loss: 0.9238 | Total Loss: 4.8130 | LR: 0.000200
Epoch 4/100 | Batch 1800/2366 | Soft KD Loss: 8.6738 | Hard Loss: 0.9165 | Total Loss: 4.7952 | LR: 0.000200
Epoch 4/100 | Batch 2000/2366 | Soft KD Loss: 8.6458 | Hard Loss: 1.0383 | Total Loss: 4.8421 | LR: 0.000200
Epoch 4/100 | Batch 2200/2366 | Soft KD Loss: 8.6016 | Hard Loss: 0.9822 | Total Loss: 4.7919 | LR: 0.000200
====> Epoch 4 Average KD Loss: 4.8047 | LR: 0.000200
Epoch 5/100 | Batch 0/2366 | Soft KD Loss: 8.6717 | Hard Loss: 0.9373 | Total Loss: 4.8045 | LR: 0.000200
Epoch 5/100 | Batch 200/2366 | Soft KD Loss: 8.6512 | Hard Loss: 1.0707 | Total Loss: 4.8610 | LR: 0.000200
Epoch 5/100 | Batch 400/2366 | Soft KD Loss: 8.4244 | Hard Loss: 0.9340 | Total Loss: 4.6792 | LR: 0.000200
Epoch 5/100 | Batch 600/2366 | Soft KD Loss: 8.5544 | Hard Loss: 1.0653 | Total Loss: 4.8098 | LR: 0.000200
Epoch 5/100 | Batch 800/2366 | Soft KD Loss: 8.6615 | Hard Loss: 0.8518 | Total Loss: 4.7566 | LR: 0.000200
Epoch 5/100 | Batch 1000/2366 | Soft KD Loss: 8.6038 | Hard Loss: 0.8469 | Total Loss: 4.7253 | LR: 0.000200
Epoch 5/100 | Batch 1200/2366 | Soft KD Loss: 8.4276 | Hard Loss: 1.0055 | Total Loss: 4.7165 | LR: 0.000200
Epoch 5/100 | Batch 1400/2366 | Soft KD Loss: 8.5266 | Hard Loss: 1.0069 | Total Loss: 4.7667 | LR: 0.000200
Epoch 5/100 | Batch 1600/2366 | Soft KD Loss: 8.3386 | Hard Loss: 1.1836 | Total Loss: 4.7611 | LR: 0.000200
Epoch 5/100 | Batch 1800/2366 | Soft KD Loss: 8.7716 | Hard Loss: 1.1133 | Total Loss: 4.9424 | LR: 0.000200
Epoch 5/100 | Batch 2000/2366 | Soft KD Loss: 8.6342 | Hard Loss: 1.0026 | Total Loss: 4.8184 | LR: 0.000200
Epoch 5/100 | Batch 2200/2366 | Soft KD Loss: 8.3169 | Hard Loss: 1.0008 | Total Loss: 4.6589 | LR: 0.000200
====> Epoch 5 Average KD Loss: 4.7519 | LR: 0.000200
Epoch 6/100 | Batch 0/2366 | Soft KD Loss: 8.2544 | Hard Loss: 0.9742 | Total Loss: 4.6143 | LR: 0.000200
Epoch 6/100 | Batch 200/2366 | Soft KD Loss: 8.2874 | Hard Loss: 0.9738 | Total Loss: 4.6306 | LR: 0.000200
Epoch 6/100 | Batch 400/2366 | Soft KD Loss: 8.4788 | Hard Loss: 1.0067 | Total Loss: 4.7428 | LR: 0.000200
Epoch 6/100 | Batch 600/2366 | Soft KD Loss: 8.2918 | Hard Loss: 0.9961 | Total Loss: 4.6439 | LR: 0.000200
Epoch 6/100 | Batch 800/2366 | Soft KD Loss: 8.3629 | Hard Loss: 0.9555 | Total Loss: 4.6592 | LR: 0.000200
Epoch 6/100 | Batch 1000/2366 | Soft KD Loss: 8.4587 | Hard Loss: 1.1623 | Total Loss: 4.8105 | LR: 0.000200
Epoch 6/100 | Batch 1200/2366 | Soft KD Loss: 8.4051 | Hard Loss: 1.1499 | Total Loss: 4.7775 | LR: 0.000200
Epoch 6/100 | Batch 1400/2366 | Soft KD Loss: 8.4190 | Hard Loss: 0.9152 | Total Loss: 4.6671 | LR: 0.000200
Epoch 6/100 | Batch 1600/2366 | Soft KD Loss: 8.4173 | Hard Loss: 1.0670 | Total Loss: 4.7422 | LR: 0.000200
Epoch 6/100 | Batch 1800/2366 | Soft KD Loss: 8.1788 | Hard Loss: 1.0576 | Total Loss: 4.6182 | LR: 0.000200
Epoch 6/100 | Batch 2000/2366 | Soft KD Loss: 8.4111 | Hard Loss: 1.0736 | Total Loss: 4.7424 | LR: 0.000200
Epoch 6/100 | Batch 2200/2366 | Soft KD Loss: 8.3492 | Hard Loss: 1.0149 | Total Loss: 4.6821 | LR: 0.000200
====> Epoch 6 Average KD Loss: 4.7070 | LR: 0.000200
Epoch 7/100 | Batch 0/2366 | Soft KD Loss: 8.2145 | Hard Loss: 1.1020 | Total Loss: 4.6582 | LR: 0.000200
Epoch 7/100 | Batch 200/2366 | Soft KD Loss: 8.1793 | Hard Loss: 0.8879 | Total Loss: 4.5336 | LR: 0.000200
Epoch 7/100 | Batch 400/2366 | Soft KD Loss: 8.3392 | Hard Loss: 1.2358 | Total Loss: 4.7875 | LR: 0.000200
Epoch 7/100 | Batch 600/2366 | Soft KD Loss: 8.5343 | Hard Loss: 0.9436 | Total Loss: 4.7389 | LR: 0.000200
Epoch 7/100 | Batch 800/2366 | Soft KD Loss: 8.4422 | Hard Loss: 1.2747 | Total Loss: 4.8585 | LR: 0.000200
Epoch 7/100 | Batch 1000/2366 | Soft KD Loss: 8.2514 | Hard Loss: 1.1731 | Total Loss: 4.7123 | LR: 0.000200
Epoch 7/100 | Batch 1200/2366 | Soft KD Loss: 8.3826 | Hard Loss: 1.0025 | Total Loss: 4.6926 | LR: 0.000200
Epoch 7/100 | Batch 1400/2366 | Soft KD Loss: 8.3586 | Hard Loss: 1.0839 | Total Loss: 4.7213 | LR: 0.000200
Epoch 7/100 | Batch 1600/2366 | Soft KD Loss: 8.2767 | Hard Loss: 0.9449 | Total Loss: 4.6108 | LR: 0.000200
Epoch 7/100 | Batch 1800/2366 | Soft KD Loss: 8.4881 | Hard Loss: 1.0165 | Total Loss: 4.7523 | LR: 0.000200
Epoch 7/100 | Batch 2000/2366 | Soft KD Loss: 8.5527 | Hard Loss: 1.0287 | Total Loss: 4.7907 | LR: 0.000200
Epoch 7/100 | Batch 2200/2366 | Soft KD Loss: 8.5396 | Hard Loss: 1.0932 | Total Loss: 4.8164 | LR: 0.000200
====> Epoch 7 Average KD Loss: 4.6740 | LR: 0.000200
Epoch 8/100 | Batch 0/2366 | Soft KD Loss: 8.4110 | Hard Loss: 1.0224 | Total Loss: 4.7167 | LR: 0.000200
Epoch 8/100 | Batch 200/2366 | Soft KD Loss: 8.2121 | Hard Loss: 1.0068 | Total Loss: 4.6095 | LR: 0.000200
Epoch 8/100 | Batch 400/2366 | Soft KD Loss: 8.1777 | Hard Loss: 1.0969 | Total Loss: 4.6373 | LR: 0.000200
Epoch 8/100 | Batch 600/2366 | Soft KD Loss: 8.1588 | Hard Loss: 1.1039 | Total Loss: 4.6314 | LR: 0.000200
Epoch 8/100 | Batch 800/2366 | Soft KD Loss: 8.2506 | Hard Loss: 1.1621 | Total Loss: 4.7064 | LR: 0.000200
Epoch 8/100 | Batch 1000/2366 | Soft KD Loss: 8.3208 | Hard Loss: 1.2004 | Total Loss: 4.7606 | LR: 0.000200
Epoch 8/100 | Batch 1200/2366 | Soft KD Loss: 8.3185 | Hard Loss: 1.0566 | Total Loss: 4.6875 | LR: 0.000200
Epoch 8/100 | Batch 1400/2366 | Soft KD Loss: 8.3554 | Hard Loss: 1.1130 | Total Loss: 4.7342 | LR: 0.000200
Epoch 8/100 | Batch 1600/2366 | Soft KD Loss: 8.2310 | Hard Loss: 1.0957 | Total Loss: 4.6633 | LR: 0.000200
Epoch 8/100 | Batch 1800/2366 | Soft KD Loss: 8.2343 | Hard Loss: 1.0074 | Total Loss: 4.6209 | LR: 0.000200
Epoch 8/100 | Batch 2000/2366 | Soft KD Loss: 8.3098 | Hard Loss: 1.1124 | Total Loss: 4.7111 | LR: 0.000200
Epoch 8/100 | Batch 2200/2366 | Soft KD Loss: 8.3877 | Hard Loss: 1.0013 | Total Loss: 4.6945 | LR: 0.000200
====> Epoch 8 Average KD Loss: 4.6472 | LR: 0.000200
Epoch 9/100 | Batch 0/2366 | Soft KD Loss: 8.0544 | Hard Loss: 1.1262 | Total Loss: 4.5903 | LR: 0.000200
Epoch 9/100 | Batch 200/2366 | Soft KD Loss: 8.4360 | Hard Loss: 1.1187 | Total Loss: 4.7773 | LR: 0.000200
Epoch 9/100 | Batch 400/2366 | Soft KD Loss: 8.3166 | Hard Loss: 1.0761 | Total Loss: 4.6963 | LR: 0.000200
Epoch 9/100 | Batch 600/2366 | Soft KD Loss: 8.0465 | Hard Loss: 1.1498 | Total Loss: 4.5981 | LR: 0.000200
Epoch 9/100 | Batch 800/2366 | Soft KD Loss: 8.3369 | Hard Loss: 1.0949 | Total Loss: 4.7159 | LR: 0.000200
Epoch 9/100 | Batch 1000/2366 | Soft KD Loss: 8.0853 | Hard Loss: 1.1192 | Total Loss: 4.6022 | LR: 0.000200
Epoch 9/100 | Batch 1200/2366 | Soft KD Loss: 8.3748 | Hard Loss: 1.1473 | Total Loss: 4.7610 | LR: 0.000200
Epoch 9/100 | Batch 1400/2366 | Soft KD Loss: 8.0205 | Hard Loss: 1.0268 | Total Loss: 4.5236 | LR: 0.000200
Epoch 9/100 | Batch 1600/2366 | Soft KD Loss: 8.1233 | Hard Loss: 1.0835 | Total Loss: 4.6034 | LR: 0.000200
Epoch 9/100 | Batch 1800/2366 | Soft KD Loss: 8.2294 | Hard Loss: 1.1299 | Total Loss: 4.6797 | LR: 0.000200
Epoch 9/100 | Batch 2000/2366 | Soft KD Loss: 8.3302 | Hard Loss: 1.0805 | Total Loss: 4.7053 | LR: 0.000200
Epoch 9/100 | Batch 2200/2366 | Soft KD Loss: 8.4560 | Hard Loss: 1.2234 | Total Loss: 4.8397 | LR: 0.000200
====> Epoch 9 Average KD Loss: 4.6264 | LR: 0.000200
Epoch 10/100 | Batch 0/2366 | Soft KD Loss: 8.1571 | Hard Loss: 1.1201 | Total Loss: 4.6386 | LR: 0.000200
Epoch 10/100 | Batch 200/2366 | Soft KD Loss: 8.0513 | Hard Loss: 0.9162 | Total Loss: 4.4838 | LR: 0.000200
Epoch 10/100 | Batch 400/2366 | Soft KD Loss: 7.8787 | Hard Loss: 1.0200 | Total Loss: 4.4493 | LR: 0.000200
Epoch 10/100 | Batch 600/2366 | Soft KD Loss: 7.9837 | Hard Loss: 1.0614 | Total Loss: 4.5226 | LR: 0.000200
Epoch 10/100 | Batch 800/2366 | Soft KD Loss: 8.2687 | Hard Loss: 1.1579 | Total Loss: 4.7133 | LR: 0.000200
Epoch 10/100 | Batch 1000/2366 | Soft KD Loss: 8.1456 | Hard Loss: 1.0896 | Total Loss: 4.6176 | LR: 0.000200
Epoch 10/100 | Batch 1200/2366 | Soft KD Loss: 8.0235 | Hard Loss: 0.9015 | Total Loss: 4.4625 | LR: 0.000200
Epoch 10/100 | Batch 1400/2366 | Soft KD Loss: 8.1744 | Hard Loss: 1.1434 | Total Loss: 4.6589 | LR: 0.000200
Epoch 10/100 | Batch 1600/2366 | Soft KD Loss: 8.1920 | Hard Loss: 0.9462 | Total Loss: 4.5691 | LR: 0.000200
Epoch 10/100 | Batch 1800/2366 | Soft KD Loss: 8.1507 | Hard Loss: 1.0948 | Total Loss: 4.6227 | LR: 0.000200
Epoch 10/100 | Batch 2000/2366 | Soft KD Loss: 8.1055 | Hard Loss: 1.0991 | Total Loss: 4.6023 | LR: 0.000200
Epoch 10/100 | Batch 2200/2366 | Soft KD Loss: 7.8491 | Hard Loss: 1.0807 | Total Loss: 4.4649 | LR: 0.000200
====> Epoch 10 Average KD Loss: 4.6092 | LR: 0.000200
Epoch 11/100 | Batch 0/2366 | Soft KD Loss: 8.0126 | Hard Loss: 1.1278 | Total Loss: 4.5702 | LR: 0.000200
Epoch 11/100 | Batch 200/2366 | Soft KD Loss: 8.0211 | Hard Loss: 1.0514 | Total Loss: 4.5363 | LR: 0.000200
Epoch 11/100 | Batch 400/2366 | Soft KD Loss: 8.0484 | Hard Loss: 1.2033 | Total Loss: 4.6258 | LR: 0.000200
Epoch 11/100 | Batch 600/2366 | Soft KD Loss: 8.0410 | Hard Loss: 1.1855 | Total Loss: 4.6132 | LR: 0.000200
Epoch 11/100 | Batch 800/2366 | Soft KD Loss: 7.9713 | Hard Loss: 1.0131 | Total Loss: 4.4922 | LR: 0.000200
Epoch 11/100 | Batch 1000/2366 | Soft KD Loss: 8.3051 | Hard Loss: 1.1783 | Total Loss: 4.7417 | LR: 0.000200
Epoch 11/100 | Batch 1200/2366 | Soft KD Loss: 7.9869 | Hard Loss: 0.9954 | Total Loss: 4.4911 | LR: 0.000200
Epoch 11/100 | Batch 1400/2366 | Soft KD Loss: 8.0396 | Hard Loss: 1.1920 | Total Loss: 4.6158 | LR: 0.000200
Epoch 11/100 | Batch 1600/2366 | Soft KD Loss: 8.0014 | Hard Loss: 1.1517 | Total Loss: 4.5766 | LR: 0.000200
Epoch 11/100 | Batch 1800/2366 | Soft KD Loss: 8.2392 | Hard Loss: 1.0194 | Total Loss: 4.6293 | LR: 0.000200
Epoch 11/100 | Batch 2000/2366 | Soft KD Loss: 8.1124 | Hard Loss: 1.1269 | Total Loss: 4.6197 | LR: 0.000200
Epoch 11/100 | Batch 2200/2366 | Soft KD Loss: 8.2087 | Hard Loss: 1.1248 | Total Loss: 4.6668 | LR: 0.000200
====> Epoch 11 Average KD Loss: 4.5936 | LR: 0.000200
Epoch 12/100 | Batch 0/2366 | Soft KD Loss: 8.0996 | Hard Loss: 1.0422 | Total Loss: 4.5709 | LR: 0.000200
Epoch 12/100 | Batch 200/2366 | Soft KD Loss: 7.8078 | Hard Loss: 0.9425 | Total Loss: 4.3752 | LR: 0.000200
Epoch 12/100 | Batch 400/2366 | Soft KD Loss: 8.0920 | Hard Loss: 1.1836 | Total Loss: 4.6378 | LR: 0.000200
Epoch 12/100 | Batch 600/2366 | Soft KD Loss: 8.2392 | Hard Loss: 1.1113 | Total Loss: 4.6752 | LR: 0.000200
Epoch 12/100 | Batch 800/2366 | Soft KD Loss: 8.1228 | Hard Loss: 1.1658 | Total Loss: 4.6443 | LR: 0.000200
Epoch 12/100 | Batch 1000/2366 | Soft KD Loss: 8.0454 | Hard Loss: 1.0606 | Total Loss: 4.5530 | LR: 0.000200
Epoch 12/100 | Batch 1200/2366 | Soft KD Loss: 8.2023 | Hard Loss: 1.1455 | Total Loss: 4.6739 | LR: 0.000200
Epoch 12/100 | Batch 1400/2366 | Soft KD Loss: 8.2364 | Hard Loss: 1.1981 | Total Loss: 4.7173 | LR: 0.000200
Epoch 12/100 | Batch 1600/2366 | Soft KD Loss: 7.8639 | Hard Loss: 1.0405 | Total Loss: 4.4522 | LR: 0.000200
Epoch 12/100 | Batch 1800/2366 | Soft KD Loss: 7.8538 | Hard Loss: 0.9490 | Total Loss: 4.4014 | LR: 0.000200
Epoch 12/100 | Batch 2000/2366 | Soft KD Loss: 8.1251 | Hard Loss: 1.0907 | Total Loss: 4.6079 | LR: 0.000200
Epoch 12/100 | Batch 2200/2366 | Soft KD Loss: 8.1279 | Hard Loss: 1.0260 | Total Loss: 4.5769 | LR: 0.000200
====> Epoch 12 Average KD Loss: 4.5794 | LR: 0.000200
Epoch 13/100 | Batch 0/2366 | Soft KD Loss: 8.0518 | Hard Loss: 1.0545 | Total Loss: 4.5532 | LR: 0.000200
Epoch 13/100 | Batch 200/2366 | Soft KD Loss: 8.1345 | Hard Loss: 1.0502 | Total Loss: 4.5924 | LR: 0.000200
Epoch 13/100 | Batch 400/2366 | Soft KD Loss: 7.9550 | Hard Loss: 1.1466 | Total Loss: 4.5508 | LR: 0.000200
Epoch 13/100 | Batch 600/2366 | Soft KD Loss: 7.8301 | Hard Loss: 1.0382 | Total Loss: 4.4342 | LR: 0.000200
Epoch 13/100 | Batch 800/2366 | Soft KD Loss: 8.2800 | Hard Loss: 1.0399 | Total Loss: 4.6600 | LR: 0.000200
Epoch 13/100 | Batch 1000/2366 | Soft KD Loss: 7.9717 | Hard Loss: 1.2049 | Total Loss: 4.5883 | LR: 0.000200
Epoch 13/100 | Batch 1200/2366 | Soft KD Loss: 8.1862 | Hard Loss: 1.0961 | Total Loss: 4.6412 | LR: 0.000200
Epoch 13/100 | Batch 1400/2366 | Soft KD Loss: 7.9205 | Hard Loss: 1.1408 | Total Loss: 4.5306 | LR: 0.000200
Epoch 13/100 | Batch 1600/2366 | Soft KD Loss: 8.0852 | Hard Loss: 1.1159 | Total Loss: 4.6006 | LR: 0.000200
Epoch 13/100 | Batch 1800/2366 | Soft KD Loss: 8.1752 | Hard Loss: 0.9662 | Total Loss: 4.5707 | LR: 0.000200
Epoch 13/100 | Batch 2000/2366 | Soft KD Loss: 8.0348 | Hard Loss: 0.9839 | Total Loss: 4.5093 | LR: 0.000200
Epoch 13/100 | Batch 2200/2366 | Soft KD Loss: 8.0354 | Hard Loss: 1.1285 | Total Loss: 4.5819 | LR: 0.000200
====> Epoch 13 Average KD Loss: 4.5677 | LR: 0.000200
Epoch 14/100 | Batch 0/2366 | Soft KD Loss: 8.0744 | Hard Loss: 1.0151 | Total Loss: 4.5447 | LR: 0.000200
Epoch 14/100 | Batch 200/2366 | Soft KD Loss: 7.9850 | Hard Loss: 1.0602 | Total Loss: 4.5226 | LR: 0.000200
Epoch 14/100 | Batch 400/2366 | Soft KD Loss: 8.2349 | Hard Loss: 1.0395 | Total Loss: 4.6372 | LR: 0.000200
Epoch 14/100 | Batch 600/2366 | Soft KD Loss: 7.8975 | Hard Loss: 1.0511 | Total Loss: 4.4743 | LR: 0.000200
Epoch 14/100 | Batch 800/2366 | Soft KD Loss: 8.2084 | Hard Loss: 0.9798 | Total Loss: 4.5941 | LR: 0.000200
Epoch 14/100 | Batch 1000/2366 | Soft KD Loss: 8.4013 | Hard Loss: 1.0667 | Total Loss: 4.7340 | LR: 0.000200
Epoch 14/100 | Batch 1200/2366 | Soft KD Loss: 8.0727 | Hard Loss: 1.0268 | Total Loss: 4.5498 | LR: 0.000200
Epoch 14/100 | Batch 1400/2366 | Soft KD Loss: 7.9858 | Hard Loss: 1.0436 | Total Loss: 4.5147 | LR: 0.000200
Epoch 14/100 | Batch 1600/2366 | Soft KD Loss: 8.1081 | Hard Loss: 1.0129 | Total Loss: 4.5605 | LR: 0.000200
Epoch 14/100 | Batch 1800/2366 | Soft KD Loss: 8.1689 | Hard Loss: 1.0695 | Total Loss: 4.6192 | LR: 0.000200
Epoch 14/100 | Batch 2000/2366 | Soft KD Loss: 8.0098 | Hard Loss: 1.1032 | Total Loss: 4.5565 | LR: 0.000200
Epoch 14/100 | Batch 2200/2366 | Soft KD Loss: 8.1092 | Hard Loss: 0.9613 | Total Loss: 4.5352 | LR: 0.000200
====> Epoch 14 Average KD Loss: 4.5565 | LR: 0.000200
Epoch 15/100 | Batch 0/2366 | Soft KD Loss: 7.9483 | Hard Loss: 1.0394 | Total Loss: 4.4939 | LR: 0.000200
Epoch 15/100 | Batch 200/2366 | Soft KD Loss: 8.1140 | Hard Loss: 1.0495 | Total Loss: 4.5817 | LR: 0.000200
Epoch 15/100 | Batch 400/2366 | Soft KD Loss: 7.9034 | Hard Loss: 1.1693 | Total Loss: 4.5364 | LR: 0.000200
Epoch 15/100 | Batch 600/2366 | Soft KD Loss: 7.8938 | Hard Loss: 1.1226 | Total Loss: 4.5082 | LR: 0.000200
Epoch 15/100 | Batch 800/2366 | Soft KD Loss: 7.9115 | Hard Loss: 1.0541 | Total Loss: 4.4828 | LR: 0.000200
Epoch 15/100 | Batch 1000/2366 | Soft KD Loss: 8.1791 | Hard Loss: 1.0332 | Total Loss: 4.6062 | LR: 0.000200
Epoch 15/100 | Batch 1200/2366 | Soft KD Loss: 7.9293 | Hard Loss: 1.1157 | Total Loss: 4.5225 | LR: 0.000200
Epoch 15/100 | Batch 1400/2366 | Soft KD Loss: 7.8856 | Hard Loss: 1.1677 | Total Loss: 4.5266 | LR: 0.000200
Epoch 15/100 | Batch 1600/2366 | Soft KD Loss: 7.9480 | Hard Loss: 1.0779 | Total Loss: 4.5130 | LR: 0.000200
Epoch 15/100 | Batch 1800/2366 | Soft KD Loss: 8.0360 | Hard Loss: 1.0491 | Total Loss: 4.5426 | LR: 0.000200
Epoch 15/100 | Batch 2000/2366 | Soft KD Loss: 7.7805 | Hard Loss: 1.1677 | Total Loss: 4.4741 | LR: 0.000200
Epoch 15/100 | Batch 2200/2366 | Soft KD Loss: 8.1524 | Hard Loss: 1.1105 | Total Loss: 4.6314 | LR: 0.000200
====> Epoch 15 Average KD Loss: 4.5462 | LR: 0.000200
Epoch 16/100 | Batch 0/2366 | Soft KD Loss: 8.1715 | Hard Loss: 1.0429 | Total Loss: 4.6072 | LR: 0.000200
Epoch 16/100 | Batch 200/2366 | Soft KD Loss: 7.8489 | Hard Loss: 1.1699 | Total Loss: 4.5094 | LR: 0.000200
Epoch 16/100 | Batch 400/2366 | Soft KD Loss: 7.9262 | Hard Loss: 1.1026 | Total Loss: 4.5144 | LR: 0.000200
Epoch 16/100 | Batch 600/2366 | Soft KD Loss: 8.0996 | Hard Loss: 1.2172 | Total Loss: 4.6584 | LR: 0.000200
Epoch 16/100 | Batch 800/2366 | Soft KD Loss: 8.0935 | Hard Loss: 1.1233 | Total Loss: 4.6084 | LR: 0.000200
Epoch 16/100 | Batch 1000/2366 | Soft KD Loss: 7.9329 | Hard Loss: 0.9442 | Total Loss: 4.4386 | LR: 0.000200
Epoch 16/100 | Batch 1200/2366 | Soft KD Loss: 8.0180 | Hard Loss: 1.1590 | Total Loss: 4.5885 | LR: 0.000200
Epoch 16/100 | Batch 1400/2366 | Soft KD Loss: 8.1873 | Hard Loss: 1.0948 | Total Loss: 4.6411 | LR: 0.000200
Epoch 16/100 | Batch 1600/2366 | Soft KD Loss: 7.9038 | Hard Loss: 1.0750 | Total Loss: 4.4894 | LR: 0.000200
Epoch 16/100 | Batch 1800/2366 | Soft KD Loss: 7.8629 | Hard Loss: 1.1205 | Total Loss: 4.4917 | LR: 0.000200
Epoch 16/100 | Batch 2000/2366 | Soft KD Loss: 7.9800 | Hard Loss: 1.0781 | Total Loss: 4.5291 | LR: 0.000200
Epoch 16/100 | Batch 2200/2366 | Soft KD Loss: 8.0736 | Hard Loss: 1.2533 | Total Loss: 4.6635 | LR: 0.000200
====> Epoch 16 Average KD Loss: 4.5372 | LR: 0.000200
Epoch 17/100 | Batch 0/2366 | Soft KD Loss: 7.9601 | Hard Loss: 1.0832 | Total Loss: 4.5217 | LR: 0.000200
Epoch 17/100 | Batch 200/2366 | Soft KD Loss: 8.0214 | Hard Loss: 1.1255 | Total Loss: 4.5734 | LR: 0.000200
Epoch 17/100 | Batch 400/2366 | Soft KD Loss: 8.1086 | Hard Loss: 0.9672 | Total Loss: 4.5379 | LR: 0.000200
Epoch 17/100 | Batch 600/2366 | Soft KD Loss: 8.0179 | Hard Loss: 1.0341 | Total Loss: 4.5260 | LR: 0.000200
Epoch 17/100 | Batch 800/2366 | Soft KD Loss: 7.9185 | Hard Loss: 1.1031 | Total Loss: 4.5108 | LR: 0.000200
Epoch 17/100 | Batch 1000/2366 | Soft KD Loss: 8.0662 | Hard Loss: 1.0609 | Total Loss: 4.5635 | LR: 0.000200
Epoch 17/100 | Batch 1200/2366 | Soft KD Loss: 7.8655 | Hard Loss: 1.2248 | Total Loss: 4.5452 | LR: 0.000200
Epoch 17/100 | Batch 1400/2366 | Soft KD Loss: 7.9524 | Hard Loss: 1.3315 | Total Loss: 4.6420 | LR: 0.000200
Epoch 17/100 | Batch 1600/2366 | Soft KD Loss: 8.0615 | Hard Loss: 1.1828 | Total Loss: 4.6221 | LR: 0.000200
Epoch 17/100 | Batch 1800/2366 | Soft KD Loss: 7.8849 | Hard Loss: 1.0705 | Total Loss: 4.4777 | LR: 0.000200
Epoch 17/100 | Batch 2000/2366 | Soft KD Loss: 7.9669 | Hard Loss: 1.0729 | Total Loss: 4.5199 | LR: 0.000200
Epoch 17/100 | Batch 2200/2366 | Soft KD Loss: 7.8302 | Hard Loss: 1.1595 | Total Loss: 4.4949 | LR: 0.000200
====> Epoch 17 Average KD Loss: 4.5282 | LR: 0.000200
Epoch 18/100 | Batch 0/2366 | Soft KD Loss: 7.8324 | Hard Loss: 1.1618 | Total Loss: 4.4971 | LR: 0.000200
Epoch 18/100 | Batch 200/2366 | Soft KD Loss: 7.8620 | Hard Loss: 1.0307 | Total Loss: 4.4463 | LR: 0.000200
Epoch 18/100 | Batch 400/2366 | Soft KD Loss: 7.8113 | Hard Loss: 1.1295 | Total Loss: 4.4704 | LR: 0.000200
Epoch 18/100 | Batch 600/2366 | Soft KD Loss: 7.9699 | Hard Loss: 0.9924 | Total Loss: 4.4811 | LR: 0.000200
Epoch 18/100 | Batch 800/2366 | Soft KD Loss: 7.7396 | Hard Loss: 1.1271 | Total Loss: 4.4334 | LR: 0.000200
Epoch 18/100 | Batch 1000/2366 | Soft KD Loss: 7.8840 | Hard Loss: 0.9540 | Total Loss: 4.4190 | LR: 0.000200
Epoch 18/100 | Batch 1200/2366 | Soft KD Loss: 8.0342 | Hard Loss: 1.0489 | Total Loss: 4.5416 | LR: 0.000200
Epoch 18/100 | Batch 1400/2366 | Soft KD Loss: 7.9487 | Hard Loss: 1.0429 | Total Loss: 4.4958 | LR: 0.000200
Epoch 18/100 | Batch 1600/2366 | Soft KD Loss: 7.9641 | Hard Loss: 1.2039 | Total Loss: 4.5840 | LR: 0.000200
Epoch 18/100 | Batch 1800/2366 | Soft KD Loss: 8.0662 | Hard Loss: 1.1638 | Total Loss: 4.6150 | LR: 0.000200
Epoch 18/100 | Batch 2000/2366 | Soft KD Loss: 7.9701 | Hard Loss: 1.2134 | Total Loss: 4.5918 | LR: 0.000200
Epoch 18/100 | Batch 2200/2366 | Soft KD Loss: 7.9822 | Hard Loss: 1.1300 | Total Loss: 4.5561 | LR: 0.000200
====> Epoch 18 Average KD Loss: 4.5201 | LR: 0.000200
Epoch 19/100 | Batch 0/2366 | Soft KD Loss: 7.9944 | Hard Loss: 1.0626 | Total Loss: 4.5285 | LR: 0.000200
Epoch 19/100 | Batch 200/2366 | Soft KD Loss: 8.1372 | Hard Loss: 1.0244 | Total Loss: 4.5808 | LR: 0.000200
Epoch 19/100 | Batch 400/2366 | Soft KD Loss: 7.9524 | Hard Loss: 1.2252 | Total Loss: 4.5888 | LR: 0.000200
Epoch 19/100 | Batch 600/2366 | Soft KD Loss: 7.8814 | Hard Loss: 1.0515 | Total Loss: 4.4664 | LR: 0.000200
Epoch 19/100 | Batch 800/2366 | Soft KD Loss: 7.9514 | Hard Loss: 1.1092 | Total Loss: 4.5303 | LR: 0.000200
Epoch 19/100 | Batch 1000/2366 | Soft KD Loss: 7.8685 | Hard Loss: 1.1776 | Total Loss: 4.5231 | LR: 0.000200
Epoch 19/100 | Batch 1200/2366 | Soft KD Loss: 7.7508 | Hard Loss: 1.1207 | Total Loss: 4.4358 | LR: 0.000200
Epoch 19/100 | Batch 1400/2366 | Soft KD Loss: 7.9666 | Hard Loss: 1.0633 | Total Loss: 4.5150 | LR: 0.000200
Epoch 19/100 | Batch 1600/2366 | Soft KD Loss: 7.8258 | Hard Loss: 1.1871 | Total Loss: 4.5064 | LR: 0.000200
Epoch 19/100 | Batch 1800/2366 | Soft KD Loss: 7.9333 | Hard Loss: 0.9952 | Total Loss: 4.4642 | LR: 0.000200
Epoch 19/100 | Batch 2000/2366 | Soft KD Loss: 7.9312 | Hard Loss: 0.9862 | Total Loss: 4.4587 | LR: 0.000200
Epoch 19/100 | Batch 2200/2366 | Soft KD Loss: 7.9174 | Hard Loss: 1.0785 | Total Loss: 4.4980 | LR: 0.000200
====> Epoch 19 Average KD Loss: 4.5119 | LR: 0.000200
Epoch 20/100 | Batch 0/2366 | Soft KD Loss: 7.8751 | Hard Loss: 1.0949 | Total Loss: 4.4850 | LR: 0.000200
Epoch 20/100 | Batch 200/2366 | Soft KD Loss: 7.7515 | Hard Loss: 0.9906 | Total Loss: 4.3710 | LR: 0.000200
Epoch 20/100 | Batch 400/2366 | Soft KD Loss: 7.6982 | Hard Loss: 1.1176 | Total Loss: 4.4079 | LR: 0.000200
Epoch 20/100 | Batch 600/2366 | Soft KD Loss: 7.8204 | Hard Loss: 1.0558 | Total Loss: 4.4381 | LR: 0.000200
Epoch 20/100 | Batch 800/2366 | Soft KD Loss: 8.0525 | Hard Loss: 0.9580 | Total Loss: 4.5052 | LR: 0.000200
Epoch 20/100 | Batch 1000/2366 | Soft KD Loss: 8.0500 | Hard Loss: 1.0788 | Total Loss: 4.5644 | LR: 0.000200
Epoch 20/100 | Batch 1200/2366 | Soft KD Loss: 7.9320 | Hard Loss: 1.1223 | Total Loss: 4.5272 | LR: 0.000200
Epoch 20/100 | Batch 1400/2366 | Soft KD Loss: 7.9576 | Hard Loss: 1.2172 | Total Loss: 4.5874 | LR: 0.000200
Epoch 20/100 | Batch 1600/2366 | Soft KD Loss: 7.8673 | Hard Loss: 1.0959 | Total Loss: 4.4816 | LR: 0.000200
Epoch 20/100 | Batch 1800/2366 | Soft KD Loss: 8.0487 | Hard Loss: 1.0425 | Total Loss: 4.5456 | LR: 0.000200
Epoch 20/100 | Batch 2000/2366 | Soft KD Loss: 7.9800 | Hard Loss: 1.1366 | Total Loss: 4.5583 | LR: 0.000200
Epoch 20/100 | Batch 2200/2366 | Soft KD Loss: 7.9891 | Hard Loss: 1.1084 | Total Loss: 4.5487 | LR: 0.000200
====> Epoch 20 Average KD Loss: 4.5030 | LR: 0.000200
Epoch 21/100 | Batch 0/2366 | Soft KD Loss: 7.8712 | Hard Loss: 1.0100 | Total Loss: 4.4406 | LR: 0.000200
Epoch 21/100 | Batch 200/2366 | Soft KD Loss: 7.8267 | Hard Loss: 1.1661 | Total Loss: 4.4964 | LR: 0.000200
Epoch 21/100 | Batch 400/2366 | Soft KD Loss: 7.9078 | Hard Loss: 1.0195 | Total Loss: 4.4636 | LR: 0.000200
Epoch 21/100 | Batch 600/2366 | Soft KD Loss: 7.8433 | Hard Loss: 1.1671 | Total Loss: 4.5052 | LR: 0.000200
Epoch 21/100 | Batch 800/2366 | Soft KD Loss: 7.9277 | Hard Loss: 1.2046 | Total Loss: 4.5661 | LR: 0.000200
Epoch 21/100 | Batch 1000/2366 | Soft KD Loss: 7.7921 | Hard Loss: 0.9300 | Total Loss: 4.3610 | LR: 0.000200
Epoch 21/100 | Batch 1200/2366 | Soft KD Loss: 7.7375 | Hard Loss: 1.0028 | Total Loss: 4.3701 | LR: 0.000200
Epoch 21/100 | Batch 1400/2366 | Soft KD Loss: 8.0435 | Hard Loss: 1.0352 | Total Loss: 4.5394 | LR: 0.000200
Epoch 21/100 | Batch 1600/2366 | Soft KD Loss: 7.7521 | Hard Loss: 1.1781 | Total Loss: 4.4651 | LR: 0.000200
Epoch 21/100 | Batch 1800/2366 | Soft KD Loss: 7.7232 | Hard Loss: 1.2656 | Total Loss: 4.4944 | LR: 0.000200
Epoch 21/100 | Batch 2000/2366 | Soft KD Loss: 7.9398 | Hard Loss: 1.0480 | Total Loss: 4.4939 | LR: 0.000200
Epoch 21/100 | Batch 2200/2366 | Soft KD Loss: 7.7327 | Hard Loss: 1.1329 | Total Loss: 4.4328 | LR: 0.000200
====> Epoch 21 Average KD Loss: 4.4968 | LR: 0.000200
Epoch 22/100 | Batch 0/2366 | Soft KD Loss: 7.9461 | Hard Loss: 1.0691 | Total Loss: 4.5076 | LR: 0.000200
Epoch 22/100 | Batch 200/2366 | Soft KD Loss: 7.8503 | Hard Loss: 1.1083 | Total Loss: 4.4793 | LR: 0.000200
Epoch 22/100 | Batch 400/2366 | Soft KD Loss: 7.9469 | Hard Loss: 1.2404 | Total Loss: 4.5936 | LR: 0.000200
Epoch 22/100 | Batch 600/2366 | Soft KD Loss: 7.6427 | Hard Loss: 1.0270 | Total Loss: 4.3348 | LR: 0.000200
Epoch 22/100 | Batch 800/2366 | Soft KD Loss: 7.7436 | Hard Loss: 0.9997 | Total Loss: 4.3717 | LR: 0.000200
Epoch 22/100 | Batch 1000/2366 | Soft KD Loss: 7.7566 | Hard Loss: 1.1435 | Total Loss: 4.4500 | LR: 0.000200
Epoch 22/100 | Batch 1200/2366 | Soft KD Loss: 7.9294 | Hard Loss: 1.0635 | Total Loss: 4.4964 | LR: 0.000200
Epoch 22/100 | Batch 1400/2366 | Soft KD Loss: 7.9666 | Hard Loss: 0.9897 | Total Loss: 4.4782 | LR: 0.000200
Epoch 22/100 | Batch 1600/2366 | Soft KD Loss: 7.8386 | Hard Loss: 1.0512 | Total Loss: 4.4449 | LR: 0.000200
Epoch 22/100 | Batch 1800/2366 | Soft KD Loss: 7.7074 | Hard Loss: 1.2225 | Total Loss: 4.4650 | LR: 0.000200
Epoch 22/100 | Batch 2000/2366 | Soft KD Loss: 7.9704 | Hard Loss: 1.2052 | Total Loss: 4.5878 | LR: 0.000200
Epoch 22/100 | Batch 2200/2366 | Soft KD Loss: 7.9217 | Hard Loss: 1.0688 | Total Loss: 4.4953 | LR: 0.000200
====> Epoch 22 Average KD Loss: 4.4894 | LR: 0.000200
Epoch 23/100 | Batch 0/2366 | Soft KD Loss: 7.6976 | Hard Loss: 1.0886 | Total Loss: 4.3931 | LR: 0.000200
Epoch 23/100 | Batch 200/2366 | Soft KD Loss: 7.9122 | Hard Loss: 1.0806 | Total Loss: 4.4964 | LR: 0.000200
Epoch 23/100 | Batch 400/2366 | Soft KD Loss: 7.7061 | Hard Loss: 1.1148 | Total Loss: 4.4104 | LR: 0.000200
Epoch 23/100 | Batch 600/2366 | Soft KD Loss: 8.0438 | Hard Loss: 1.1892 | Total Loss: 4.6165 | LR: 0.000200
Epoch 23/100 | Batch 800/2366 | Soft KD Loss: 7.6900 | Hard Loss: 1.1235 | Total Loss: 4.4068 | LR: 0.000200
Epoch 23/100 | Batch 1000/2366 | Soft KD Loss: 7.7414 | Hard Loss: 1.2253 | Total Loss: 4.4834 | LR: 0.000200
Epoch 23/100 | Batch 1200/2366 | Soft KD Loss: 7.9946 | Hard Loss: 1.2135 | Total Loss: 4.6040 | LR: 0.000200
Epoch 23/100 | Batch 1400/2366 | Soft KD Loss: 7.9297 | Hard Loss: 1.1333 | Total Loss: 4.5315 | LR: 0.000200
Epoch 23/100 | Batch 1600/2366 | Soft KD Loss: 7.9111 | Hard Loss: 1.2791 | Total Loss: 4.5951 | LR: 0.000200
Epoch 23/100 | Batch 1800/2366 | Soft KD Loss: 7.9773 | Hard Loss: 0.9798 | Total Loss: 4.4785 | LR: 0.000200
Epoch 23/100 | Batch 2000/2366 | Soft KD Loss: 8.0801 | Hard Loss: 1.1226 | Total Loss: 4.6013 | LR: 0.000200
Epoch 23/100 | Batch 2200/2366 | Soft KD Loss: 8.1143 | Hard Loss: 1.0556 | Total Loss: 4.5849 | LR: 0.000200
====> Epoch 23 Average KD Loss: 4.4842 | LR: 0.000200
Epoch 24/100 | Batch 0/2366 | Soft KD Loss: 7.9702 | Hard Loss: 1.0922 | Total Loss: 4.5312 | LR: 0.000200
Epoch 24/100 | Batch 200/2366 | Soft KD Loss: 7.7224 | Hard Loss: 1.0625 | Total Loss: 4.3925 | LR: 0.000200
Epoch 24/100 | Batch 400/2366 | Soft KD Loss: 7.7986 | Hard Loss: 1.0812 | Total Loss: 4.4399 | LR: 0.000200
Epoch 24/100 | Batch 600/2366 | Soft KD Loss: 7.7809 | Hard Loss: 1.2316 | Total Loss: 4.5063 | LR: 0.000200
Epoch 24/100 | Batch 800/2366 | Soft KD Loss: 7.7620 | Hard Loss: 1.0920 | Total Loss: 4.4270 | LR: 0.000200
Epoch 24/100 | Batch 1000/2366 | Soft KD Loss: 7.7457 | Hard Loss: 1.1939 | Total Loss: 4.4698 | LR: 0.000200
Epoch 24/100 | Batch 1200/2366 | Soft KD Loss: 7.8683 | Hard Loss: 1.1233 | Total Loss: 4.4958 | LR: 0.000200
Epoch 24/100 | Batch 1400/2366 | Soft KD Loss: 7.8885 | Hard Loss: 1.0550 | Total Loss: 4.4717 | LR: 0.000200
Epoch 24/100 | Batch 1600/2366 | Soft KD Loss: 8.0064 | Hard Loss: 1.0475 | Total Loss: 4.5269 | LR: 0.000200
Epoch 24/100 | Batch 1800/2366 | Soft KD Loss: 7.9426 | Hard Loss: 1.2125 | Total Loss: 4.5775 | LR: 0.000200
Epoch 24/100 | Batch 2000/2366 | Soft KD Loss: 7.7206 | Hard Loss: 1.0863 | Total Loss: 4.4035 | LR: 0.000200
Epoch 24/100 | Batch 2200/2366 | Soft KD Loss: 7.7645 | Hard Loss: 1.1282 | Total Loss: 4.4464 | LR: 0.000200
====> Epoch 24 Average KD Loss: 4.4762 | LR: 0.000200
Epoch 25/100 | Batch 0/2366 | Soft KD Loss: 7.9577 | Hard Loss: 1.0396 | Total Loss: 4.4986 | LR: 0.000200
Epoch 25/100 | Batch 200/2366 | Soft KD Loss: 7.9112 | Hard Loss: 0.9949 | Total Loss: 4.4530 | LR: 0.000200
Epoch 25/100 | Batch 400/2366 | Soft KD Loss: 8.3518 | Hard Loss: 1.1088 | Total Loss: 4.7303 | LR: 0.000200
Epoch 25/100 | Batch 600/2366 | Soft KD Loss: 7.9391 | Hard Loss: 1.2233 | Total Loss: 4.5812 | LR: 0.000200
Epoch 25/100 | Batch 800/2366 | Soft KD Loss: 7.9485 | Hard Loss: 1.1310 | Total Loss: 4.5398 | LR: 0.000200
Epoch 25/100 | Batch 1000/2366 | Soft KD Loss: 7.9363 | Hard Loss: 1.0178 | Total Loss: 4.4770 | LR: 0.000200
Epoch 25/100 | Batch 1200/2366 | Soft KD Loss: 7.7673 | Hard Loss: 1.1325 | Total Loss: 4.4499 | LR: 0.000200
Epoch 25/100 | Batch 1400/2366 | Soft KD Loss: 7.5969 | Hard Loss: 1.1935 | Total Loss: 4.3952 | LR: 0.000200
Epoch 25/100 | Batch 1600/2366 | Soft KD Loss: 7.7862 | Hard Loss: 1.1647 | Total Loss: 4.4755 | LR: 0.000200
Epoch 25/100 | Batch 1800/2366 | Soft KD Loss: 7.6973 | Hard Loss: 1.0310 | Total Loss: 4.3642 | LR: 0.000200
Epoch 25/100 | Batch 2000/2366 | Soft KD Loss: 7.8752 | Hard Loss: 1.2003 | Total Loss: 4.5378 | LR: 0.000200
Epoch 25/100 | Batch 2200/2366 | Soft KD Loss: 7.9090 | Hard Loss: 0.9072 | Total Loss: 4.4081 | LR: 0.000200
====> Epoch 25 Average KD Loss: 4.4710 | LR: 0.000200
Epoch 26/100 | Batch 0/2366 | Soft KD Loss: 8.0173 | Hard Loss: 1.0805 | Total Loss: 4.5489 | LR: 0.000200
Epoch 26/100 | Batch 200/2366 | Soft KD Loss: 7.9894 | Hard Loss: 1.1814 | Total Loss: 4.5854 | LR: 0.000200
Epoch 26/100 | Batch 400/2366 | Soft KD Loss: 7.7446 | Hard Loss: 1.1560 | Total Loss: 4.4503 | LR: 0.000200
Epoch 26/100 | Batch 600/2366 | Soft KD Loss: 7.7711 | Hard Loss: 1.1728 | Total Loss: 4.4719 | LR: 0.000200
Epoch 26/100 | Batch 800/2366 | Soft KD Loss: 7.7992 | Hard Loss: 1.2237 | Total Loss: 4.5115 | LR: 0.000200
Epoch 26/100 | Batch 1000/2366 | Soft KD Loss: 7.7820 | Hard Loss: 1.1223 | Total Loss: 4.4522 | LR: 0.000200
Epoch 26/100 | Batch 1200/2366 | Soft KD Loss: 7.7962 | Hard Loss: 1.0686 | Total Loss: 4.4324 | LR: 0.000200
Epoch 26/100 | Batch 1400/2366 | Soft KD Loss: 7.7986 | Hard Loss: 1.1331 | Total Loss: 4.4658 | LR: 0.000200
Epoch 26/100 | Batch 1600/2366 | Soft KD Loss: 7.9534 | Hard Loss: 1.1155 | Total Loss: 4.5345 | LR: 0.000200
Epoch 26/100 | Batch 1800/2366 | Soft KD Loss: 7.9973 | Hard Loss: 0.9848 | Total Loss: 4.4911 | LR: 0.000200
Epoch 26/100 | Batch 2000/2366 | Soft KD Loss: 7.8429 | Hard Loss: 1.0397 | Total Loss: 4.4413 | LR: 0.000200
Epoch 26/100 | Batch 2200/2366 | Soft KD Loss: 8.2569 | Hard Loss: 1.1438 | Total Loss: 4.7003 | LR: 0.000200
====> Epoch 26 Average KD Loss: 4.4657 | LR: 0.000200
Epoch 27/100 | Batch 0/2366 | Soft KD Loss: 7.8740 | Hard Loss: 1.1189 | Total Loss: 4.4965 | LR: 0.000200
Epoch 27/100 | Batch 200/2366 | Soft KD Loss: 7.8577 | Hard Loss: 1.0877 | Total Loss: 4.4727 | LR: 0.000200
Epoch 27/100 | Batch 400/2366 | Soft KD Loss: 7.7303 | Hard Loss: 1.0638 | Total Loss: 4.3971 | LR: 0.000200
Epoch 27/100 | Batch 600/2366 | Soft KD Loss: 7.8740 | Hard Loss: 1.0700 | Total Loss: 4.4720 | LR: 0.000200
Epoch 27/100 | Batch 800/2366 | Soft KD Loss: 7.7251 | Hard Loss: 1.1800 | Total Loss: 4.4526 | LR: 0.000200
Epoch 27/100 | Batch 1000/2366 | Soft KD Loss: 7.7534 | Hard Loss: 1.0693 | Total Loss: 4.4114 | LR: 0.000200
Epoch 27/100 | Batch 1200/2366 | Soft KD Loss: 7.8753 | Hard Loss: 1.1905 | Total Loss: 4.5329 | LR: 0.000200
Epoch 27/100 | Batch 1400/2366 | Soft KD Loss: 7.7210 | Hard Loss: 1.1041 | Total Loss: 4.4126 | LR: 0.000200
Epoch 27/100 | Batch 1600/2366 | Soft KD Loss: 8.1035 | Hard Loss: 1.0466 | Total Loss: 4.5751 | LR: 0.000200
Epoch 27/100 | Batch 1800/2366 | Soft KD Loss: 7.8672 | Hard Loss: 1.1038 | Total Loss: 4.4855 | LR: 0.000200
Epoch 27/100 | Batch 2000/2366 | Soft KD Loss: 7.9409 | Hard Loss: 1.1034 | Total Loss: 4.5222 | LR: 0.000200
Epoch 27/100 | Batch 2200/2366 | Soft KD Loss: 7.8409 | Hard Loss: 1.1291 | Total Loss: 4.4850 | LR: 0.000200
====> Epoch 27 Average KD Loss: 4.4585 | LR: 0.000200
Epoch 28/100 | Batch 0/2366 | Soft KD Loss: 7.8107 | Hard Loss: 1.0260 | Total Loss: 4.4184 | LR: 0.000200
Epoch 28/100 | Batch 200/2366 | Soft KD Loss: 7.5807 | Hard Loss: 0.9484 | Total Loss: 4.2646 | LR: 0.000200
Epoch 28/100 | Batch 400/2366 | Soft KD Loss: 7.9388 | Hard Loss: 1.1039 | Total Loss: 4.5213 | LR: 0.000200
Epoch 28/100 | Batch 600/2366 | Soft KD Loss: 7.6842 | Hard Loss: 1.0775 | Total Loss: 4.3809 | LR: 0.000200
Epoch 28/100 | Batch 800/2366 | Soft KD Loss: 7.7973 | Hard Loss: 1.0748 | Total Loss: 4.4360 | LR: 0.000200
Epoch 28/100 | Batch 1000/2366 | Soft KD Loss: 7.7488 | Hard Loss: 1.1334 | Total Loss: 4.4411 | LR: 0.000200
Epoch 28/100 | Batch 1200/2366 | Soft KD Loss: 7.9468 | Hard Loss: 1.2532 | Total Loss: 4.6000 | LR: 0.000200
Epoch 28/100 | Batch 1400/2366 | Soft KD Loss: 7.7053 | Hard Loss: 0.9875 | Total Loss: 4.3464 | LR: 0.000200
Epoch 28/100 | Batch 1600/2366 | Soft KD Loss: 7.8702 | Hard Loss: 1.1482 | Total Loss: 4.5092 | LR: 0.000200
Epoch 28/100 | Batch 1800/2366 | Soft KD Loss: 7.8060 | Hard Loss: 1.1464 | Total Loss: 4.4762 | LR: 0.000200
Epoch 28/100 | Batch 2000/2366 | Soft KD Loss: 7.9539 | Hard Loss: 1.2431 | Total Loss: 4.5985 | LR: 0.000200
Epoch 28/100 | Batch 2200/2366 | Soft KD Loss: 7.7218 | Hard Loss: 1.1572 | Total Loss: 4.4395 | LR: 0.000200
====> Epoch 28 Average KD Loss: 4.4543 | LR: 0.000200
Epoch 29/100 | Batch 0/2366 | Soft KD Loss: 7.7606 | Hard Loss: 0.9948 | Total Loss: 4.3777 | LR: 0.000200
Epoch 29/100 | Batch 200/2366 | Soft KD Loss: 7.5778 | Hard Loss: 1.0302 | Total Loss: 4.3040 | LR: 0.000200
Epoch 29/100 | Batch 400/2366 | Soft KD Loss: 7.6723 | Hard Loss: 1.1162 | Total Loss: 4.3943 | LR: 0.000200
Epoch 29/100 | Batch 600/2366 | Soft KD Loss: 7.8004 | Hard Loss: 1.0816 | Total Loss: 4.4410 | LR: 0.000200
Epoch 29/100 | Batch 800/2366 | Soft KD Loss: 7.6828 | Hard Loss: 1.0945 | Total Loss: 4.3887 | LR: 0.000200
Epoch 29/100 | Batch 1000/2366 | Soft KD Loss: 7.7266 | Hard Loss: 1.0615 | Total Loss: 4.3940 | LR: 0.000200
Epoch 29/100 | Batch 1200/2366 | Soft KD Loss: 7.8499 | Hard Loss: 1.0465 | Total Loss: 4.4482 | LR: 0.000200
Epoch 29/100 | Batch 1400/2366 | Soft KD Loss: 7.7897 | Hard Loss: 0.9551 | Total Loss: 4.3724 | LR: 0.000200
Epoch 29/100 | Batch 1600/2366 | Soft KD Loss: 7.7178 | Hard Loss: 1.1771 | Total Loss: 4.4474 | LR: 0.000200
Epoch 29/100 | Batch 1800/2366 | Soft KD Loss: 7.7833 | Hard Loss: 1.1233 | Total Loss: 4.4533 | LR: 0.000200
Epoch 29/100 | Batch 2000/2366 | Soft KD Loss: 7.9092 | Hard Loss: 1.0498 | Total Loss: 4.4795 | LR: 0.000200
Epoch 29/100 | Batch 2200/2366 | Soft KD Loss: 7.7794 | Hard Loss: 1.0265 | Total Loss: 4.4029 | LR: 0.000200
====> Epoch 29 Average KD Loss: 4.4473 | LR: 0.000200
Epoch 30/100 | Batch 0/2366 | Soft KD Loss: 7.5380 | Hard Loss: 1.0682 | Total Loss: 4.3031 | LR: 0.000200
Epoch 30/100 | Batch 200/2366 | Soft KD Loss: 7.6357 | Hard Loss: 1.1023 | Total Loss: 4.3690 | LR: 0.000200
Epoch 30/100 | Batch 400/2366 | Soft KD Loss: 7.6992 | Hard Loss: 0.9665 | Total Loss: 4.3329 | LR: 0.000200
Epoch 30/100 | Batch 600/2366 | Soft KD Loss: 7.9541 | Hard Loss: 1.0628 | Total Loss: 4.5084 | LR: 0.000200
Epoch 30/100 | Batch 800/2366 | Soft KD Loss: 7.9181 | Hard Loss: 0.9396 | Total Loss: 4.4288 | LR: 0.000200
Epoch 30/100 | Batch 1000/2366 | Soft KD Loss: 7.6348 | Hard Loss: 1.1345 | Total Loss: 4.3846 | LR: 0.000200
Epoch 30/100 | Batch 1200/2366 | Soft KD Loss: 7.6895 | Hard Loss: 1.0406 | Total Loss: 4.3650 | LR: 0.000200
Epoch 30/100 | Batch 1400/2366 | Soft KD Loss: 7.7675 | Hard Loss: 0.9730 | Total Loss: 4.3703 | LR: 0.000200
Epoch 30/100 | Batch 1600/2366 | Soft KD Loss: 7.8063 | Hard Loss: 1.0011 | Total Loss: 4.4037 | LR: 0.000200
Epoch 30/100 | Batch 1800/2366 | Soft KD Loss: 7.6159 | Hard Loss: 1.0986 | Total Loss: 4.3573 | LR: 0.000200
Epoch 30/100 | Batch 2000/2366 | Soft KD Loss: 7.9785 | Hard Loss: 1.1128 | Total Loss: 4.5456 | LR: 0.000200
Epoch 30/100 | Batch 2200/2366 | Soft KD Loss: 7.8754 | Hard Loss: 1.0571 | Total Loss: 4.4663 | LR: 0.000200
====> Epoch 30 Average KD Loss: 4.4444 | LR: 0.000200
Epoch 31/100 | Batch 0/2366 | Soft KD Loss: 7.7356 | Hard Loss: 1.0750 | Total Loss: 4.4053 | LR: 0.000200
Epoch 31/100 | Batch 200/2366 | Soft KD Loss: 8.0246 | Hard Loss: 1.2537 | Total Loss: 4.6392 | LR: 0.000200
Epoch 31/100 | Batch 400/2366 | Soft KD Loss: 7.6948 | Hard Loss: 1.1079 | Total Loss: 4.4014 | LR: 0.000200
Epoch 31/100 | Batch 600/2366 | Soft KD Loss: 7.8892 | Hard Loss: 1.2087 | Total Loss: 4.5489 | LR: 0.000200
Epoch 31/100 | Batch 800/2366 | Soft KD Loss: 7.8177 | Hard Loss: 1.1810 | Total Loss: 4.4994 | LR: 0.000200
Epoch 31/100 | Batch 1000/2366 | Soft KD Loss: 7.7864 | Hard Loss: 1.0998 | Total Loss: 4.4431 | LR: 0.000200
Epoch 31/100 | Batch 1200/2366 | Soft KD Loss: 7.6848 | Hard Loss: 1.1781 | Total Loss: 4.4314 | LR: 0.000200
Epoch 31/100 | Batch 1400/2366 | Soft KD Loss: 7.5606 | Hard Loss: 1.0624 | Total Loss: 4.3115 | LR: 0.000200
Epoch 31/100 | Batch 1600/2366 | Soft KD Loss: 7.8240 | Hard Loss: 1.1449 | Total Loss: 4.4845 | LR: 0.000200
Epoch 31/100 | Batch 1800/2366 | Soft KD Loss: 7.8180 | Hard Loss: 1.2659 | Total Loss: 4.5419 | LR: 0.000200
Epoch 31/100 | Batch 2000/2366 | Soft KD Loss: 7.7738 | Hard Loss: 1.0020 | Total Loss: 4.3879 | LR: 0.000200
Epoch 31/100 | Batch 2200/2366 | Soft KD Loss: 7.7590 | Hard Loss: 0.9484 | Total Loss: 4.3537 | LR: 0.000200
====> Epoch 31 Average KD Loss: 4.4388 | LR: 0.000200
Epoch 32/100 | Batch 0/2366 | Soft KD Loss: 7.7234 | Hard Loss: 1.1764 | Total Loss: 4.4499 | LR: 0.000200
Epoch 32/100 | Batch 200/2366 | Soft KD Loss: 7.6079 | Hard Loss: 1.0570 | Total Loss: 4.3325 | LR: 0.000200
Epoch 32/100 | Batch 400/2366 | Soft KD Loss: 7.8751 | Hard Loss: 1.0509 | Total Loss: 4.4630 | LR: 0.000200
Epoch 32/100 | Batch 600/2366 | Soft KD Loss: 7.7828 | Hard Loss: 1.1605 | Total Loss: 4.4716 | LR: 0.000200
Epoch 32/100 | Batch 800/2366 | Soft KD Loss: 7.9017 | Hard Loss: 1.1073 | Total Loss: 4.5045 | LR: 0.000200
Epoch 32/100 | Batch 1000/2366 | Soft KD Loss: 7.7939 | Hard Loss: 1.1339 | Total Loss: 4.4639 | LR: 0.000200
Epoch 32/100 | Batch 1200/2366 | Soft KD Loss: 7.8534 | Hard Loss: 1.0802 | Total Loss: 4.4668 | LR: 0.000200
Epoch 32/100 | Batch 1400/2366 | Soft KD Loss: 7.8450 | Hard Loss: 1.1039 | Total Loss: 4.4745 | LR: 0.000200
Epoch 32/100 | Batch 1600/2366 | Soft KD Loss: 7.6783 | Hard Loss: 1.1575 | Total Loss: 4.4179 | LR: 0.000200
Epoch 32/100 | Batch 1800/2366 | Soft KD Loss: 7.6052 | Hard Loss: 1.0489 | Total Loss: 4.3271 | LR: 0.000200
Epoch 32/100 | Batch 2000/2366 | Soft KD Loss: 7.7179 | Hard Loss: 1.0413 | Total Loss: 4.3796 | LR: 0.000200
Epoch 32/100 | Batch 2200/2366 | Soft KD Loss: 7.7413 | Hard Loss: 1.1187 | Total Loss: 4.4300 | LR: 0.000200
====> Epoch 32 Average KD Loss: 4.4338 | LR: 0.000200
Epoch 33/100 | Batch 0/2366 | Soft KD Loss: 7.6182 | Hard Loss: 1.1230 | Total Loss: 4.3706 | LR: 0.000200
Epoch 33/100 | Batch 200/2366 | Soft KD Loss: 7.7275 | Hard Loss: 1.1675 | Total Loss: 4.4475 | LR: 0.000200
Epoch 33/100 | Batch 400/2366 | Soft KD Loss: 7.7965 | Hard Loss: 1.2156 | Total Loss: 4.5060 | LR: 0.000200
Epoch 33/100 | Batch 600/2366 | Soft KD Loss: 7.7020 | Hard Loss: 1.1293 | Total Loss: 4.4156 | LR: 0.000200
Epoch 33/100 | Batch 800/2366 | Soft KD Loss: 7.8244 | Hard Loss: 1.0835 | Total Loss: 4.4539 | LR: 0.000200
Epoch 33/100 | Batch 1000/2366 | Soft KD Loss: 7.7618 | Hard Loss: 1.0892 | Total Loss: 4.4255 | LR: 0.000200
Epoch 33/100 | Batch 1200/2366 | Soft KD Loss: 7.4773 | Hard Loss: 1.1195 | Total Loss: 4.2984 | LR: 0.000200
Epoch 33/100 | Batch 1400/2366 | Soft KD Loss: 7.8609 | Hard Loss: 1.0669 | Total Loss: 4.4639 | LR: 0.000200
Epoch 33/100 | Batch 1600/2366 | Soft KD Loss: 7.7957 | Hard Loss: 1.1160 | Total Loss: 4.4558 | LR: 0.000200
Epoch 33/100 | Batch 1800/2366 | Soft KD Loss: 7.7695 | Hard Loss: 1.1612 | Total Loss: 4.4654 | LR: 0.000200
Epoch 33/100 | Batch 2000/2366 | Soft KD Loss: 7.8042 | Hard Loss: 1.1357 | Total Loss: 4.4699 | LR: 0.000200
Epoch 33/100 | Batch 2200/2366 | Soft KD Loss: 7.7287 | Hard Loss: 0.9620 | Total Loss: 4.3453 | LR: 0.000200
====> Epoch 33 Average KD Loss: 4.4301 | LR: 0.000200
Epoch 34/100 | Batch 0/2366 | Soft KD Loss: 7.7501 | Hard Loss: 0.9719 | Total Loss: 4.3610 | LR: 0.000200
Epoch 34/100 | Batch 200/2366 | Soft KD Loss: 7.7534 | Hard Loss: 0.9826 | Total Loss: 4.3680 | LR: 0.000200
Epoch 34/100 | Batch 400/2366 | Soft KD Loss: 7.6935 | Hard Loss: 1.1097 | Total Loss: 4.4016 | LR: 0.000200
Epoch 34/100 | Batch 600/2366 | Soft KD Loss: 7.8038 | Hard Loss: 1.1647 | Total Loss: 4.4842 | LR: 0.000200
Epoch 34/100 | Batch 800/2366 | Soft KD Loss: 7.6625 | Hard Loss: 1.0423 | Total Loss: 4.3524 | LR: 0.000200
Epoch 34/100 | Batch 1000/2366 | Soft KD Loss: 7.6768 | Hard Loss: 1.3766 | Total Loss: 4.5267 | LR: 0.000200
Epoch 34/100 | Batch 1200/2366 | Soft KD Loss: 7.7036 | Hard Loss: 1.1457 | Total Loss: 4.4247 | LR: 0.000200
Epoch 34/100 | Batch 1400/2366 | Soft KD Loss: 7.8776 | Hard Loss: 0.9465 | Total Loss: 4.4121 | LR: 0.000200
Epoch 34/100 | Batch 1600/2366 | Soft KD Loss: 7.7989 | Hard Loss: 1.1012 | Total Loss: 4.4500 | LR: 0.000200
Epoch 34/100 | Batch 1800/2366 | Soft KD Loss: 7.7451 | Hard Loss: 1.1186 | Total Loss: 4.4318 | LR: 0.000200
Epoch 34/100 | Batch 2000/2366 | Soft KD Loss: 7.9146 | Hard Loss: 1.1885 | Total Loss: 4.5515 | LR: 0.000200
Epoch 34/100 | Batch 2200/2366 | Soft KD Loss: 7.7794 | Hard Loss: 1.1621 | Total Loss: 4.4708 | LR: 0.000200
====> Epoch 34 Average KD Loss: 4.4248 | LR: 0.000200
Epoch 35/100 | Batch 0/2366 | Soft KD Loss: 7.7238 | Hard Loss: 1.1150 | Total Loss: 4.4194 | LR: 0.000200
Epoch 35/100 | Batch 200/2366 | Soft KD Loss: 7.7302 | Hard Loss: 1.1094 | Total Loss: 4.4198 | LR: 0.000200
Epoch 35/100 | Batch 400/2366 | Soft KD Loss: 7.7442 | Hard Loss: 1.0731 | Total Loss: 4.4086 | LR: 0.000200
Epoch 35/100 | Batch 600/2366 | Soft KD Loss: 7.6546 | Hard Loss: 0.9936 | Total Loss: 4.3241 | LR: 0.000200
Epoch 35/100 | Batch 800/2366 | Soft KD Loss: 7.7631 | Hard Loss: 1.2859 | Total Loss: 4.5245 | LR: 0.000200
Epoch 35/100 | Batch 1000/2366 | Soft KD Loss: 7.6610 | Hard Loss: 1.0889 | Total Loss: 4.3750 | LR: 0.000200
Epoch 35/100 | Batch 1200/2366 | Soft KD Loss: 7.7051 | Hard Loss: 1.0513 | Total Loss: 4.3782 | LR: 0.000200
Epoch 35/100 | Batch 1400/2366 | Soft KD Loss: 7.7236 | Hard Loss: 1.0925 | Total Loss: 4.4081 | LR: 0.000200
Epoch 35/100 | Batch 1600/2366 | Soft KD Loss: 7.7340 | Hard Loss: 1.1655 | Total Loss: 4.4497 | LR: 0.000200
Epoch 35/100 | Batch 1800/2366 | Soft KD Loss: 7.7304 | Hard Loss: 1.0512 | Total Loss: 4.3908 | LR: 0.000200
Epoch 35/100 | Batch 2000/2366 | Soft KD Loss: 7.8463 | Hard Loss: 1.0720 | Total Loss: 4.4591 | LR: 0.000200
Epoch 35/100 | Batch 2200/2366 | Soft KD Loss: 7.9074 | Hard Loss: 1.0113 | Total Loss: 4.4594 | LR: 0.000200
====> Epoch 35 Average KD Loss: 4.4208 | LR: 0.000200
Epoch 36/100 | Batch 0/2366 | Soft KD Loss: 7.6542 | Hard Loss: 1.0733 | Total Loss: 4.3638 | LR: 0.000200
Epoch 36/100 | Batch 200/2366 | Soft KD Loss: 7.7073 | Hard Loss: 0.9919 | Total Loss: 4.3496 | LR: 0.000200
Epoch 36/100 | Batch 400/2366 | Soft KD Loss: 7.7553 | Hard Loss: 1.0713 | Total Loss: 4.4133 | LR: 0.000200
Epoch 36/100 | Batch 600/2366 | Soft KD Loss: 7.5590 | Hard Loss: 1.1322 | Total Loss: 4.3456 | LR: 0.000200
Epoch 36/100 | Batch 800/2366 | Soft KD Loss: 7.8067 | Hard Loss: 1.2305 | Total Loss: 4.5186 | LR: 0.000200
Epoch 36/100 | Batch 1000/2366 | Soft KD Loss: 7.7865 | Hard Loss: 1.2275 | Total Loss: 4.5070 | LR: 0.000200
Epoch 36/100 | Batch 1200/2366 | Soft KD Loss: 7.6805 | Hard Loss: 1.0452 | Total Loss: 4.3628 | LR: 0.000200
Epoch 36/100 | Batch 1400/2366 | Soft KD Loss: 7.9542 | Hard Loss: 1.2135 | Total Loss: 4.5838 | LR: 0.000200
Epoch 36/100 | Batch 1600/2366 | Soft KD Loss: 7.8386 | Hard Loss: 1.1160 | Total Loss: 4.4773 | LR: 0.000200
Epoch 36/100 | Batch 1800/2366 | Soft KD Loss: 7.7839 | Hard Loss: 1.3114 | Total Loss: 4.5476 | LR: 0.000200
Epoch 36/100 | Batch 2000/2366 | Soft KD Loss: 7.6878 | Hard Loss: 1.1420 | Total Loss: 4.4149 | LR: 0.000200
Epoch 36/100 | Batch 2200/2366 | Soft KD Loss: 7.8272 | Hard Loss: 0.9650 | Total Loss: 4.3961 | LR: 0.000200
====> Epoch 36 Average KD Loss: 4.4172 | LR: 0.000200
Epoch 37/100 | Batch 0/2366 | Soft KD Loss: 7.5949 | Hard Loss: 1.2258 | Total Loss: 4.4103 | LR: 0.000200
Epoch 37/100 | Batch 200/2366 | Soft KD Loss: 7.6826 | Hard Loss: 1.0453 | Total Loss: 4.3640 | LR: 0.000200
Epoch 37/100 | Batch 400/2366 | Soft KD Loss: 7.8190 | Hard Loss: 1.1709 | Total Loss: 4.4949 | LR: 0.000200
Epoch 37/100 | Batch 600/2366 | Soft KD Loss: 7.6711 | Hard Loss: 1.2407 | Total Loss: 4.4559 | LR: 0.000200
Epoch 37/100 | Batch 800/2366 | Soft KD Loss: 7.8637 | Hard Loss: 1.1256 | Total Loss: 4.4946 | LR: 0.000200
Epoch 37/100 | Batch 1000/2366 | Soft KD Loss: 7.8433 | Hard Loss: 1.0008 | Total Loss: 4.4220 | LR: 0.000200
Epoch 37/100 | Batch 1200/2366 | Soft KD Loss: 7.7773 | Hard Loss: 1.0160 | Total Loss: 4.3967 | LR: 0.000200
Epoch 37/100 | Batch 1400/2366 | Soft KD Loss: 7.8707 | Hard Loss: 1.1093 | Total Loss: 4.4900 | LR: 0.000200
Epoch 37/100 | Batch 1600/2366 | Soft KD Loss: 7.7011 | Hard Loss: 1.2347 | Total Loss: 4.4679 | LR: 0.000200
Epoch 37/100 | Batch 1800/2366 | Soft KD Loss: 7.7959 | Hard Loss: 1.2798 | Total Loss: 4.5379 | LR: 0.000200
Epoch 37/100 | Batch 2000/2366 | Soft KD Loss: 7.6249 | Hard Loss: 1.0980 | Total Loss: 4.3614 | LR: 0.000200
Epoch 37/100 | Batch 2200/2366 | Soft KD Loss: 7.5973 | Hard Loss: 1.1610 | Total Loss: 4.3791 | LR: 0.000200
====> Epoch 37 Average KD Loss: 4.4127 | LR: 0.000200
Epoch 38/100 | Batch 0/2366 | Soft KD Loss: 7.9255 | Hard Loss: 0.9571 | Total Loss: 4.4413 | LR: 0.000200
Epoch 38/100 | Batch 200/2366 | Soft KD Loss: 7.5333 | Hard Loss: 1.0974 | Total Loss: 4.3153 | LR: 0.000200
Epoch 38/100 | Batch 400/2366 | Soft KD Loss: 7.6658 | Hard Loss: 1.1581 | Total Loss: 4.4119 | LR: 0.000200
Epoch 38/100 | Batch 600/2366 | Soft KD Loss: 7.6861 | Hard Loss: 1.1406 | Total Loss: 4.4134 | LR: 0.000200
Epoch 38/100 | Batch 800/2366 | Soft KD Loss: 7.7901 | Hard Loss: 1.2418 | Total Loss: 4.5159 | LR: 0.000200
Epoch 38/100 | Batch 1000/2366 | Soft KD Loss: 7.7565 | Hard Loss: 1.1780 | Total Loss: 4.4673 | LR: 0.000200
Epoch 38/100 | Batch 1200/2366 | Soft KD Loss: 7.6188 | Hard Loss: 1.1216 | Total Loss: 4.3702 | LR: 0.000200
Epoch 38/100 | Batch 1400/2366 | Soft KD Loss: 7.6948 | Hard Loss: 1.0316 | Total Loss: 4.3632 | LR: 0.000200
Epoch 38/100 | Batch 1600/2366 | Soft KD Loss: 7.6414 | Hard Loss: 1.2473 | Total Loss: 4.4443 | LR: 0.000200
Epoch 38/100 | Batch 1800/2366 | Soft KD Loss: 7.7200 | Hard Loss: 1.0566 | Total Loss: 4.3883 | LR: 0.000200
Epoch 38/100 | Batch 2000/2366 | Soft KD Loss: 7.5458 | Hard Loss: 1.0072 | Total Loss: 4.2765 | LR: 0.000200
Epoch 38/100 | Batch 2200/2366 | Soft KD Loss: 7.8800 | Hard Loss: 1.1074 | Total Loss: 4.4937 | LR: 0.000200
====> Epoch 38 Average KD Loss: 4.4086 | LR: 0.000200
Epoch 39/100 | Batch 0/2366 | Soft KD Loss: 7.6922 | Hard Loss: 1.0712 | Total Loss: 4.3817 | LR: 0.000200
Epoch 39/100 | Batch 200/2366 | Soft KD Loss: 7.7236 | Hard Loss: 1.1154 | Total Loss: 4.4195 | LR: 0.000200
Epoch 39/100 | Batch 400/2366 | Soft KD Loss: 7.8350 | Hard Loss: 1.1630 | Total Loss: 4.4990 | LR: 0.000200
Epoch 39/100 | Batch 600/2366 | Soft KD Loss: 7.6984 | Hard Loss: 1.1519 | Total Loss: 4.4251 | LR: 0.000200
Epoch 39/100 | Batch 800/2366 | Soft KD Loss: 7.7402 | Hard Loss: 1.1126 | Total Loss: 4.4264 | LR: 0.000200
Epoch 39/100 | Batch 1000/2366 | Soft KD Loss: 7.7125 | Hard Loss: 1.1152 | Total Loss: 4.4138 | LR: 0.000200
Epoch 39/100 | Batch 1200/2366 | Soft KD Loss: 7.7952 | Hard Loss: 1.1360 | Total Loss: 4.4656 | LR: 0.000200
Epoch 39/100 | Batch 1400/2366 | Soft KD Loss: 7.8433 | Hard Loss: 1.2226 | Total Loss: 4.5330 | LR: 0.000200
Epoch 39/100 | Batch 1600/2366 | Soft KD Loss: 7.7998 | Hard Loss: 1.1931 | Total Loss: 4.4964 | LR: 0.000200
Epoch 39/100 | Batch 1800/2366 | Soft KD Loss: 7.7606 | Hard Loss: 1.0962 | Total Loss: 4.4284 | LR: 0.000200
Epoch 39/100 | Batch 2000/2366 | Soft KD Loss: 7.6948 | Hard Loss: 1.2472 | Total Loss: 4.4710 | LR: 0.000200
Epoch 39/100 | Batch 2200/2366 | Soft KD Loss: 7.6543 | Hard Loss: 1.0994 | Total Loss: 4.3768 | LR: 0.000200
====> Epoch 39 Average KD Loss: 4.4056 | LR: 0.000200
Epoch 40/100 | Batch 0/2366 | Soft KD Loss: 7.7376 | Hard Loss: 1.1906 | Total Loss: 4.4641 | LR: 0.000200
Epoch 40/100 | Batch 200/2366 | Soft KD Loss: 7.6932 | Hard Loss: 1.2006 | Total Loss: 4.4469 | LR: 0.000200
Epoch 40/100 | Batch 400/2366 | Soft KD Loss: 7.7640 | Hard Loss: 1.1933 | Total Loss: 4.4787 | LR: 0.000200
Epoch 40/100 | Batch 600/2366 | Soft KD Loss: 7.6769 | Hard Loss: 0.9821 | Total Loss: 4.3295 | LR: 0.000200
Epoch 40/100 | Batch 800/2366 | Soft KD Loss: 7.6962 | Hard Loss: 1.1299 | Total Loss: 4.4130 | LR: 0.000200
Epoch 40/100 | Batch 1000/2366 | Soft KD Loss: 7.6604 | Hard Loss: 0.9877 | Total Loss: 4.3240 | LR: 0.000200
Epoch 40/100 | Batch 1200/2366 | Soft KD Loss: 7.5541 | Hard Loss: 1.1713 | Total Loss: 4.3627 | LR: 0.000200
Epoch 40/100 | Batch 1400/2366 | Soft KD Loss: 7.8112 | Hard Loss: 0.8600 | Total Loss: 4.3356 | LR: 0.000200
Epoch 40/100 | Batch 1600/2366 | Soft KD Loss: 7.7822 | Hard Loss: 1.1518 | Total Loss: 4.4670 | LR: 0.000200
Epoch 40/100 | Batch 1800/2366 | Soft KD Loss: 7.6299 | Hard Loss: 1.0343 | Total Loss: 4.3321 | LR: 0.000200
Epoch 40/100 | Batch 2000/2366 | Soft KD Loss: 7.7977 | Hard Loss: 1.1600 | Total Loss: 4.4789 | LR: 0.000200
Epoch 40/100 | Batch 2200/2366 | Soft KD Loss: 7.8410 | Hard Loss: 1.2701 | Total Loss: 4.5556 | LR: 0.000200
====> Epoch 40 Average KD Loss: 4.4012 | LR: 0.000200
Epoch 41/100 | Batch 0/2366 | Soft KD Loss: 7.8545 | Hard Loss: 1.1439 | Total Loss: 4.4992 | LR: 0.000200
Epoch 41/100 | Batch 200/2366 | Soft KD Loss: 7.6798 | Hard Loss: 1.1906 | Total Loss: 4.4352 | LR: 0.000200
Epoch 41/100 | Batch 400/2366 | Soft KD Loss: 7.7395 | Hard Loss: 1.1359 | Total Loss: 4.4377 | LR: 0.000200
Epoch 41/100 | Batch 600/2366 | Soft KD Loss: 7.6071 | Hard Loss: 1.0477 | Total Loss: 4.3274 | LR: 0.000200
Epoch 41/100 | Batch 800/2366 | Soft KD Loss: 7.9228 | Hard Loss: 1.1683 | Total Loss: 4.5455 | LR: 0.000200
Epoch 41/100 | Batch 1000/2366 | Soft KD Loss: 7.6307 | Hard Loss: 1.0776 | Total Loss: 4.3542 | LR: 0.000200
Epoch 41/100 | Batch 1200/2366 | Soft KD Loss: 7.6120 | Hard Loss: 1.1498 | Total Loss: 4.3809 | LR: 0.000200
Epoch 41/100 | Batch 1400/2366 | Soft KD Loss: 7.5672 | Hard Loss: 1.0679 | Total Loss: 4.3176 | LR: 0.000200
Epoch 41/100 | Batch 1600/2366 | Soft KD Loss: 7.6850 | Hard Loss: 1.0766 | Total Loss: 4.3808 | LR: 0.000200
Epoch 41/100 | Batch 1800/2366 | Soft KD Loss: 7.7672 | Hard Loss: 1.0880 | Total Loss: 4.4276 | LR: 0.000200
Epoch 41/100 | Batch 2000/2366 | Soft KD Loss: 7.5284 | Hard Loss: 1.1080 | Total Loss: 4.3182 | LR: 0.000200
Epoch 41/100 | Batch 2200/2366 | Soft KD Loss: 7.6966 | Hard Loss: 1.0989 | Total Loss: 4.3978 | LR: 0.000200
====> Epoch 41 Average KD Loss: 4.3990 | LR: 0.000200
Epoch 42/100 | Batch 0/2366 | Soft KD Loss: 7.5372 | Hard Loss: 1.1318 | Total Loss: 4.3345 | LR: 0.000200
Epoch 42/100 | Batch 200/2366 | Soft KD Loss: 7.5294 | Hard Loss: 1.1012 | Total Loss: 4.3153 | LR: 0.000200
Epoch 42/100 | Batch 400/2366 | Soft KD Loss: 7.6037 | Hard Loss: 1.1084 | Total Loss: 4.3560 | LR: 0.000200
Epoch 42/100 | Batch 600/2366 | Soft KD Loss: 7.6386 | Hard Loss: 1.1468 | Total Loss: 4.3927 | LR: 0.000200
Epoch 42/100 | Batch 800/2366 | Soft KD Loss: 7.7292 | Hard Loss: 1.0775 | Total Loss: 4.4033 | LR: 0.000200
Epoch 42/100 | Batch 1000/2366 | Soft KD Loss: 7.8398 | Hard Loss: 1.0929 | Total Loss: 4.4663 | LR: 0.000200
Epoch 42/100 | Batch 1200/2366 | Soft KD Loss: 7.6063 | Hard Loss: 1.1016 | Total Loss: 4.3540 | LR: 0.000200
Epoch 42/100 | Batch 1400/2366 | Soft KD Loss: 7.8163 | Hard Loss: 1.0182 | Total Loss: 4.4173 | LR: 0.000200
Epoch 42/100 | Batch 1600/2366 | Soft KD Loss: 7.5822 | Hard Loss: 1.0252 | Total Loss: 4.3037 | LR: 0.000200
Epoch 42/100 | Batch 1800/2366 | Soft KD Loss: 7.6551 | Hard Loss: 1.1061 | Total Loss: 4.3806 | LR: 0.000200
Epoch 42/100 | Batch 2000/2366 | Soft KD Loss: 7.5837 | Hard Loss: 1.0805 | Total Loss: 4.3321 | LR: 0.000200
Epoch 42/100 | Batch 2200/2366 | Soft KD Loss: 7.8134 | Hard Loss: 1.1191 | Total Loss: 4.4662 | LR: 0.000200
====> Epoch 42 Average KD Loss: 4.3951 | LR: 0.000200
Epoch 43/100 | Batch 0/2366 | Soft KD Loss: 7.8203 | Hard Loss: 1.1972 | Total Loss: 4.5088 | LR: 0.000200
Epoch 43/100 | Batch 200/2366 | Soft KD Loss: 7.7151 | Hard Loss: 1.0578 | Total Loss: 4.3865 | LR: 0.000200
Epoch 43/100 | Batch 400/2366 | Soft KD Loss: 7.9739 | Hard Loss: 1.0909 | Total Loss: 4.5324 | LR: 0.000200
Epoch 43/100 | Batch 600/2366 | Soft KD Loss: 7.6047 | Hard Loss: 1.1271 | Total Loss: 4.3659 | LR: 0.000200
Epoch 43/100 | Batch 800/2366 | Soft KD Loss: 7.6911 | Hard Loss: 1.0063 | Total Loss: 4.3487 | LR: 0.000200
Epoch 43/100 | Batch 1000/2366 | Soft KD Loss: 7.5065 | Hard Loss: 1.2080 | Total Loss: 4.3572 | LR: 0.000200
Epoch 43/100 | Batch 1200/2366 | Soft KD Loss: 7.8637 | Hard Loss: 1.1711 | Total Loss: 4.5174 | LR: 0.000200
Epoch 43/100 | Batch 1400/2366 | Soft KD Loss: 7.8159 | Hard Loss: 1.2077 | Total Loss: 4.5118 | LR: 0.000200
Epoch 43/100 | Batch 1600/2366 | Soft KD Loss: 7.6622 | Hard Loss: 1.0219 | Total Loss: 4.3421 | LR: 0.000200
Epoch 43/100 | Batch 1800/2366 | Soft KD Loss: 7.6103 | Hard Loss: 1.0464 | Total Loss: 4.3284 | LR: 0.000200
Epoch 43/100 | Batch 2000/2366 | Soft KD Loss: 7.8921 | Hard Loss: 1.0712 | Total Loss: 4.4817 | LR: 0.000200
Epoch 43/100 | Batch 2200/2366 | Soft KD Loss: 7.7384 | Hard Loss: 1.0776 | Total Loss: 4.4080 | LR: 0.000200
====> Epoch 43 Average KD Loss: 4.3923 | LR: 0.000200
Epoch 44/100 | Batch 0/2366 | Soft KD Loss: 7.7777 | Hard Loss: 1.1024 | Total Loss: 4.4400 | LR: 0.000200
Epoch 44/100 | Batch 200/2366 | Soft KD Loss: 7.5530 | Hard Loss: 1.0042 | Total Loss: 4.2786 | LR: 0.000200
Epoch 44/100 | Batch 400/2366 | Soft KD Loss: 7.5172 | Hard Loss: 0.9505 | Total Loss: 4.2339 | LR: 0.000200
Epoch 44/100 | Batch 600/2366 | Soft KD Loss: 7.6016 | Hard Loss: 1.1252 | Total Loss: 4.3634 | LR: 0.000200
Epoch 44/100 | Batch 800/2366 | Soft KD Loss: 7.7469 | Hard Loss: 1.1748 | Total Loss: 4.4609 | LR: 0.000200
Epoch 44/100 | Batch 1000/2366 | Soft KD Loss: 7.7172 | Hard Loss: 1.1689 | Total Loss: 4.4430 | LR: 0.000200
Epoch 44/100 | Batch 1200/2366 | Soft KD Loss: 7.6807 | Hard Loss: 1.0920 | Total Loss: 4.3864 | LR: 0.000200
Epoch 44/100 | Batch 1400/2366 | Soft KD Loss: 7.5557 | Hard Loss: 1.1664 | Total Loss: 4.3611 | LR: 0.000200
Epoch 44/100 | Batch 1600/2366 | Soft KD Loss: 7.4217 | Hard Loss: 1.0400 | Total Loss: 4.2308 | LR: 0.000200
Epoch 44/100 | Batch 1800/2366 | Soft KD Loss: 7.5940 | Hard Loss: 1.0811 | Total Loss: 4.3375 | LR: 0.000200
Epoch 44/100 | Batch 2000/2366 | Soft KD Loss: 7.8320 | Hard Loss: 1.1356 | Total Loss: 4.4838 | LR: 0.000200
Epoch 44/100 | Batch 2200/2366 | Soft KD Loss: 7.8402 | Hard Loss: 1.0737 | Total Loss: 4.4570 | LR: 0.000200
====> Epoch 44 Average KD Loss: 4.3891 | LR: 0.000200
Epoch 45/100 | Batch 0/2366 | Soft KD Loss: 7.5764 | Hard Loss: 1.2688 | Total Loss: 4.4226 | LR: 0.000200
Epoch 45/100 | Batch 200/2366 | Soft KD Loss: 7.5567 | Hard Loss: 1.0954 | Total Loss: 4.3261 | LR: 0.000200
Epoch 45/100 | Batch 400/2366 | Soft KD Loss: 7.5849 | Hard Loss: 1.1863 | Total Loss: 4.3856 | LR: 0.000200
Epoch 45/100 | Batch 600/2366 | Soft KD Loss: 7.7218 | Hard Loss: 1.0728 | Total Loss: 4.3973 | LR: 0.000200
Epoch 45/100 | Batch 800/2366 | Soft KD Loss: 7.6009 | Hard Loss: 1.1850 | Total Loss: 4.3929 | LR: 0.000200
Epoch 45/100 | Batch 1000/2366 | Soft KD Loss: 7.4733 | Hard Loss: 1.0647 | Total Loss: 4.2690 | LR: 0.000200
Epoch 45/100 | Batch 1200/2366 | Soft KD Loss: 7.6949 | Hard Loss: 1.0767 | Total Loss: 4.3858 | LR: 0.000200
Epoch 45/100 | Batch 1400/2366 | Soft KD Loss: 7.7337 | Hard Loss: 1.0969 | Total Loss: 4.4153 | LR: 0.000200
Epoch 45/100 | Batch 1600/2366 | Soft KD Loss: 7.5801 | Hard Loss: 1.1453 | Total Loss: 4.3627 | LR: 0.000200
Epoch 45/100 | Batch 1800/2366 | Soft KD Loss: 7.5730 | Hard Loss: 1.0634 | Total Loss: 4.3182 | LR: 0.000200
Epoch 45/100 | Batch 2000/2366 | Soft KD Loss: 7.6783 | Hard Loss: 1.1190 | Total Loss: 4.3987 | LR: 0.000200
Epoch 45/100 | Batch 2200/2366 | Soft KD Loss: 7.6474 | Hard Loss: 1.1485 | Total Loss: 4.3979 | LR: 0.000200
====> Epoch 45 Average KD Loss: 4.3840 | LR: 0.000200
Epoch 46/100 | Batch 0/2366 | Soft KD Loss: 7.9415 | Hard Loss: 1.1978 | Total Loss: 4.5696 | LR: 0.000200
Epoch 46/100 | Batch 200/2366 | Soft KD Loss: 7.8508 | Hard Loss: 1.2023 | Total Loss: 4.5266 | LR: 0.000200
Epoch 46/100 | Batch 400/2366 | Soft KD Loss: 7.6757 | Hard Loss: 1.1280 | Total Loss: 4.4018 | LR: 0.000200
Epoch 46/100 | Batch 600/2366 | Soft KD Loss: 7.7082 | Hard Loss: 1.0325 | Total Loss: 4.3703 | LR: 0.000200
Epoch 46/100 | Batch 800/2366 | Soft KD Loss: 7.7630 | Hard Loss: 0.9573 | Total Loss: 4.3601 | LR: 0.000200
Epoch 46/100 | Batch 1000/2366 | Soft KD Loss: 7.6974 | Hard Loss: 1.1681 | Total Loss: 4.4328 | LR: 0.000200
Epoch 46/100 | Batch 1200/2366 | Soft KD Loss: 7.7085 | Hard Loss: 1.0786 | Total Loss: 4.3936 | LR: 0.000200
Epoch 46/100 | Batch 1400/2366 | Soft KD Loss: 7.6334 | Hard Loss: 1.0145 | Total Loss: 4.3239 | LR: 0.000200
Epoch 46/100 | Batch 1600/2366 | Soft KD Loss: 7.6347 | Hard Loss: 1.1322 | Total Loss: 4.3834 | LR: 0.000200
Epoch 46/100 | Batch 1800/2366 | Soft KD Loss: 7.5196 | Hard Loss: 1.0683 | Total Loss: 4.2940 | LR: 0.000200
Epoch 46/100 | Batch 2000/2366 | Soft KD Loss: 7.6293 | Hard Loss: 1.1095 | Total Loss: 4.3694 | LR: 0.000200
Epoch 46/100 | Batch 2200/2366 | Soft KD Loss: 7.6526 | Hard Loss: 1.1363 | Total Loss: 4.3945 | LR: 0.000200
====> Epoch 46 Average KD Loss: 4.3828 | LR: 0.000200
Epoch 47/100 | Batch 0/2366 | Soft KD Loss: 7.6674 | Hard Loss: 1.1775 | Total Loss: 4.4224 | LR: 0.000200
Epoch 47/100 | Batch 200/2366 | Soft KD Loss: 7.5808 | Hard Loss: 1.2526 | Total Loss: 4.4167 | LR: 0.000200
Epoch 47/100 | Batch 400/2366 | Soft KD Loss: 7.6032 | Hard Loss: 1.0624 | Total Loss: 4.3328 | LR: 0.000200
Epoch 47/100 | Batch 600/2366 | Soft KD Loss: 7.5463 | Hard Loss: 0.9908 | Total Loss: 4.2686 | LR: 0.000200
Epoch 47/100 | Batch 800/2366 | Soft KD Loss: 7.6942 | Hard Loss: 1.0348 | Total Loss: 4.3645 | LR: 0.000200
Epoch 47/100 | Batch 1000/2366 | Soft KD Loss: 7.5429 | Hard Loss: 1.0763 | Total Loss: 4.3096 | LR: 0.000200
Epoch 47/100 | Batch 1200/2366 | Soft KD Loss: 7.5457 | Hard Loss: 1.0701 | Total Loss: 4.3079 | LR: 0.000200
Epoch 47/100 | Batch 1400/2366 | Soft KD Loss: 7.8238 | Hard Loss: 1.1854 | Total Loss: 4.5046 | LR: 0.000200
Epoch 47/100 | Batch 1600/2366 | Soft KD Loss: 7.5786 | Hard Loss: 1.0725 | Total Loss: 4.3255 | LR: 0.000200
Epoch 47/100 | Batch 1800/2366 | Soft KD Loss: 7.6893 | Hard Loss: 0.9814 | Total Loss: 4.3353 | LR: 0.000200
Epoch 47/100 | Batch 2000/2366 | Soft KD Loss: 7.6566 | Hard Loss: 1.1983 | Total Loss: 4.4274 | LR: 0.000200
Epoch 47/100 | Batch 2200/2366 | Soft KD Loss: 7.5370 | Hard Loss: 1.0847 | Total Loss: 4.3108 | LR: 0.000200
====> Epoch 47 Average KD Loss: 4.3792 | LR: 0.000200
Epoch 48/100 | Batch 0/2366 | Soft KD Loss: 7.3967 | Hard Loss: 1.0521 | Total Loss: 4.2244 | LR: 0.000200
Epoch 48/100 | Batch 200/2366 | Soft KD Loss: 7.6336 | Hard Loss: 1.1830 | Total Loss: 4.4083 | LR: 0.000200
Epoch 48/100 | Batch 400/2366 | Soft KD Loss: 7.5764 | Hard Loss: 0.9556 | Total Loss: 4.2660 | LR: 0.000200
Epoch 48/100 | Batch 600/2366 | Soft KD Loss: 7.6560 | Hard Loss: 1.0492 | Total Loss: 4.3526 | LR: 0.000200
Epoch 48/100 | Batch 800/2366 | Soft KD Loss: 7.5664 | Hard Loss: 1.2393 | Total Loss: 4.4029 | LR: 0.000200
Epoch 48/100 | Batch 1000/2366 | Soft KD Loss: 7.5504 | Hard Loss: 1.0720 | Total Loss: 4.3112 | LR: 0.000200
Epoch 48/100 | Batch 1200/2366 | Soft KD Loss: 7.6869 | Hard Loss: 1.0769 | Total Loss: 4.3819 | LR: 0.000200
Epoch 48/100 | Batch 1400/2366 | Soft KD Loss: 7.8510 | Hard Loss: 1.1532 | Total Loss: 4.5021 | LR: 0.000200
Epoch 48/100 | Batch 1600/2366 | Soft KD Loss: 7.6712 | Hard Loss: 1.0907 | Total Loss: 4.3810 | LR: 0.000200
Epoch 48/100 | Batch 1800/2366 | Soft KD Loss: 7.6097 | Hard Loss: 1.1683 | Total Loss: 4.3890 | LR: 0.000200
Epoch 48/100 | Batch 2000/2366 | Soft KD Loss: 7.8672 | Hard Loss: 1.1698 | Total Loss: 4.5185 | LR: 0.000200
Epoch 48/100 | Batch 2200/2366 | Soft KD Loss: 7.5693 | Hard Loss: 1.1291 | Total Loss: 4.3492 | LR: 0.000200
====> Epoch 48 Average KD Loss: 4.3772 | LR: 0.000200
Epoch 49/100 | Batch 0/2366 | Soft KD Loss: 7.6672 | Hard Loss: 1.0612 | Total Loss: 4.3642 | LR: 0.000200
Epoch 49/100 | Batch 200/2366 | Soft KD Loss: 7.6329 | Hard Loss: 1.3062 | Total Loss: 4.4696 | LR: 0.000200
Epoch 49/100 | Batch 400/2366 | Soft KD Loss: 7.6071 | Hard Loss: 1.0928 | Total Loss: 4.3499 | LR: 0.000200
Epoch 49/100 | Batch 600/2366 | Soft KD Loss: 7.8236 | Hard Loss: 1.0696 | Total Loss: 4.4466 | LR: 0.000200
Epoch 49/100 | Batch 800/2366 | Soft KD Loss: 7.4484 | Hard Loss: 1.0108 | Total Loss: 4.2296 | LR: 0.000200
Epoch 49/100 | Batch 1000/2366 | Soft KD Loss: 7.6276 | Hard Loss: 1.0900 | Total Loss: 4.3588 | LR: 0.000200
Epoch 49/100 | Batch 1200/2366 | Soft KD Loss: 7.6365 | Hard Loss: 1.0107 | Total Loss: 4.3236 | LR: 0.000200
Epoch 49/100 | Batch 1400/2366 | Soft KD Loss: 7.5904 | Hard Loss: 1.0415 | Total Loss: 4.3160 | LR: 0.000200
Epoch 49/100 | Batch 1600/2366 | Soft KD Loss: 7.5782 | Hard Loss: 1.0358 | Total Loss: 4.3070 | LR: 0.000200
Epoch 49/100 | Batch 1800/2366 | Soft KD Loss: 7.6690 | Hard Loss: 1.1739 | Total Loss: 4.4215 | LR: 0.000200
Epoch 49/100 | Batch 2000/2366 | Soft KD Loss: 7.5455 | Hard Loss: 1.0889 | Total Loss: 4.3172 | LR: 0.000200
Epoch 49/100 | Batch 2200/2366 | Soft KD Loss: 7.5846 | Hard Loss: 1.0882 | Total Loss: 4.3364 | LR: 0.000200
====> Epoch 49 Average KD Loss: 4.3732 | LR: 0.000200
Epoch 50/100 | Batch 0/2366 | Soft KD Loss: 7.4393 | Hard Loss: 1.0697 | Total Loss: 4.2545 | LR: 0.000200
Epoch 50/100 | Batch 200/2366 | Soft KD Loss: 7.6157 | Hard Loss: 1.1764 | Total Loss: 4.3960 | LR: 0.000200
Epoch 50/100 | Batch 400/2366 | Soft KD Loss: 7.6058 | Hard Loss: 1.2057 | Total Loss: 4.4057 | LR: 0.000200
Epoch 50/100 | Batch 600/2366 | Soft KD Loss: 7.7108 | Hard Loss: 1.0392 | Total Loss: 4.3750 | LR: 0.000200
Epoch 50/100 | Batch 800/2366 | Soft KD Loss: 7.8943 | Hard Loss: 1.1293 | Total Loss: 4.5118 | LR: 0.000200
Epoch 50/100 | Batch 1000/2366 | Soft KD Loss: 7.5376 | Hard Loss: 1.0970 | Total Loss: 4.3173 | LR: 0.000200
Epoch 50/100 | Batch 1200/2366 | Soft KD Loss: 7.5175 | Hard Loss: 1.1399 | Total Loss: 4.3287 | LR: 0.000200
Epoch 50/100 | Batch 1400/2366 | Soft KD Loss: 7.8226 | Hard Loss: 1.2873 | Total Loss: 4.5549 | LR: 0.000200
Epoch 50/100 | Batch 1600/2366 | Soft KD Loss: 7.5759 | Hard Loss: 1.0978 | Total Loss: 4.3369 | LR: 0.000200
Epoch 50/100 | Batch 1800/2366 | Soft KD Loss: 7.6912 | Hard Loss: 1.0906 | Total Loss: 4.3909 | LR: 0.000200
Epoch 50/100 | Batch 2000/2366 | Soft KD Loss: 7.7508 | Hard Loss: 1.1616 | Total Loss: 4.4562 | LR: 0.000200
Epoch 50/100 | Batch 2200/2366 | Soft KD Loss: 7.6644 | Hard Loss: 1.1201 | Total Loss: 4.3923 | LR: 0.000200
====> Epoch 50 Average KD Loss: 4.3718 | LR: 0.000200
Epoch 51/100 | Batch 0/2366 | Soft KD Loss: 7.4822 | Hard Loss: 1.1104 | Total Loss: 4.2963 | LR: 0.000200
Epoch 51/100 | Batch 200/2366 | Soft KD Loss: 7.5653 | Hard Loss: 1.1567 | Total Loss: 4.3610 | LR: 0.000200
Epoch 51/100 | Batch 400/2366 | Soft KD Loss: 7.5166 | Hard Loss: 1.0382 | Total Loss: 4.2774 | LR: 0.000200
Epoch 51/100 | Batch 600/2366 | Soft KD Loss: 7.5268 | Hard Loss: 1.1395 | Total Loss: 4.3332 | LR: 0.000200
Epoch 51/100 | Batch 800/2366 | Soft KD Loss: 7.5486 | Hard Loss: 1.0172 | Total Loss: 4.2829 | LR: 0.000200
Epoch 51/100 | Batch 1000/2366 | Soft KD Loss: 7.5685 | Hard Loss: 1.1081 | Total Loss: 4.3383 | LR: 0.000200
Epoch 51/100 | Batch 1200/2366 | Soft KD Loss: 7.5808 | Hard Loss: 1.0968 | Total Loss: 4.3388 | LR: 0.000200
Epoch 51/100 | Batch 1400/2366 | Soft KD Loss: 7.5843 | Hard Loss: 1.1007 | Total Loss: 4.3425 | LR: 0.000200
Epoch 51/100 | Batch 1600/2366 | Soft KD Loss: 7.5754 | Hard Loss: 1.0162 | Total Loss: 4.2958 | LR: 0.000200
Epoch 51/100 | Batch 1800/2366 | Soft KD Loss: 7.6019 | Hard Loss: 1.0407 | Total Loss: 4.3213 | LR: 0.000200
Epoch 51/100 | Batch 2000/2366 | Soft KD Loss: 7.6273 | Hard Loss: 1.0093 | Total Loss: 4.3183 | LR: 0.000200
Epoch 51/100 | Batch 2200/2366 | Soft KD Loss: 7.6875 | Hard Loss: 1.1222 | Total Loss: 4.4048 | LR: 0.000200
====> Epoch 51 Average KD Loss: 4.3684 | LR: 0.000200
Epoch 52/100 | Batch 0/2366 | Soft KD Loss: 7.5738 | Hard Loss: 1.0256 | Total Loss: 4.2997 | LR: 0.000200
Epoch 52/100 | Batch 200/2366 | Soft KD Loss: 7.6311 | Hard Loss: 1.0076 | Total Loss: 4.3193 | LR: 0.000200
Epoch 52/100 | Batch 400/2366 | Soft KD Loss: 7.7062 | Hard Loss: 1.1804 | Total Loss: 4.4433 | LR: 0.000200
Epoch 52/100 | Batch 600/2366 | Soft KD Loss: 7.5632 | Hard Loss: 1.0181 | Total Loss: 4.2907 | LR: 0.000200
Epoch 52/100 | Batch 800/2366 | Soft KD Loss: 7.5050 | Hard Loss: 0.9765 | Total Loss: 4.2407 | LR: 0.000200
Epoch 52/100 | Batch 1000/2366 | Soft KD Loss: 7.5350 | Hard Loss: 1.0521 | Total Loss: 4.2935 | LR: 0.000200
Epoch 52/100 | Batch 1200/2366 | Soft KD Loss: 7.7556 | Hard Loss: 1.0393 | Total Loss: 4.3975 | LR: 0.000200
Epoch 52/100 | Batch 1400/2366 | Soft KD Loss: 7.5208 | Hard Loss: 1.0769 | Total Loss: 4.2988 | LR: 0.000200
Epoch 52/100 | Batch 1600/2366 | Soft KD Loss: 7.5580 | Hard Loss: 1.2016 | Total Loss: 4.3798 | LR: 0.000200
Epoch 52/100 | Batch 1800/2366 | Soft KD Loss: 7.6629 | Hard Loss: 1.1631 | Total Loss: 4.4130 | LR: 0.000200
Epoch 52/100 | Batch 2000/2366 | Soft KD Loss: 7.6109 | Hard Loss: 1.1591 | Total Loss: 4.3850 | LR: 0.000200
Epoch 52/100 | Batch 2200/2366 | Soft KD Loss: 7.5335 | Hard Loss: 1.0418 | Total Loss: 4.2877 | LR: 0.000200
====> Epoch 52 Average KD Loss: 4.3666 | LR: 0.000200
Epoch 53/100 | Batch 0/2366 | Soft KD Loss: 7.7269 | Hard Loss: 1.1129 | Total Loss: 4.4199 | LR: 0.000200
Epoch 53/100 | Batch 200/2366 | Soft KD Loss: 7.6218 | Hard Loss: 1.0199 | Total Loss: 4.3209 | LR: 0.000200
Epoch 53/100 | Batch 400/2366 | Soft KD Loss: 7.5227 | Hard Loss: 1.0794 | Total Loss: 4.3010 | LR: 0.000200
Epoch 53/100 | Batch 600/2366 | Soft KD Loss: 7.7713 | Hard Loss: 0.9992 | Total Loss: 4.3853 | LR: 0.000200
Epoch 53/100 | Batch 800/2366 | Soft KD Loss: 7.5286 | Hard Loss: 1.1321 | Total Loss: 4.3304 | LR: 0.000200
Epoch 53/100 | Batch 1000/2366 | Soft KD Loss: 7.4163 | Hard Loss: 1.0890 | Total Loss: 4.2526 | LR: 0.000200
Epoch 53/100 | Batch 1200/2366 | Soft KD Loss: 7.6181 | Hard Loss: 1.0455 | Total Loss: 4.3318 | LR: 0.000200
Epoch 53/100 | Batch 1400/2366 | Soft KD Loss: 7.5504 | Hard Loss: 1.1077 | Total Loss: 4.3291 | LR: 0.000200
Epoch 53/100 | Batch 1600/2366 | Soft KD Loss: 7.6292 | Hard Loss: 1.0792 | Total Loss: 4.3542 | LR: 0.000200
Epoch 53/100 | Batch 1800/2366 | Soft KD Loss: 7.7206 | Hard Loss: 1.1364 | Total Loss: 4.4285 | LR: 0.000200
Epoch 53/100 | Batch 2000/2366 | Soft KD Loss: 7.4969 | Hard Loss: 0.9858 | Total Loss: 4.2413 | LR: 0.000200
Epoch 53/100 | Batch 2200/2366 | Soft KD Loss: 7.5724 | Hard Loss: 1.0484 | Total Loss: 4.3104 | LR: 0.000200
====> Epoch 53 Average KD Loss: 4.3647 | LR: 0.000200
Epoch 54/100 | Batch 0/2366 | Soft KD Loss: 7.5733 | Hard Loss: 1.2959 | Total Loss: 4.4346 | LR: 0.000200
Epoch 54/100 | Batch 200/2366 | Soft KD Loss: 7.5868 | Hard Loss: 1.0237 | Total Loss: 4.3053 | LR: 0.000200
Epoch 54/100 | Batch 400/2366 | Soft KD Loss: 7.8469 | Hard Loss: 1.1535 | Total Loss: 4.5002 | LR: 0.000200
Epoch 54/100 | Batch 600/2366 | Soft KD Loss: 7.4691 | Hard Loss: 1.1789 | Total Loss: 4.3240 | LR: 0.000200
Epoch 54/100 | Batch 800/2366 | Soft KD Loss: 7.6007 | Hard Loss: 1.2761 | Total Loss: 4.4384 | LR: 0.000200
Epoch 54/100 | Batch 1000/2366 | Soft KD Loss: 7.6596 | Hard Loss: 1.1874 | Total Loss: 4.4235 | LR: 0.000200
Epoch 54/100 | Batch 1200/2366 | Soft KD Loss: 7.5228 | Hard Loss: 0.9716 | Total Loss: 4.2472 | LR: 0.000200
Epoch 54/100 | Batch 1400/2366 | Soft KD Loss: 7.6361 | Hard Loss: 1.0442 | Total Loss: 4.3402 | LR: 0.000200
Epoch 54/100 | Batch 1600/2366 | Soft KD Loss: 7.6560 | Hard Loss: 1.2656 | Total Loss: 4.4608 | LR: 0.000200
Epoch 54/100 | Batch 1800/2366 | Soft KD Loss: 7.5344 | Hard Loss: 1.1445 | Total Loss: 4.3395 | LR: 0.000200
Epoch 54/100 | Batch 2000/2366 | Soft KD Loss: 7.5098 | Hard Loss: 1.0360 | Total Loss: 4.2729 | LR: 0.000200
Epoch 54/100 | Batch 2200/2366 | Soft KD Loss: 7.6997 | Hard Loss: 1.1889 | Total Loss: 4.4443 | LR: 0.000200
====> Epoch 54 Average KD Loss: 4.3621 | LR: 0.000200
Epoch 55/100 | Batch 0/2366 | Soft KD Loss: 7.7583 | Hard Loss: 1.1419 | Total Loss: 4.4501 | LR: 0.000200
Epoch 55/100 | Batch 200/2366 | Soft KD Loss: 7.5882 | Hard Loss: 1.0954 | Total Loss: 4.3418 | LR: 0.000200
Epoch 55/100 | Batch 400/2366 | Soft KD Loss: 7.7330 | Hard Loss: 1.1150 | Total Loss: 4.4240 | LR: 0.000200
Epoch 55/100 | Batch 600/2366 | Soft KD Loss: 7.5730 | Hard Loss: 1.1837 | Total Loss: 4.3783 | LR: 0.000200
Epoch 55/100 | Batch 800/2366 | Soft KD Loss: 7.5423 | Hard Loss: 1.0705 | Total Loss: 4.3064 | LR: 0.000200
Epoch 55/100 | Batch 1000/2366 | Soft KD Loss: 7.5578 | Hard Loss: 1.0658 | Total Loss: 4.3118 | LR: 0.000200
Epoch 55/100 | Batch 1200/2366 | Soft KD Loss: 7.5040 | Hard Loss: 1.1489 | Total Loss: 4.3265 | LR: 0.000200
Epoch 55/100 | Batch 1400/2366 | Soft KD Loss: 7.5762 | Hard Loss: 1.1533 | Total Loss: 4.3648 | LR: 0.000200
Epoch 55/100 | Batch 1600/2366 | Soft KD Loss: 7.6771 | Hard Loss: 1.1073 | Total Loss: 4.3922 | LR: 0.000200
Epoch 55/100 | Batch 1800/2366 | Soft KD Loss: 7.4617 | Hard Loss: 1.0618 | Total Loss: 4.2617 | LR: 0.000200
Epoch 55/100 | Batch 2000/2366 | Soft KD Loss: 7.5085 | Hard Loss: 1.2239 | Total Loss: 4.3662 | LR: 0.000200
Epoch 55/100 | Batch 2200/2366 | Soft KD Loss: 7.5157 | Hard Loss: 1.0983 | Total Loss: 4.3070 | LR: 0.000200
====> Epoch 55 Average KD Loss: 4.3592 | LR: 0.000200
Epoch 56/100 | Batch 0/2366 | Soft KD Loss: 7.5831 | Hard Loss: 1.1795 | Total Loss: 4.3813 | LR: 0.000200
Epoch 56/100 | Batch 200/2366 | Soft KD Loss: 7.5401 | Hard Loss: 0.9258 | Total Loss: 4.2330 | LR: 0.000200
Epoch 56/100 | Batch 400/2366 | Soft KD Loss: 7.4529 | Hard Loss: 1.0813 | Total Loss: 4.2671 | LR: 0.000200
Epoch 56/100 | Batch 600/2366 | Soft KD Loss: 7.3740 | Hard Loss: 1.1345 | Total Loss: 4.2542 | LR: 0.000200
Epoch 56/100 | Batch 800/2366 | Soft KD Loss: 7.5335 | Hard Loss: 0.9735 | Total Loss: 4.2535 | LR: 0.000200
Epoch 56/100 | Batch 1000/2366 | Soft KD Loss: 7.6248 | Hard Loss: 1.1064 | Total Loss: 4.3656 | LR: 0.000200
Epoch 56/100 | Batch 1200/2366 | Soft KD Loss: 7.6372 | Hard Loss: 1.1994 | Total Loss: 4.4183 | LR: 0.000200
Epoch 56/100 | Batch 1400/2366 | Soft KD Loss: 7.5663 | Hard Loss: 0.8603 | Total Loss: 4.2133 | LR: 0.000200
Epoch 56/100 | Batch 1600/2366 | Soft KD Loss: 7.6877 | Hard Loss: 1.1705 | Total Loss: 4.4291 | LR: 0.000200
Epoch 56/100 | Batch 1800/2366 | Soft KD Loss: 7.5468 | Hard Loss: 1.0482 | Total Loss: 4.2975 | LR: 0.000200
Epoch 56/100 | Batch 2000/2366 | Soft KD Loss: 7.5738 | Hard Loss: 1.0446 | Total Loss: 4.3092 | LR: 0.000200
Epoch 56/100 | Batch 2200/2366 | Soft KD Loss: 7.5585 | Hard Loss: 1.0101 | Total Loss: 4.2843 | LR: 0.000200
====> Epoch 56 Average KD Loss: 4.3565 | LR: 0.000200
Epoch 57/100 | Batch 0/2366 | Soft KD Loss: 7.5957 | Hard Loss: 1.1079 | Total Loss: 4.3518 | LR: 0.000200
Epoch 57/100 | Batch 200/2366 | Soft KD Loss: 7.6604 | Hard Loss: 1.0216 | Total Loss: 4.3410 | LR: 0.000200
Epoch 57/100 | Batch 400/2366 | Soft KD Loss: 7.8059 | Hard Loss: 1.1837 | Total Loss: 4.4948 | LR: 0.000200
Epoch 57/100 | Batch 600/2366 | Soft KD Loss: 7.5824 | Hard Loss: 1.0954 | Total Loss: 4.3389 | LR: 0.000200
Epoch 57/100 | Batch 800/2366 | Soft KD Loss: 7.7221 | Hard Loss: 1.0935 | Total Loss: 4.4078 | LR: 0.000200
Epoch 57/100 | Batch 1000/2366 | Soft KD Loss: 7.6440 | Hard Loss: 1.1617 | Total Loss: 4.4029 | LR: 0.000200
Epoch 57/100 | Batch 1200/2366 | Soft KD Loss: 7.8132 | Hard Loss: 1.3191 | Total Loss: 4.5661 | LR: 0.000200
Epoch 57/100 | Batch 1400/2366 | Soft KD Loss: 7.4149 | Hard Loss: 1.1204 | Total Loss: 4.2677 | LR: 0.000200
Epoch 57/100 | Batch 1600/2366 | Soft KD Loss: 7.7034 | Hard Loss: 1.0232 | Total Loss: 4.3633 | LR: 0.000200
Epoch 57/100 | Batch 1800/2366 | Soft KD Loss: 7.6706 | Hard Loss: 1.0594 | Total Loss: 4.3650 | LR: 0.000200
Epoch 57/100 | Batch 2000/2366 | Soft KD Loss: 7.7088 | Hard Loss: 1.0465 | Total Loss: 4.3776 | LR: 0.000200
Epoch 57/100 | Batch 2200/2366 | Soft KD Loss: 7.5191 | Hard Loss: 1.2234 | Total Loss: 4.3713 | LR: 0.000200
====> Epoch 57 Average KD Loss: 4.3546 | LR: 0.000200
Epoch 58/100 | Batch 0/2366 | Soft KD Loss: 7.9114 | Hard Loss: 1.0421 | Total Loss: 4.4768 | LR: 0.000200
Epoch 58/100 | Batch 200/2366 | Soft KD Loss: 7.3990 | Hard Loss: 1.0707 | Total Loss: 4.2349 | LR: 0.000200
Epoch 58/100 | Batch 400/2366 | Soft KD Loss: 7.5236 | Hard Loss: 1.1834 | Total Loss: 4.3535 | LR: 0.000200
Epoch 58/100 | Batch 600/2366 | Soft KD Loss: 7.6562 | Hard Loss: 1.1051 | Total Loss: 4.3806 | LR: 0.000200
Epoch 58/100 | Batch 800/2366 | Soft KD Loss: 7.9599 | Hard Loss: 1.1705 | Total Loss: 4.5652 | LR: 0.000200
Epoch 58/100 | Batch 1000/2366 | Soft KD Loss: 7.5980 | Hard Loss: 1.0900 | Total Loss: 4.3440 | LR: 0.000200
Epoch 58/100 | Batch 1200/2366 | Soft KD Loss: 7.5917 | Hard Loss: 1.0955 | Total Loss: 4.3436 | LR: 0.000200
Epoch 58/100 | Batch 1400/2366 | Soft KD Loss: 7.6497 | Hard Loss: 1.2156 | Total Loss: 4.4327 | LR: 0.000200
Epoch 58/100 | Batch 1600/2366 | Soft KD Loss: 7.5645 | Hard Loss: 1.2848 | Total Loss: 4.4246 | LR: 0.000200
Epoch 58/100 | Batch 1800/2366 | Soft KD Loss: 7.7294 | Hard Loss: 1.0763 | Total Loss: 4.4029 | LR: 0.000200
Epoch 58/100 | Batch 2000/2366 | Soft KD Loss: 7.6273 | Hard Loss: 1.0178 | Total Loss: 4.3225 | LR: 0.000200
Epoch 58/100 | Batch 2200/2366 | Soft KD Loss: 7.6920 | Hard Loss: 0.9699 | Total Loss: 4.3309 | LR: 0.000200
====> Epoch 58 Average KD Loss: 4.3532 | LR: 0.000200
Epoch 59/100 | Batch 0/2366 | Soft KD Loss: 7.5602 | Hard Loss: 1.1319 | Total Loss: 4.3460 | LR: 0.000200
Epoch 59/100 | Batch 200/2366 | Soft KD Loss: 7.6420 | Hard Loss: 1.1022 | Total Loss: 4.3721 | LR: 0.000200
Epoch 59/100 | Batch 400/2366 | Soft KD Loss: 7.4278 | Hard Loss: 1.0219 | Total Loss: 4.2248 | LR: 0.000200
Epoch 59/100 | Batch 600/2366 | Soft KD Loss: 7.6464 | Hard Loss: 1.1874 | Total Loss: 4.4169 | LR: 0.000200
Epoch 59/100 | Batch 800/2366 | Soft KD Loss: 7.6280 | Hard Loss: 1.1794 | Total Loss: 4.4037 | LR: 0.000200
Epoch 59/100 | Batch 1000/2366 | Soft KD Loss: 7.5452 | Hard Loss: 1.0882 | Total Loss: 4.3167 | LR: 0.000200
Epoch 59/100 | Batch 1200/2366 | Soft KD Loss: 7.5499 | Hard Loss: 1.1230 | Total Loss: 4.3365 | LR: 0.000200
Epoch 59/100 | Batch 1400/2366 | Soft KD Loss: 7.6231 | Hard Loss: 1.1530 | Total Loss: 4.3881 | LR: 0.000200
Epoch 59/100 | Batch 1600/2366 | Soft KD Loss: 7.5287 | Hard Loss: 1.1518 | Total Loss: 4.3402 | LR: 0.000200
Epoch 59/100 | Batch 1800/2366 | Soft KD Loss: 7.6721 | Hard Loss: 1.1954 | Total Loss: 4.4337 | LR: 0.000200
Epoch 59/100 | Batch 2000/2366 | Soft KD Loss: 7.6314 | Hard Loss: 1.1671 | Total Loss: 4.3992 | LR: 0.000200
Epoch 59/100 | Batch 2200/2366 | Soft KD Loss: 7.4693 | Hard Loss: 1.0995 | Total Loss: 4.2844 | LR: 0.000200
====> Epoch 59 Average KD Loss: 4.3518 | LR: 0.000200
Epoch 60/100 | Batch 0/2366 | Soft KD Loss: 7.6162 | Hard Loss: 1.1595 | Total Loss: 4.3878 | LR: 0.000200
Epoch 60/100 | Batch 200/2366 | Soft KD Loss: 7.5299 | Hard Loss: 1.2647 | Total Loss: 4.3973 | LR: 0.000200
Epoch 60/100 | Batch 400/2366 | Soft KD Loss: 7.5422 | Hard Loss: 1.1820 | Total Loss: 4.3621 | LR: 0.000200
Epoch 60/100 | Batch 600/2366 | Soft KD Loss: 7.4921 | Hard Loss: 1.1868 | Total Loss: 4.3394 | LR: 0.000200
Epoch 60/100 | Batch 800/2366 | Soft KD Loss: 7.7599 | Hard Loss: 1.2156 | Total Loss: 4.4877 | LR: 0.000200
Epoch 60/100 | Batch 1000/2366 | Soft KD Loss: 7.5097 | Hard Loss: 1.1553 | Total Loss: 4.3325 | LR: 0.000200
Epoch 60/100 | Batch 1200/2366 | Soft KD Loss: 7.5730 | Hard Loss: 1.0127 | Total Loss: 4.2929 | LR: 0.000200
Epoch 60/100 | Batch 1400/2366 | Soft KD Loss: 7.6901 | Hard Loss: 1.4213 | Total Loss: 4.5557 | LR: 0.000200
Epoch 60/100 | Batch 1600/2366 | Soft KD Loss: 7.6629 | Hard Loss: 1.1691 | Total Loss: 4.4160 | LR: 0.000200
Epoch 60/100 | Batch 1800/2366 | Soft KD Loss: 7.7390 | Hard Loss: 1.1293 | Total Loss: 4.4341 | LR: 0.000200
Epoch 60/100 | Batch 2000/2366 | Soft KD Loss: 7.6156 | Hard Loss: 1.0907 | Total Loss: 4.3531 | LR: 0.000200
Epoch 60/100 | Batch 2200/2366 | Soft KD Loss: 7.6675 | Hard Loss: 1.2430 | Total Loss: 4.4552 | LR: 0.000200
====> Epoch 60 Average KD Loss: 4.3499 | LR: 0.000200
Epoch 61/100 | Batch 0/2366 | Soft KD Loss: 7.5615 | Hard Loss: 1.0806 | Total Loss: 4.3211 | LR: 0.000200
Epoch 61/100 | Batch 200/2366 | Soft KD Loss: 7.6225 | Hard Loss: 1.0979 | Total Loss: 4.3602 | LR: 0.000200
Epoch 61/100 | Batch 400/2366 | Soft KD Loss: 7.6033 | Hard Loss: 1.2215 | Total Loss: 4.4124 | LR: 0.000200
Epoch 61/100 | Batch 600/2366 | Soft KD Loss: 7.5304 | Hard Loss: 1.1789 | Total Loss: 4.3547 | LR: 0.000200
Epoch 61/100 | Batch 800/2366 | Soft KD Loss: 7.5731 | Hard Loss: 1.2024 | Total Loss: 4.3877 | LR: 0.000200
Epoch 61/100 | Batch 1000/2366 | Soft KD Loss: 7.3902 | Hard Loss: 1.0514 | Total Loss: 4.2208 | LR: 0.000200
Epoch 61/100 | Batch 1200/2366 | Soft KD Loss: 7.5590 | Hard Loss: 1.0888 | Total Loss: 4.3239 | LR: 0.000200
Epoch 61/100 | Batch 1400/2366 | Soft KD Loss: 7.5626 | Hard Loss: 1.1077 | Total Loss: 4.3351 | LR: 0.000200
Epoch 61/100 | Batch 1600/2366 | Soft KD Loss: 7.6367 | Hard Loss: 1.1394 | Total Loss: 4.3880 | LR: 0.000200
Epoch 61/100 | Batch 1800/2366 | Soft KD Loss: 7.7331 | Hard Loss: 1.0817 | Total Loss: 4.4074 | LR: 0.000200
Epoch 61/100 | Batch 2000/2366 | Soft KD Loss: 7.4199 | Hard Loss: 0.9564 | Total Loss: 4.1882 | LR: 0.000200
Epoch 61/100 | Batch 2200/2366 | Soft KD Loss: 7.5856 | Hard Loss: 1.1261 | Total Loss: 4.3559 | LR: 0.000200
====> Epoch 61 Average KD Loss: 4.3473 | LR: 0.000200
Epoch 62/100 | Batch 0/2366 | Soft KD Loss: 7.3996 | Hard Loss: 1.2894 | Total Loss: 4.3445 | LR: 0.000200
Epoch 62/100 | Batch 200/2366 | Soft KD Loss: 7.5719 | Hard Loss: 1.0217 | Total Loss: 4.2968 | LR: 0.000200
Epoch 62/100 | Batch 400/2366 | Soft KD Loss: 7.5180 | Hard Loss: 1.0319 | Total Loss: 4.2750 | LR: 0.000200
Epoch 62/100 | Batch 600/2366 | Soft KD Loss: 7.3828 | Hard Loss: 1.0893 | Total Loss: 4.2361 | LR: 0.000200
Epoch 62/100 | Batch 800/2366 | Soft KD Loss: 7.5052 | Hard Loss: 1.1560 | Total Loss: 4.3306 | LR: 0.000200
Epoch 62/100 | Batch 1000/2366 | Soft KD Loss: 7.6061 | Hard Loss: 1.1821 | Total Loss: 4.3941 | LR: 0.000200
Epoch 62/100 | Batch 1200/2366 | Soft KD Loss: 7.5280 | Hard Loss: 1.0151 | Total Loss: 4.2716 | LR: 0.000200
Epoch 62/100 | Batch 1400/2366 | Soft KD Loss: 7.5954 | Hard Loss: 1.1741 | Total Loss: 4.3847 | LR: 0.000200
Epoch 62/100 | Batch 1600/2366 | Soft KD Loss: 7.5373 | Hard Loss: 1.1314 | Total Loss: 4.3343 | LR: 0.000200
Epoch 62/100 | Batch 1800/2366 | Soft KD Loss: 7.5815 | Hard Loss: 1.1126 | Total Loss: 4.3470 | LR: 0.000200
Epoch 62/100 | Batch 2000/2366 | Soft KD Loss: 7.4107 | Hard Loss: 1.1599 | Total Loss: 4.2853 | LR: 0.000200
Epoch 62/100 | Batch 2200/2366 | Soft KD Loss: 7.6411 | Hard Loss: 1.1237 | Total Loss: 4.3824 | LR: 0.000200
====> Epoch 62 Average KD Loss: 4.3444 | LR: 0.000200
Epoch 63/100 | Batch 0/2366 | Soft KD Loss: 7.6321 | Hard Loss: 1.0690 | Total Loss: 4.3505 | LR: 0.000200
Epoch 63/100 | Batch 200/2366 | Soft KD Loss: 7.5511 | Hard Loss: 1.2029 | Total Loss: 4.3770 | LR: 0.000200
Epoch 63/100 | Batch 400/2366 | Soft KD Loss: 7.4713 | Hard Loss: 1.1108 | Total Loss: 4.2911 | LR: 0.000200
Epoch 63/100 | Batch 600/2366 | Soft KD Loss: 7.4889 | Hard Loss: 1.1640 | Total Loss: 4.3265 | LR: 0.000200
Epoch 63/100 | Batch 800/2366 | Soft KD Loss: 7.5443 | Hard Loss: 1.0467 | Total Loss: 4.2955 | LR: 0.000200
Epoch 63/100 | Batch 1000/2366 | Soft KD Loss: 7.5393 | Hard Loss: 1.2697 | Total Loss: 4.4045 | LR: 0.000200
Epoch 63/100 | Batch 1200/2366 | Soft KD Loss: 7.7423 | Hard Loss: 1.0824 | Total Loss: 4.4123 | LR: 0.000200
Epoch 63/100 | Batch 1400/2366 | Soft KD Loss: 7.7520 | Hard Loss: 1.1567 | Total Loss: 4.4544 | LR: 0.000200
Epoch 63/100 | Batch 1600/2366 | Soft KD Loss: 7.4459 | Hard Loss: 1.0999 | Total Loss: 4.2729 | LR: 0.000200
Epoch 63/100 | Batch 1800/2366 | Soft KD Loss: 7.5627 | Hard Loss: 1.0099 | Total Loss: 4.2863 | LR: 0.000200
Epoch 63/100 | Batch 2000/2366 | Soft KD Loss: 7.6789 | Hard Loss: 1.0914 | Total Loss: 4.3851 | LR: 0.000200
Epoch 63/100 | Batch 2200/2366 | Soft KD Loss: 7.5604 | Hard Loss: 1.0986 | Total Loss: 4.3295 | LR: 0.000200
====> Epoch 63 Average KD Loss: 4.3435 | LR: 0.000200
Epoch 64/100 | Batch 0/2366 | Soft KD Loss: 7.6363 | Hard Loss: 1.0173 | Total Loss: 4.3268 | LR: 0.000200
Epoch 64/100 | Batch 200/2366 | Soft KD Loss: 7.4558 | Hard Loss: 1.0235 | Total Loss: 4.2396 | LR: 0.000200
Epoch 64/100 | Batch 400/2366 | Soft KD Loss: 7.3808 | Hard Loss: 1.0493 | Total Loss: 4.2151 | LR: 0.000200
Epoch 64/100 | Batch 600/2366 | Soft KD Loss: 7.5030 | Hard Loss: 1.1199 | Total Loss: 4.3114 | LR: 0.000200
Epoch 64/100 | Batch 800/2366 | Soft KD Loss: 7.6492 | Hard Loss: 1.1366 | Total Loss: 4.3929 | LR: 0.000200
Epoch 64/100 | Batch 1000/2366 | Soft KD Loss: 7.7376 | Hard Loss: 1.3620 | Total Loss: 4.5498 | LR: 0.000200
Epoch 64/100 | Batch 1200/2366 | Soft KD Loss: 7.7057 | Hard Loss: 1.0007 | Total Loss: 4.3532 | LR: 0.000200
Epoch 64/100 | Batch 1400/2366 | Soft KD Loss: 7.5139 | Hard Loss: 1.0443 | Total Loss: 4.2791 | LR: 0.000200
Epoch 64/100 | Batch 1600/2366 | Soft KD Loss: 7.5713 | Hard Loss: 1.1280 | Total Loss: 4.3497 | LR: 0.000200
Epoch 64/100 | Batch 1800/2366 | Soft KD Loss: 7.7706 | Hard Loss: 1.1960 | Total Loss: 4.4833 | LR: 0.000200
Epoch 64/100 | Batch 2000/2366 | Soft KD Loss: 7.4996 | Hard Loss: 1.0601 | Total Loss: 4.2798 | LR: 0.000200
Epoch 64/100 | Batch 2200/2366 | Soft KD Loss: 7.7323 | Hard Loss: 1.1430 | Total Loss: 4.4377 | LR: 0.000200
====> Epoch 64 Average KD Loss: 4.3418 | LR: 0.000200
Epoch 65/100 | Batch 0/2366 | Soft KD Loss: 7.4339 | Hard Loss: 1.0275 | Total Loss: 4.2307 | LR: 0.000200
Epoch 65/100 | Batch 200/2366 | Soft KD Loss: 7.4473 | Hard Loss: 1.0712 | Total Loss: 4.2593 | LR: 0.000200
Epoch 65/100 | Batch 400/2366 | Soft KD Loss: 7.7540 | Hard Loss: 1.0707 | Total Loss: 4.4123 | LR: 0.000200
Epoch 65/100 | Batch 600/2366 | Soft KD Loss: 7.6940 | Hard Loss: 1.2178 | Total Loss: 4.4559 | LR: 0.000200
Epoch 65/100 | Batch 800/2366 | Soft KD Loss: 7.7074 | Hard Loss: 1.0180 | Total Loss: 4.3627 | LR: 0.000200
Epoch 65/100 | Batch 1000/2366 | Soft KD Loss: 7.5339 | Hard Loss: 0.9430 | Total Loss: 4.2384 | LR: 0.000200
Epoch 65/100 | Batch 1200/2366 | Soft KD Loss: 7.5445 | Hard Loss: 1.2775 | Total Loss: 4.4110 | LR: 0.000200
Epoch 65/100 | Batch 1400/2366 | Soft KD Loss: 7.5108 | Hard Loss: 1.0258 | Total Loss: 4.2683 | LR: 0.000200
Epoch 65/100 | Batch 1600/2366 | Soft KD Loss: 7.7029 | Hard Loss: 1.0317 | Total Loss: 4.3673 | LR: 0.000200
Epoch 65/100 | Batch 1800/2366 | Soft KD Loss: 7.8806 | Hard Loss: 1.3278 | Total Loss: 4.6042 | LR: 0.000200
Epoch 65/100 | Batch 2000/2366 | Soft KD Loss: 7.6319 | Hard Loss: 1.1456 | Total Loss: 4.3887 | LR: 0.000200
Epoch 65/100 | Batch 2200/2366 | Soft KD Loss: 7.5769 | Hard Loss: 1.1117 | Total Loss: 4.3443 | LR: 0.000200
====> Epoch 65 Average KD Loss: 4.3387 | LR: 0.000200
Epoch 66/100 | Batch 0/2366 | Soft KD Loss: 7.5546 | Hard Loss: 1.0346 | Total Loss: 4.2946 | LR: 0.000200
Epoch 66/100 | Batch 200/2366 | Soft KD Loss: 7.6904 | Hard Loss: 1.1152 | Total Loss: 4.4028 | LR: 0.000200
Epoch 66/100 | Batch 400/2366 | Soft KD Loss: 7.8265 | Hard Loss: 1.2736 | Total Loss: 4.5501 | LR: 0.000200
Epoch 66/100 | Batch 600/2366 | Soft KD Loss: 7.5583 | Hard Loss: 0.8968 | Total Loss: 4.2276 | LR: 0.000200
Epoch 66/100 | Batch 800/2366 | Soft KD Loss: 7.5876 | Hard Loss: 0.9693 | Total Loss: 4.2785 | LR: 0.000200
Epoch 66/100 | Batch 1000/2366 | Soft KD Loss: 7.6303 | Hard Loss: 1.0517 | Total Loss: 4.3410 | LR: 0.000200
Epoch 66/100 | Batch 1200/2366 | Soft KD Loss: 7.4872 | Hard Loss: 0.9845 | Total Loss: 4.2358 | LR: 0.000200
Epoch 66/100 | Batch 1400/2366 | Soft KD Loss: 7.3705 | Hard Loss: 1.1358 | Total Loss: 4.2531 | LR: 0.000200
Epoch 66/100 | Batch 1600/2366 | Soft KD Loss: 7.5478 | Hard Loss: 1.0848 | Total Loss: 4.3163 | LR: 0.000200
Epoch 66/100 | Batch 1800/2366 | Soft KD Loss: 7.5510 | Hard Loss: 1.0621 | Total Loss: 4.3066 | LR: 0.000200
Epoch 66/100 | Batch 2000/2366 | Soft KD Loss: 7.5402 | Hard Loss: 1.0884 | Total Loss: 4.3143 | LR: 0.000200
Epoch 66/100 | Batch 2200/2366 | Soft KD Loss: 7.7430 | Hard Loss: 1.1625 | Total Loss: 4.4527 | LR: 0.000200
====> Epoch 66 Average KD Loss: 4.3376 | LR: 0.000200
Epoch 67/100 | Batch 0/2366 | Soft KD Loss: 7.4553 | Hard Loss: 1.0123 | Total Loss: 4.2338 | LR: 0.000200
Epoch 67/100 | Batch 200/2366 | Soft KD Loss: 7.4422 | Hard Loss: 1.2375 | Total Loss: 4.3399 | LR: 0.000200
Epoch 67/100 | Batch 400/2366 | Soft KD Loss: 7.7411 | Hard Loss: 1.0165 | Total Loss: 4.3788 | LR: 0.000200
Epoch 67/100 | Batch 600/2366 | Soft KD Loss: 7.4545 | Hard Loss: 1.1143 | Total Loss: 4.2844 | LR: 0.000200
Epoch 67/100 | Batch 800/2366 | Soft KD Loss: 7.6984 | Hard Loss: 1.0490 | Total Loss: 4.3737 | LR: 0.000200
Epoch 67/100 | Batch 1000/2366 | Soft KD Loss: 7.5940 | Hard Loss: 1.1049 | Total Loss: 4.3494 | LR: 0.000200
Epoch 67/100 | Batch 1200/2366 | Soft KD Loss: 7.3850 | Hard Loss: 1.2032 | Total Loss: 4.2941 | LR: 0.000200
Epoch 67/100 | Batch 1400/2366 | Soft KD Loss: 7.6404 | Hard Loss: 1.1848 | Total Loss: 4.4126 | LR: 0.000200
Epoch 67/100 | Batch 1600/2366 | Soft KD Loss: 7.4230 | Hard Loss: 1.1450 | Total Loss: 4.2840 | LR: 0.000200
Epoch 67/100 | Batch 1800/2366 | Soft KD Loss: 7.5236 | Hard Loss: 1.1445 | Total Loss: 4.3341 | LR: 0.000200
Epoch 67/100 | Batch 2000/2366 | Soft KD Loss: 7.6452 | Hard Loss: 1.2359 | Total Loss: 4.4406 | LR: 0.000200
Epoch 67/100 | Batch 2200/2366 | Soft KD Loss: 7.4918 | Hard Loss: 1.0227 | Total Loss: 4.2573 | LR: 0.000200
====> Epoch 67 Average KD Loss: 4.3367 | LR: 0.000200
Epoch 68/100 | Batch 0/2366 | Soft KD Loss: 7.5004 | Hard Loss: 1.0993 | Total Loss: 4.2998 | LR: 0.000200
Epoch 68/100 | Batch 200/2366 | Soft KD Loss: 7.5305 | Hard Loss: 1.1098 | Total Loss: 4.3201 | LR: 0.000200
Epoch 68/100 | Batch 400/2366 | Soft KD Loss: 7.4132 | Hard Loss: 1.2881 | Total Loss: 4.3507 | LR: 0.000200
Epoch 68/100 | Batch 600/2366 | Soft KD Loss: 7.4846 | Hard Loss: 1.1442 | Total Loss: 4.3144 | LR: 0.000200
Epoch 68/100 | Batch 800/2366 | Soft KD Loss: 7.5897 | Hard Loss: 1.1433 | Total Loss: 4.3665 | LR: 0.000200
Epoch 68/100 | Batch 1000/2366 | Soft KD Loss: 7.5844 | Hard Loss: 0.9791 | Total Loss: 4.2818 | LR: 0.000200
Epoch 68/100 | Batch 1200/2366 | Soft KD Loss: 7.5220 | Hard Loss: 1.0858 | Total Loss: 4.3039 | LR: 0.000200
Epoch 68/100 | Batch 1400/2366 | Soft KD Loss: 7.5493 | Hard Loss: 1.1782 | Total Loss: 4.3638 | LR: 0.000200
Epoch 68/100 | Batch 1600/2366 | Soft KD Loss: 7.4963 | Hard Loss: 1.0982 | Total Loss: 4.2973 | LR: 0.000200
Epoch 68/100 | Batch 1800/2366 | Soft KD Loss: 7.5382 | Hard Loss: 1.2236 | Total Loss: 4.3809 | LR: 0.000200
Epoch 68/100 | Batch 2000/2366 | Soft KD Loss: 7.6684 | Hard Loss: 1.2485 | Total Loss: 4.4584 | LR: 0.000200
Epoch 68/100 | Batch 2200/2366 | Soft KD Loss: 7.6552 | Hard Loss: 1.0480 | Total Loss: 4.3516 | LR: 0.000200
====> Epoch 68 Average KD Loss: 4.3342 | LR: 0.000200
Epoch 69/100 | Batch 0/2366 | Soft KD Loss: 7.5480 | Hard Loss: 1.1926 | Total Loss: 4.3703 | LR: 0.000200
Epoch 69/100 | Batch 200/2366 | Soft KD Loss: 7.4003 | Hard Loss: 0.9823 | Total Loss: 4.1913 | LR: 0.000200
Epoch 69/100 | Batch 400/2366 | Soft KD Loss: 7.4368 | Hard Loss: 1.2850 | Total Loss: 4.3609 | LR: 0.000200
Epoch 69/100 | Batch 600/2366 | Soft KD Loss: 7.5950 | Hard Loss: 1.1470 | Total Loss: 4.3710 | LR: 0.000200
Epoch 69/100 | Batch 800/2366 | Soft KD Loss: 7.4899 | Hard Loss: 1.1111 | Total Loss: 4.3005 | LR: 0.000200
Epoch 69/100 | Batch 1000/2366 | Soft KD Loss: 7.5685 | Hard Loss: 1.1148 | Total Loss: 4.3416 | LR: 0.000200
Epoch 69/100 | Batch 1200/2366 | Soft KD Loss: 7.7061 | Hard Loss: 1.0770 | Total Loss: 4.3916 | LR: 0.000200
Epoch 69/100 | Batch 1400/2366 | Soft KD Loss: 7.6796 | Hard Loss: 1.0021 | Total Loss: 4.3409 | LR: 0.000200
Epoch 69/100 | Batch 1600/2366 | Soft KD Loss: 7.5079 | Hard Loss: 1.0492 | Total Loss: 4.2785 | LR: 0.000200
Epoch 69/100 | Batch 1800/2366 | Soft KD Loss: 7.5179 | Hard Loss: 0.9979 | Total Loss: 4.2579 | LR: 0.000200
Epoch 69/100 | Batch 2000/2366 | Soft KD Loss: 7.4203 | Hard Loss: 1.0954 | Total Loss: 4.2579 | LR: 0.000200
Epoch 69/100 | Batch 2200/2366 | Soft KD Loss: 7.6546 | Hard Loss: 1.2422 | Total Loss: 4.4484 | LR: 0.000200
====> Epoch 69 Average KD Loss: 4.3330 | LR: 0.000200
Epoch 70/100 | Batch 0/2366 | Soft KD Loss: 7.5930 | Hard Loss: 1.0479 | Total Loss: 4.3205 | LR: 0.000200
Epoch 70/100 | Batch 200/2366 | Soft KD Loss: 7.4591 | Hard Loss: 1.0626 | Total Loss: 4.2608 | LR: 0.000200
Epoch 70/100 | Batch 400/2366 | Soft KD Loss: 7.5466 | Hard Loss: 1.1328 | Total Loss: 4.3397 | LR: 0.000200
Epoch 70/100 | Batch 600/2366 | Soft KD Loss: 7.7636 | Hard Loss: 1.1438 | Total Loss: 4.4537 | LR: 0.000200
Epoch 70/100 | Batch 800/2366 | Soft KD Loss: 7.5382 | Hard Loss: 1.1315 | Total Loss: 4.3349 | LR: 0.000200
Epoch 70/100 | Batch 1000/2366 | Soft KD Loss: 7.4721 | Hard Loss: 0.9725 | Total Loss: 4.2223 | LR: 0.000200
Epoch 70/100 | Batch 1200/2366 | Soft KD Loss: 7.4172 | Hard Loss: 1.0492 | Total Loss: 4.2332 | LR: 0.000200
Epoch 70/100 | Batch 1400/2366 | Soft KD Loss: 7.5716 | Hard Loss: 1.0331 | Total Loss: 4.3024 | LR: 0.000200
Epoch 70/100 | Batch 1600/2366 | Soft KD Loss: 7.5739 | Hard Loss: 1.1255 | Total Loss: 4.3497 | LR: 0.000200
Epoch 70/100 | Batch 1800/2366 | Soft KD Loss: 7.5793 | Hard Loss: 1.0103 | Total Loss: 4.2948 | LR: 0.000200
Epoch 70/100 | Batch 2000/2366 | Soft KD Loss: 7.4941 | Hard Loss: 1.0843 | Total Loss: 4.2892 | LR: 0.000200
Epoch 70/100 | Batch 2200/2366 | Soft KD Loss: 7.4365 | Hard Loss: 1.0633 | Total Loss: 4.2499 | LR: 0.000200
====> Epoch 70 Average KD Loss: 4.3312 | LR: 0.000200
Epoch 71/100 | Batch 0/2366 | Soft KD Loss: 7.7032 | Hard Loss: 1.1100 | Total Loss: 4.4066 | LR: 0.000200
Epoch 71/100 | Batch 200/2366 | Soft KD Loss: 7.5646 | Hard Loss: 1.1843 | Total Loss: 4.3744 | LR: 0.000200
Epoch 71/100 | Batch 400/2366 | Soft KD Loss: 7.5186 | Hard Loss: 1.1369 | Total Loss: 4.3278 | LR: 0.000200
Epoch 71/100 | Batch 600/2366 | Soft KD Loss: 7.5923 | Hard Loss: 1.1752 | Total Loss: 4.3837 | LR: 0.000200
Epoch 71/100 | Batch 800/2366 | Soft KD Loss: 7.4734 | Hard Loss: 0.9458 | Total Loss: 4.2096 | LR: 0.000200
Epoch 71/100 | Batch 1000/2366 | Soft KD Loss: 7.4198 | Hard Loss: 1.0364 | Total Loss: 4.2281 | LR: 0.000200
Epoch 71/100 | Batch 1200/2366 | Soft KD Loss: 7.4058 | Hard Loss: 1.0386 | Total Loss: 4.2222 | LR: 0.000200
Epoch 71/100 | Batch 1400/2366 | Soft KD Loss: 7.4807 | Hard Loss: 1.1059 | Total Loss: 4.2933 | LR: 0.000200
Epoch 71/100 | Batch 1600/2366 | Soft KD Loss: 7.5662 | Hard Loss: 1.1139 | Total Loss: 4.3401 | LR: 0.000200
Epoch 71/100 | Batch 1800/2366 | Soft KD Loss: 7.5252 | Hard Loss: 1.1179 | Total Loss: 4.3216 | LR: 0.000200
Epoch 71/100 | Batch 2000/2366 | Soft KD Loss: 7.4740 | Hard Loss: 1.1652 | Total Loss: 4.3196 | LR: 0.000200
Epoch 71/100 | Batch 2200/2366 | Soft KD Loss: 7.3077 | Hard Loss: 1.0299 | Total Loss: 4.1688 | LR: 0.000200
====> Epoch 71 Average KD Loss: 4.3301 | LR: 0.000200
Epoch 72/100 | Batch 0/2366 | Soft KD Loss: 7.5268 | Hard Loss: 1.0004 | Total Loss: 4.2636 | LR: 0.000200
Epoch 72/100 | Batch 200/2366 | Soft KD Loss: 7.5759 | Hard Loss: 1.1885 | Total Loss: 4.3822 | LR: 0.000200
Epoch 72/100 | Batch 400/2366 | Soft KD Loss: 7.5940 | Hard Loss: 1.0289 | Total Loss: 4.3114 | LR: 0.000200
Epoch 72/100 | Batch 600/2366 | Soft KD Loss: 7.6951 | Hard Loss: 1.1898 | Total Loss: 4.4425 | LR: 0.000200
Epoch 72/100 | Batch 800/2366 | Soft KD Loss: 7.6653 | Hard Loss: 1.0706 | Total Loss: 4.3680 | LR: 0.000200
Epoch 72/100 | Batch 1000/2366 | Soft KD Loss: 7.4075 | Hard Loss: 1.2918 | Total Loss: 4.3496 | LR: 0.000200
Epoch 72/100 | Batch 1200/2366 | Soft KD Loss: 7.6601 | Hard Loss: 1.0738 | Total Loss: 4.3669 | LR: 0.000200
Epoch 72/100 | Batch 1400/2366 | Soft KD Loss: 7.4755 | Hard Loss: 1.1917 | Total Loss: 4.3336 | LR: 0.000200
Epoch 72/100 | Batch 1600/2366 | Soft KD Loss: 7.7565 | Hard Loss: 1.0906 | Total Loss: 4.4236 | LR: 0.000200
Epoch 72/100 | Batch 1800/2366 | Soft KD Loss: 7.4411 | Hard Loss: 1.1068 | Total Loss: 4.2739 | LR: 0.000200
Epoch 72/100 | Batch 2000/2366 | Soft KD Loss: 7.5579 | Hard Loss: 1.2574 | Total Loss: 4.4076 | LR: 0.000200
Epoch 72/100 | Batch 2200/2366 | Soft KD Loss: 7.5021 | Hard Loss: 1.0746 | Total Loss: 4.2884 | LR: 0.000200
====> Epoch 72 Average KD Loss: 4.3278 | LR: 0.000200
Epoch 73/100 | Batch 0/2366 | Soft KD Loss: 7.6183 | Hard Loss: 0.9127 | Total Loss: 4.2655 | LR: 0.000200
Epoch 73/100 | Batch 200/2366 | Soft KD Loss: 7.5208 | Hard Loss: 1.1365 | Total Loss: 4.3287 | LR: 0.000200
Epoch 73/100 | Batch 400/2366 | Soft KD Loss: 7.5791 | Hard Loss: 1.0164 | Total Loss: 4.2978 | LR: 0.000200
Epoch 73/100 | Batch 600/2366 | Soft KD Loss: 7.5660 | Hard Loss: 1.0096 | Total Loss: 4.2878 | LR: 0.000200
Epoch 73/100 | Batch 800/2366 | Soft KD Loss: 7.5983 | Hard Loss: 1.0619 | Total Loss: 4.3301 | LR: 0.000200
Epoch 73/100 | Batch 1000/2366 | Soft KD Loss: 7.7731 | Hard Loss: 0.9373 | Total Loss: 4.3552 | LR: 0.000200
Epoch 73/100 | Batch 1200/2366 | Soft KD Loss: 7.5970 | Hard Loss: 1.0416 | Total Loss: 4.3193 | LR: 0.000200
Epoch 73/100 | Batch 1400/2366 | Soft KD Loss: 7.7924 | Hard Loss: 1.2145 | Total Loss: 4.5035 | LR: 0.000200
Epoch 73/100 | Batch 1600/2366 | Soft KD Loss: 7.4887 | Hard Loss: 1.0053 | Total Loss: 4.2470 | LR: 0.000200
Epoch 73/100 | Batch 1800/2366 | Soft KD Loss: 7.6650 | Hard Loss: 1.0738 | Total Loss: 4.3694 | LR: 0.000200
Epoch 73/100 | Batch 2000/2366 | Soft KD Loss: 7.5789 | Hard Loss: 1.0465 | Total Loss: 4.3127 | LR: 0.000200
Epoch 73/100 | Batch 2200/2366 | Soft KD Loss: 7.5653 | Hard Loss: 1.0759 | Total Loss: 4.3206 | LR: 0.000200
====> Epoch 73 Average KD Loss: 4.3273 | LR: 0.000200
Epoch 74/100 | Batch 0/2366 | Soft KD Loss: 7.5209 | Hard Loss: 1.0424 | Total Loss: 4.2816 | LR: 0.000200
Epoch 74/100 | Batch 200/2366 | Soft KD Loss: 7.5995 | Hard Loss: 1.0537 | Total Loss: 4.3266 | LR: 0.000200
Epoch 74/100 | Batch 400/2366 | Soft KD Loss: 7.4844 | Hard Loss: 1.1402 | Total Loss: 4.3123 | LR: 0.000200
Epoch 74/100 | Batch 600/2366 | Soft KD Loss: 7.5067 | Hard Loss: 1.1872 | Total Loss: 4.3470 | LR: 0.000200
Epoch 74/100 | Batch 800/2366 | Soft KD Loss: 7.5768 | Hard Loss: 1.1848 | Total Loss: 4.3808 | LR: 0.000200
Epoch 74/100 | Batch 1000/2366 | Soft KD Loss: 7.6673 | Hard Loss: 1.0457 | Total Loss: 4.3565 | LR: 0.000200
Epoch 74/100 | Batch 1200/2366 | Soft KD Loss: 7.6010 | Hard Loss: 1.0643 | Total Loss: 4.3327 | LR: 0.000200
Epoch 74/100 | Batch 1400/2366 | Soft KD Loss: 7.3212 | Hard Loss: 0.9243 | Total Loss: 4.1228 | LR: 0.000200
Epoch 74/100 | Batch 1600/2366 | Soft KD Loss: 7.7274 | Hard Loss: 1.1859 | Total Loss: 4.4567 | LR: 0.000200
Epoch 74/100 | Batch 1800/2366 | Soft KD Loss: 7.6051 | Hard Loss: 1.0757 | Total Loss: 4.3404 | LR: 0.000200
Epoch 74/100 | Batch 2000/2366 | Soft KD Loss: 7.4388 | Hard Loss: 0.9843 | Total Loss: 4.2116 | LR: 0.000200
Epoch 74/100 | Batch 2200/2366 | Soft KD Loss: 7.7038 | Hard Loss: 1.1901 | Total Loss: 4.4469 | LR: 0.000200
====> Epoch 74 Average KD Loss: 4.3247 | LR: 0.000200
Epoch 75/100 | Batch 0/2366 | Soft KD Loss: 7.3842 | Hard Loss: 1.2801 | Total Loss: 4.3322 | LR: 0.000200
Epoch 75/100 | Batch 200/2366 | Soft KD Loss: 7.6088 | Hard Loss: 1.1427 | Total Loss: 4.3758 | LR: 0.000200
Epoch 75/100 | Batch 400/2366 | Soft KD Loss: 7.6433 | Hard Loss: 1.1000 | Total Loss: 4.3716 | LR: 0.000200
Epoch 75/100 | Batch 600/2366 | Soft KD Loss: 7.5015 | Hard Loss: 1.1218 | Total Loss: 4.3116 | LR: 0.000200
Epoch 75/100 | Batch 800/2366 | Soft KD Loss: 7.6261 | Hard Loss: 1.1153 | Total Loss: 4.3707 | LR: 0.000200
Epoch 75/100 | Batch 1000/2366 | Soft KD Loss: 7.5369 | Hard Loss: 1.1419 | Total Loss: 4.3394 | LR: 0.000200
Epoch 75/100 | Batch 1200/2366 | Soft KD Loss: 7.4467 | Hard Loss: 1.1183 | Total Loss: 4.2825 | LR: 0.000200
Epoch 75/100 | Batch 1400/2366 | Soft KD Loss: 7.3969 | Hard Loss: 1.0345 | Total Loss: 4.2157 | LR: 0.000200
Epoch 75/100 | Batch 1600/2366 | Soft KD Loss: 7.7426 | Hard Loss: 1.2927 | Total Loss: 4.5176 | LR: 0.000200
Epoch 75/100 | Batch 1800/2366 | Soft KD Loss: 7.7201 | Hard Loss: 1.1680 | Total Loss: 4.4441 | LR: 0.000200
Epoch 75/100 | Batch 2000/2366 | Soft KD Loss: 7.4715 | Hard Loss: 0.9870 | Total Loss: 4.2293 | LR: 0.000200
Epoch 75/100 | Batch 2200/2366 | Soft KD Loss: 7.5406 | Hard Loss: 1.1650 | Total Loss: 4.3528 | LR: 0.000200
====> Epoch 75 Average KD Loss: 4.3253 | LR: 0.000200
Epoch 76/100 | Batch 0/2366 | Soft KD Loss: 7.5756 | Hard Loss: 1.0297 | Total Loss: 4.3026 | LR: 0.000200
Epoch 76/100 | Batch 200/2366 | Soft KD Loss: 7.3734 | Hard Loss: 1.0303 | Total Loss: 4.2018 | LR: 0.000200
Epoch 76/100 | Batch 400/2366 | Soft KD Loss: 7.4602 | Hard Loss: 0.9833 | Total Loss: 4.2217 | LR: 0.000200
Epoch 76/100 | Batch 600/2366 | Soft KD Loss: 7.4306 | Hard Loss: 1.1252 | Total Loss: 4.2779 | LR: 0.000200
Epoch 76/100 | Batch 800/2366 | Soft KD Loss: 7.6765 | Hard Loss: 1.1072 | Total Loss: 4.3918 | LR: 0.000200
Epoch 76/100 | Batch 1000/2366 | Soft KD Loss: 7.4906 | Hard Loss: 1.0822 | Total Loss: 4.2864 | LR: 0.000200
Epoch 76/100 | Batch 1200/2366 | Soft KD Loss: 7.7515 | Hard Loss: 1.1735 | Total Loss: 4.4625 | LR: 0.000200
Epoch 76/100 | Batch 1400/2366 | Soft KD Loss: 7.6046 | Hard Loss: 1.0245 | Total Loss: 4.3146 | LR: 0.000200
Epoch 76/100 | Batch 1600/2366 | Soft KD Loss: 7.4831 | Hard Loss: 1.1106 | Total Loss: 4.2968 | LR: 0.000200
Epoch 76/100 | Batch 1800/2366 | Soft KD Loss: 7.5336 | Hard Loss: 1.1823 | Total Loss: 4.3580 | LR: 0.000200
Epoch 76/100 | Batch 2000/2366 | Soft KD Loss: 7.5115 | Hard Loss: 0.9903 | Total Loss: 4.2509 | LR: 0.000200
Epoch 76/100 | Batch 2200/2366 | Soft KD Loss: 7.6619 | Hard Loss: 1.0274 | Total Loss: 4.3447 | LR: 0.000200
====> Epoch 76 Average KD Loss: 4.3233 | LR: 0.000200
Epoch 77/100 | Batch 0/2366 | Soft KD Loss: 7.6142 | Hard Loss: 1.1607 | Total Loss: 4.3874 | LR: 0.000200
Epoch 77/100 | Batch 200/2366 | Soft KD Loss: 7.5723 | Hard Loss: 1.0674 | Total Loss: 4.3199 | LR: 0.000200
Epoch 77/100 | Batch 400/2366 | Soft KD Loss: 7.4028 | Hard Loss: 0.9684 | Total Loss: 4.1856 | LR: 0.000200
Epoch 77/100 | Batch 600/2366 | Soft KD Loss: 7.7368 | Hard Loss: 1.0759 | Total Loss: 4.4063 | LR: 0.000200
Epoch 77/100 | Batch 800/2366 | Soft KD Loss: 7.5203 | Hard Loss: 1.1243 | Total Loss: 4.3223 | LR: 0.000200
Epoch 77/100 | Batch 1000/2366 | Soft KD Loss: 7.6437 | Hard Loss: 1.1044 | Total Loss: 4.3741 | LR: 0.000200
Epoch 77/100 | Batch 1200/2366 | Soft KD Loss: 7.6564 | Hard Loss: 1.1223 | Total Loss: 4.3893 | LR: 0.000200
Epoch 77/100 | Batch 1400/2366 | Soft KD Loss: 7.7321 | Hard Loss: 1.0869 | Total Loss: 4.4095 | LR: 0.000200
Epoch 77/100 | Batch 1600/2366 | Soft KD Loss: 7.7068 | Hard Loss: 1.2498 | Total Loss: 4.4783 | LR: 0.000200
Epoch 77/100 | Batch 1800/2366 | Soft KD Loss: 7.6175 | Hard Loss: 1.0982 | Total Loss: 4.3579 | LR: 0.000200
Epoch 77/100 | Batch 2000/2366 | Soft KD Loss: 7.4733 | Hard Loss: 1.0546 | Total Loss: 4.2640 | LR: 0.000200
Epoch 77/100 | Batch 2200/2366 | Soft KD Loss: 7.5217 | Hard Loss: 1.2126 | Total Loss: 4.3671 | LR: 0.000200
====> Epoch 77 Average KD Loss: 4.3213 | LR: 0.000200
Epoch 78/100 | Batch 0/2366 | Soft KD Loss: 7.6067 | Hard Loss: 1.1254 | Total Loss: 4.3661 | LR: 0.000200
Epoch 78/100 | Batch 200/2366 | Soft KD Loss: 7.3698 | Hard Loss: 1.1970 | Total Loss: 4.2834 | LR: 0.000200
Epoch 78/100 | Batch 400/2366 | Soft KD Loss: 7.4344 | Hard Loss: 1.1841 | Total Loss: 4.3093 | LR: 0.000200
Epoch 78/100 | Batch 600/2366 | Soft KD Loss: 7.3515 | Hard Loss: 1.0804 | Total Loss: 4.2160 | LR: 0.000200
Epoch 78/100 | Batch 800/2366 | Soft KD Loss: 7.6488 | Hard Loss: 1.1662 | Total Loss: 4.4075 | LR: 0.000200
Epoch 78/100 | Batch 1000/2366 | Soft KD Loss: 7.5753 | Hard Loss: 1.0497 | Total Loss: 4.3125 | LR: 0.000200
Epoch 78/100 | Batch 1200/2366 | Soft KD Loss: 7.6142 | Hard Loss: 1.1106 | Total Loss: 4.3624 | LR: 0.000200
Epoch 78/100 | Batch 1400/2366 | Soft KD Loss: 7.4469 | Hard Loss: 1.1604 | Total Loss: 4.3037 | LR: 0.000200
Epoch 78/100 | Batch 1600/2366 | Soft KD Loss: 7.5344 | Hard Loss: 0.9862 | Total Loss: 4.2603 | LR: 0.000200
Epoch 78/100 | Batch 1800/2366 | Soft KD Loss: 7.4357 | Hard Loss: 1.1331 | Total Loss: 4.2844 | LR: 0.000200
Epoch 78/100 | Batch 2000/2366 | Soft KD Loss: 7.5545 | Hard Loss: 1.0787 | Total Loss: 4.3166 | LR: 0.000200
Epoch 78/100 | Batch 2200/2366 | Soft KD Loss: 7.5295 | Hard Loss: 0.9844 | Total Loss: 4.2569 | LR: 0.000200
====> Epoch 78 Average KD Loss: 4.3204 | LR: 0.000200
Epoch 79/100 | Batch 0/2366 | Soft KD Loss: 7.5864 | Hard Loss: 1.1259 | Total Loss: 4.3561 | LR: 0.000200
Epoch 79/100 | Batch 200/2366 | Soft KD Loss: 7.4562 | Hard Loss: 1.0699 | Total Loss: 4.2631 | LR: 0.000200
Epoch 79/100 | Batch 400/2366 | Soft KD Loss: 7.6294 | Hard Loss: 0.9859 | Total Loss: 4.3077 | LR: 0.000200
Epoch 79/100 | Batch 600/2366 | Soft KD Loss: 7.3873 | Hard Loss: 1.1145 | Total Loss: 4.2509 | LR: 0.000200
Epoch 79/100 | Batch 800/2366 | Soft KD Loss: 7.5842 | Hard Loss: 0.9671 | Total Loss: 4.2756 | LR: 0.000200
Epoch 79/100 | Batch 1000/2366 | Soft KD Loss: 7.4424 | Hard Loss: 1.0576 | Total Loss: 4.2500 | LR: 0.000200
Epoch 79/100 | Batch 1200/2366 | Soft KD Loss: 7.5262 | Hard Loss: 0.9876 | Total Loss: 4.2569 | LR: 0.000200
Epoch 79/100 | Batch 1400/2366 | Soft KD Loss: 7.6048 | Hard Loss: 1.1139 | Total Loss: 4.3593 | LR: 0.000200
Epoch 79/100 | Batch 1600/2366 | Soft KD Loss: 7.5884 | Hard Loss: 1.1010 | Total Loss: 4.3447 | LR: 0.000200
Epoch 79/100 | Batch 1800/2366 | Soft KD Loss: 7.4187 | Hard Loss: 0.9972 | Total Loss: 4.2080 | LR: 0.000200
Epoch 79/100 | Batch 2000/2366 | Soft KD Loss: 7.6467 | Hard Loss: 1.1746 | Total Loss: 4.4106 | LR: 0.000200
Epoch 79/100 | Batch 2200/2366 | Soft KD Loss: 7.4618 | Hard Loss: 1.1515 | Total Loss: 4.3067 | LR: 0.000200
====> Epoch 79 Average KD Loss: 4.3195 | LR: 0.000200
Epoch 80/100 | Batch 0/2366 | Soft KD Loss: 7.5946 | Hard Loss: 1.1313 | Total Loss: 4.3630 | LR: 0.000200
Epoch 80/100 | Batch 200/2366 | Soft KD Loss: 7.6588 | Hard Loss: 1.2274 | Total Loss: 4.4431 | LR: 0.000200
Epoch 80/100 | Batch 400/2366 | Soft KD Loss: 7.3903 | Hard Loss: 1.0156 | Total Loss: 4.2030 | LR: 0.000200
Epoch 80/100 | Batch 600/2366 | Soft KD Loss: 7.4939 | Hard Loss: 1.0649 | Total Loss: 4.2794 | LR: 0.000200
Epoch 80/100 | Batch 800/2366 | Soft KD Loss: 7.5808 | Hard Loss: 1.1049 | Total Loss: 4.3428 | LR: 0.000200
Epoch 80/100 | Batch 1000/2366 | Soft KD Loss: 7.4853 | Hard Loss: 1.0518 | Total Loss: 4.2686 | LR: 0.000200
Epoch 80/100 | Batch 1200/2366 | Soft KD Loss: 7.5561 | Hard Loss: 1.0321 | Total Loss: 4.2941 | LR: 0.000200
Epoch 80/100 | Batch 1400/2366 | Soft KD Loss: 7.4288 | Hard Loss: 1.0264 | Total Loss: 4.2276 | LR: 0.000200
Epoch 80/100 | Batch 1600/2366 | Soft KD Loss: 7.7146 | Hard Loss: 1.1752 | Total Loss: 4.4449 | LR: 0.000200
Epoch 80/100 | Batch 1800/2366 | Soft KD Loss: 7.3578 | Hard Loss: 1.1055 | Total Loss: 4.2316 | LR: 0.000200
Epoch 80/100 | Batch 2000/2366 | Soft KD Loss: 7.5367 | Hard Loss: 1.2583 | Total Loss: 4.3975 | LR: 0.000200
Epoch 80/100 | Batch 2200/2366 | Soft KD Loss: 7.4953 | Hard Loss: 1.1426 | Total Loss: 4.3190 | LR: 0.000200
====> Epoch 80 Average KD Loss: 4.3176 | LR: 0.000200
Epoch 81/100 | Batch 0/2366 | Soft KD Loss: 7.4324 | Hard Loss: 1.1457 | Total Loss: 4.2891 | LR: 0.000200
Epoch 81/100 | Batch 200/2366 | Soft KD Loss: 7.5054 | Hard Loss: 1.0695 | Total Loss: 4.2874 | LR: 0.000200
Epoch 81/100 | Batch 400/2366 | Soft KD Loss: 7.5497 | Hard Loss: 1.1478 | Total Loss: 4.3488 | LR: 0.000200
Epoch 81/100 | Batch 600/2366 | Soft KD Loss: 7.6020 | Hard Loss: 1.0208 | Total Loss: 4.3114 | LR: 0.000200
Epoch 81/100 | Batch 800/2366 | Soft KD Loss: 7.5399 | Hard Loss: 1.1035 | Total Loss: 4.3217 | LR: 0.000200
Epoch 81/100 | Batch 1000/2366 | Soft KD Loss: 7.5271 | Hard Loss: 1.0776 | Total Loss: 4.3024 | LR: 0.000200
Epoch 81/100 | Batch 1200/2366 | Soft KD Loss: 7.7570 | Hard Loss: 1.2371 | Total Loss: 4.4970 | LR: 0.000200
Epoch 81/100 | Batch 1400/2366 | Soft KD Loss: 7.4927 | Hard Loss: 1.0722 | Total Loss: 4.2824 | LR: 0.000200
Epoch 81/100 | Batch 1600/2366 | Soft KD Loss: 7.5811 | Hard Loss: 1.1179 | Total Loss: 4.3495 | LR: 0.000200
Epoch 81/100 | Batch 1800/2366 | Soft KD Loss: 7.4593 | Hard Loss: 1.0571 | Total Loss: 4.2582 | LR: 0.000200
Epoch 81/100 | Batch 2000/2366 | Soft KD Loss: 7.4948 | Hard Loss: 1.0927 | Total Loss: 4.2938 | LR: 0.000200
Epoch 81/100 | Batch 2200/2366 | Soft KD Loss: 7.5316 | Hard Loss: 1.1589 | Total Loss: 4.3452 | LR: 0.000200
====> Epoch 81 Average KD Loss: 4.3167 | LR: 0.000200
Epoch 82/100 | Batch 0/2366 | Soft KD Loss: 7.4658 | Hard Loss: 0.9643 | Total Loss: 4.2151 | LR: 0.000200
Epoch 82/100 | Batch 200/2366 | Soft KD Loss: 7.5933 | Hard Loss: 1.0987 | Total Loss: 4.3460 | LR: 0.000200
Epoch 82/100 | Batch 400/2366 | Soft KD Loss: 7.6197 | Hard Loss: 1.0633 | Total Loss: 4.3415 | LR: 0.000200
Epoch 82/100 | Batch 600/2366 | Soft KD Loss: 7.4513 | Hard Loss: 1.0498 | Total Loss: 4.2505 | LR: 0.000200
Epoch 82/100 | Batch 800/2366 | Soft KD Loss: 7.5740 | Hard Loss: 1.0646 | Total Loss: 4.3193 | LR: 0.000200
Epoch 82/100 | Batch 1000/2366 | Soft KD Loss: 7.7954 | Hard Loss: 1.0454 | Total Loss: 4.4204 | LR: 0.000200
Epoch 82/100 | Batch 1200/2366 | Soft KD Loss: 7.4844 | Hard Loss: 1.0731 | Total Loss: 4.2788 | LR: 0.000200
Epoch 82/100 | Batch 1400/2366 | Soft KD Loss: 7.5092 | Hard Loss: 1.1850 | Total Loss: 4.3471 | LR: 0.000200
Epoch 82/100 | Batch 1600/2366 | Soft KD Loss: 7.4800 | Hard Loss: 1.1208 | Total Loss: 4.3004 | LR: 0.000200
Epoch 82/100 | Batch 1800/2366 | Soft KD Loss: 7.6189 | Hard Loss: 1.0973 | Total Loss: 4.3581 | LR: 0.000200
Epoch 82/100 | Batch 2000/2366 | Soft KD Loss: 7.5618 | Hard Loss: 1.1784 | Total Loss: 4.3701 | LR: 0.000200
Epoch 82/100 | Batch 2200/2366 | Soft KD Loss: 7.5740 | Hard Loss: 1.1251 | Total Loss: 4.3495 | LR: 0.000200
====> Epoch 82 Average KD Loss: 4.3154 | LR: 0.000200
Epoch 83/100 | Batch 0/2366 | Soft KD Loss: 7.3557 | Hard Loss: 1.2046 | Total Loss: 4.2802 | LR: 0.000200
Epoch 83/100 | Batch 200/2366 | Soft KD Loss: 7.3822 | Hard Loss: 1.1158 | Total Loss: 4.2490 | LR: 0.000200
Epoch 83/100 | Batch 400/2366 | Soft KD Loss: 7.4931 | Hard Loss: 1.0825 | Total Loss: 4.2878 | LR: 0.000200
Epoch 83/100 | Batch 600/2366 | Soft KD Loss: 7.5158 | Hard Loss: 1.1541 | Total Loss: 4.3350 | LR: 0.000200
Epoch 83/100 | Batch 800/2366 | Soft KD Loss: 7.4524 | Hard Loss: 1.0833 | Total Loss: 4.2679 | LR: 0.000200
Epoch 83/100 | Batch 1000/2366 | Soft KD Loss: 7.6289 | Hard Loss: 1.0664 | Total Loss: 4.3476 | LR: 0.000200
Epoch 83/100 | Batch 1200/2366 | Soft KD Loss: 7.4611 | Hard Loss: 1.0624 | Total Loss: 4.2618 | LR: 0.000200
Epoch 83/100 | Batch 1400/2366 | Soft KD Loss: 7.6243 | Hard Loss: 1.2089 | Total Loss: 4.4166 | LR: 0.000200
Epoch 83/100 | Batch 1600/2366 | Soft KD Loss: 7.4190 | Hard Loss: 1.1448 | Total Loss: 4.2819 | LR: 0.000200
Epoch 83/100 | Batch 1800/2366 | Soft KD Loss: 7.4633 | Hard Loss: 1.0922 | Total Loss: 4.2778 | LR: 0.000200
Epoch 83/100 | Batch 2000/2366 | Soft KD Loss: 7.6430 | Hard Loss: 1.1136 | Total Loss: 4.3783 | LR: 0.000200
Epoch 83/100 | Batch 2200/2366 | Soft KD Loss: 7.3373 | Hard Loss: 0.9605 | Total Loss: 4.1489 | LR: 0.000200
====> Epoch 83 Average KD Loss: 4.3144 | LR: 0.000200
Epoch 84/100 | Batch 0/2366 | Soft KD Loss: 7.5515 | Hard Loss: 1.0414 | Total Loss: 4.2965 | LR: 0.000200
Epoch 84/100 | Batch 200/2366 | Soft KD Loss: 7.5248 | Hard Loss: 1.0924 | Total Loss: 4.3086 | LR: 0.000200
Epoch 84/100 | Batch 400/2366 | Soft KD Loss: 7.4090 | Hard Loss: 1.1117 | Total Loss: 4.2604 | LR: 0.000200
Epoch 84/100 | Batch 600/2366 | Soft KD Loss: 7.6031 | Hard Loss: 0.9859 | Total Loss: 4.2945 | LR: 0.000200
Epoch 84/100 | Batch 800/2366 | Soft KD Loss: 7.4555 | Hard Loss: 1.0413 | Total Loss: 4.2484 | LR: 0.000200
Epoch 84/100 | Batch 1000/2366 | Soft KD Loss: 7.4396 | Hard Loss: 0.9733 | Total Loss: 4.2065 | LR: 0.000200
Epoch 84/100 | Batch 1200/2366 | Soft KD Loss: 7.5250 | Hard Loss: 1.1799 | Total Loss: 4.3524 | LR: 0.000200
Epoch 84/100 | Batch 1400/2366 | Soft KD Loss: 7.4755 | Hard Loss: 1.1374 | Total Loss: 4.3064 | LR: 0.000200
Epoch 84/100 | Batch 1600/2366 | Soft KD Loss: 7.5307 | Hard Loss: 1.1195 | Total Loss: 4.3251 | LR: 0.000200
Epoch 84/100 | Batch 1800/2366 | Soft KD Loss: 7.5542 | Hard Loss: 1.2062 | Total Loss: 4.3802 | LR: 0.000200
Epoch 84/100 | Batch 2000/2366 | Soft KD Loss: 7.5529 | Hard Loss: 1.0870 | Total Loss: 4.3200 | LR: 0.000200
Epoch 84/100 | Batch 2200/2366 | Soft KD Loss: 7.5522 | Hard Loss: 1.1942 | Total Loss: 4.3732 | LR: 0.000200
====> Epoch 84 Average KD Loss: 4.3135 | LR: 0.000200
Epoch 85/100 | Batch 0/2366 | Soft KD Loss: 7.3498 | Hard Loss: 1.0548 | Total Loss: 4.2023 | LR: 0.000200
Epoch 85/100 | Batch 200/2366 | Soft KD Loss: 7.7304 | Hard Loss: 1.1449 | Total Loss: 4.4376 | LR: 0.000200
Epoch 85/100 | Batch 400/2366 | Soft KD Loss: 7.6039 | Hard Loss: 1.1242 | Total Loss: 4.3641 | LR: 0.000200
Epoch 85/100 | Batch 600/2366 | Soft KD Loss: 7.4628 | Hard Loss: 1.3278 | Total Loss: 4.3953 | LR: 0.000200
Epoch 85/100 | Batch 800/2366 | Soft KD Loss: 7.4851 | Hard Loss: 1.1464 | Total Loss: 4.3158 | LR: 0.000200
Epoch 85/100 | Batch 1000/2366 | Soft KD Loss: 7.5457 | Hard Loss: 1.1963 | Total Loss: 4.3710 | LR: 0.000200
Epoch 85/100 | Batch 1200/2366 | Soft KD Loss: 7.6502 | Hard Loss: 1.1288 | Total Loss: 4.3895 | LR: 0.000200
Epoch 85/100 | Batch 1400/2366 | Soft KD Loss: 7.4271 | Hard Loss: 1.1272 | Total Loss: 4.2771 | LR: 0.000200
Epoch 85/100 | Batch 1600/2366 | Soft KD Loss: 7.5456 | Hard Loss: 1.1893 | Total Loss: 4.3674 | LR: 0.000200
Epoch 85/100 | Batch 1800/2366 | Soft KD Loss: 7.6270 | Hard Loss: 1.1607 | Total Loss: 4.3939 | LR: 0.000200
Epoch 85/100 | Batch 2000/2366 | Soft KD Loss: 7.4229 | Hard Loss: 1.1159 | Total Loss: 4.2694 | LR: 0.000200
Epoch 85/100 | Batch 2200/2366 | Soft KD Loss: 7.6186 | Hard Loss: 1.0616 | Total Loss: 4.3401 | LR: 0.000200
====> Epoch 85 Average KD Loss: 4.3115 | LR: 0.000200
Epoch 86/100 | Batch 0/2366 | Soft KD Loss: 7.5885 | Hard Loss: 1.0933 | Total Loss: 4.3409 | LR: 0.000200
Epoch 86/100 | Batch 200/2366 | Soft KD Loss: 7.4952 | Hard Loss: 1.1569 | Total Loss: 4.3261 | LR: 0.000200
Epoch 86/100 | Batch 400/2366 | Soft KD Loss: 7.5484 | Hard Loss: 1.0266 | Total Loss: 4.2875 | LR: 0.000200
Epoch 86/100 | Batch 600/2366 | Soft KD Loss: 7.7365 | Hard Loss: 1.1583 | Total Loss: 4.4474 | LR: 0.000200
Epoch 86/100 | Batch 800/2366 | Soft KD Loss: 7.8428 | Hard Loss: 1.2254 | Total Loss: 4.5341 | LR: 0.000200
Epoch 86/100 | Batch 1000/2366 | Soft KD Loss: 7.5946 | Hard Loss: 0.9715 | Total Loss: 4.2831 | LR: 0.000200
Epoch 86/100 | Batch 1200/2366 | Soft KD Loss: 7.4193 | Hard Loss: 1.0545 | Total Loss: 4.2369 | LR: 0.000200
Epoch 86/100 | Batch 1400/2366 | Soft KD Loss: 7.6368 | Hard Loss: 1.1386 | Total Loss: 4.3877 | LR: 0.000200
Epoch 86/100 | Batch 1600/2366 | Soft KD Loss: 7.5277 | Hard Loss: 1.1478 | Total Loss: 4.3377 | LR: 0.000200
Epoch 86/100 | Batch 1800/2366 | Soft KD Loss: 7.5625 | Hard Loss: 1.2008 | Total Loss: 4.3816 | LR: 0.000200
Epoch 86/100 | Batch 2000/2366 | Soft KD Loss: 7.6486 | Hard Loss: 1.0424 | Total Loss: 4.3455 | LR: 0.000200
Epoch 86/100 | Batch 2200/2366 | Soft KD Loss: 7.7226 | Hard Loss: 1.3366 | Total Loss: 4.5296 | LR: 0.000200
====> Epoch 86 Average KD Loss: 4.3110 | LR: 0.000200
Epoch 87/100 | Batch 0/2366 | Soft KD Loss: 7.6395 | Hard Loss: 1.1944 | Total Loss: 4.4169 | LR: 0.000200
Epoch 87/100 | Batch 200/2366 | Soft KD Loss: 7.4350 | Hard Loss: 1.0227 | Total Loss: 4.2289 | LR: 0.000200
Epoch 87/100 | Batch 400/2366 | Soft KD Loss: 7.4636 | Hard Loss: 1.1031 | Total Loss: 4.2834 | LR: 0.000200
Epoch 87/100 | Batch 600/2366 | Soft KD Loss: 7.5666 | Hard Loss: 1.2433 | Total Loss: 4.4050 | LR: 0.000200
Epoch 87/100 | Batch 800/2366 | Soft KD Loss: 7.5523 | Hard Loss: 1.0440 | Total Loss: 4.2982 | LR: 0.000200
Epoch 87/100 | Batch 1000/2366 | Soft KD Loss: 7.3963 | Hard Loss: 1.0709 | Total Loss: 4.2336 | LR: 0.000200
Epoch 87/100 | Batch 1200/2366 | Soft KD Loss: 7.3934 | Hard Loss: 1.0767 | Total Loss: 4.2350 | LR: 0.000200
Epoch 87/100 | Batch 1400/2366 | Soft KD Loss: 7.5702 | Hard Loss: 1.0197 | Total Loss: 4.2950 | LR: 0.000200
Epoch 87/100 | Batch 1600/2366 | Soft KD Loss: 7.5418 | Hard Loss: 1.0744 | Total Loss: 4.3081 | LR: 0.000200
Epoch 87/100 | Batch 1800/2366 | Soft KD Loss: 7.3934 | Hard Loss: 1.2015 | Total Loss: 4.2974 | LR: 0.000200
Epoch 87/100 | Batch 2000/2366 | Soft KD Loss: 7.6558 | Hard Loss: 1.0826 | Total Loss: 4.3692 | LR: 0.000200
Epoch 87/100 | Batch 2200/2366 | Soft KD Loss: 7.5397 | Hard Loss: 1.0520 | Total Loss: 4.2958 | LR: 0.000200
====> Epoch 87 Average KD Loss: 4.3093 | LR: 0.000200
Epoch 88/100 | Batch 0/2366 | Soft KD Loss: 7.4282 | Hard Loss: 1.1100 | Total Loss: 4.2691 | LR: 0.000200
Epoch 88/100 | Batch 200/2366 | Soft KD Loss: 7.5431 | Hard Loss: 1.1950 | Total Loss: 4.3690 | LR: 0.000200
Epoch 88/100 | Batch 400/2366 | Soft KD Loss: 7.3943 | Hard Loss: 1.1492 | Total Loss: 4.2717 | LR: 0.000200
Epoch 88/100 | Batch 600/2366 | Soft KD Loss: 7.5287 | Hard Loss: 1.1469 | Total Loss: 4.3378 | LR: 0.000200
Epoch 88/100 | Batch 800/2366 | Soft KD Loss: 7.6169 | Hard Loss: 1.2894 | Total Loss: 4.4532 | LR: 0.000200
Epoch 88/100 | Batch 1000/2366 | Soft KD Loss: 7.4632 | Hard Loss: 1.0666 | Total Loss: 4.2649 | LR: 0.000200
Epoch 88/100 | Batch 1200/2366 | Soft KD Loss: 7.4350 | Hard Loss: 1.0346 | Total Loss: 4.2348 | LR: 0.000200
Epoch 88/100 | Batch 1400/2366 | Soft KD Loss: 7.5639 | Hard Loss: 1.0274 | Total Loss: 4.2956 | LR: 0.000200
Epoch 88/100 | Batch 1600/2366 | Soft KD Loss: 7.6383 | Hard Loss: 0.9796 | Total Loss: 4.3089 | LR: 0.000200
Epoch 88/100 | Batch 1800/2366 | Soft KD Loss: 7.5249 | Hard Loss: 1.0722 | Total Loss: 4.2985 | LR: 0.000200
Epoch 88/100 | Batch 2000/2366 | Soft KD Loss: 7.6437 | Hard Loss: 1.0919 | Total Loss: 4.3678 | LR: 0.000200
Epoch 88/100 | Batch 2200/2366 | Soft KD Loss: 7.5734 | Hard Loss: 1.0898 | Total Loss: 4.3316 | LR: 0.000200
====> Epoch 88 Average KD Loss: 4.3089 | LR: 0.000200
Epoch 89/100 | Batch 0/2366 | Soft KD Loss: 7.6016 | Hard Loss: 1.1211 | Total Loss: 4.3614 | LR: 0.000200
Epoch 89/100 | Batch 200/2366 | Soft KD Loss: 7.4365 | Hard Loss: 1.1401 | Total Loss: 4.2883 | LR: 0.000200
Epoch 89/100 | Batch 400/2366 | Soft KD Loss: 7.5235 | Hard Loss: 1.0160 | Total Loss: 4.2697 | LR: 0.000200
Epoch 89/100 | Batch 600/2366 | Soft KD Loss: 7.4050 | Hard Loss: 1.1484 | Total Loss: 4.2767 | LR: 0.000200
Epoch 89/100 | Batch 800/2366 | Soft KD Loss: 7.4046 | Hard Loss: 1.0188 | Total Loss: 4.2117 | LR: 0.000200
Epoch 89/100 | Batch 1000/2366 | Soft KD Loss: 7.5444 | Hard Loss: 1.0410 | Total Loss: 4.2927 | LR: 0.000200
Epoch 89/100 | Batch 1200/2366 | Soft KD Loss: 7.4829 | Hard Loss: 1.1532 | Total Loss: 4.3181 | LR: 0.000200
Epoch 89/100 | Batch 1400/2366 | Soft KD Loss: 7.3887 | Hard Loss: 1.0819 | Total Loss: 4.2353 | LR: 0.000200
Epoch 89/100 | Batch 1600/2366 | Soft KD Loss: 7.6366 | Hard Loss: 1.2344 | Total Loss: 4.4355 | LR: 0.000200
Epoch 89/100 | Batch 1800/2366 | Soft KD Loss: 7.6165 | Hard Loss: 1.1366 | Total Loss: 4.3765 | LR: 0.000200
Epoch 89/100 | Batch 2000/2366 | Soft KD Loss: 7.5051 | Hard Loss: 1.1568 | Total Loss: 4.3310 | LR: 0.000200
Epoch 89/100 | Batch 2200/2366 | Soft KD Loss: 7.5649 | Hard Loss: 1.0496 | Total Loss: 4.3073 | LR: 0.000200
====> Epoch 89 Average KD Loss: 4.3067 | LR: 0.000200
Epoch 90/100 | Batch 0/2366 | Soft KD Loss: 7.4664 | Hard Loss: 1.0760 | Total Loss: 4.2712 | LR: 0.000200
Epoch 90/100 | Batch 200/2366 | Soft KD Loss: 7.4195 | Hard Loss: 1.0584 | Total Loss: 4.2389 | LR: 0.000200
Epoch 90/100 | Batch 400/2366 | Soft KD Loss: 7.6666 | Hard Loss: 1.1133 | Total Loss: 4.3900 | LR: 0.000200
Epoch 90/100 | Batch 600/2366 | Soft KD Loss: 7.5716 | Hard Loss: 0.9550 | Total Loss: 4.2633 | LR: 0.000200
Epoch 90/100 | Batch 800/2366 | Soft KD Loss: 7.7055 | Hard Loss: 1.1689 | Total Loss: 4.4372 | LR: 0.000200
Epoch 90/100 | Batch 1000/2366 | Soft KD Loss: 7.5299 | Hard Loss: 1.2001 | Total Loss: 4.3650 | LR: 0.000200
Epoch 90/100 | Batch 1200/2366 | Soft KD Loss: 7.4260 | Hard Loss: 1.1333 | Total Loss: 4.2796 | LR: 0.000200
Epoch 90/100 | Batch 1400/2366 | Soft KD Loss: 7.5662 | Hard Loss: 1.0495 | Total Loss: 4.3079 | LR: 0.000200
Epoch 90/100 | Batch 1600/2366 | Soft KD Loss: 7.6722 | Hard Loss: 1.1520 | Total Loss: 4.4121 | LR: 0.000200
Epoch 90/100 | Batch 1800/2366 | Soft KD Loss: 7.5312 | Hard Loss: 1.0485 | Total Loss: 4.2899 | LR: 0.000200
Epoch 90/100 | Batch 2000/2366 | Soft KD Loss: 7.7096 | Hard Loss: 1.2592 | Total Loss: 4.4844 | LR: 0.000200
Epoch 90/100 | Batch 2200/2366 | Soft KD Loss: 7.4457 | Hard Loss: 1.0301 | Total Loss: 4.2379 | LR: 0.000200
====> Epoch 90 Average KD Loss: 4.3069 | LR: 0.000200
Epoch 91/100 | Batch 0/2366 | Soft KD Loss: 7.4706 | Hard Loss: 1.1732 | Total Loss: 4.3219 | LR: 0.000200
Epoch 91/100 | Batch 200/2366 | Soft KD Loss: 7.4476 | Hard Loss: 1.1498 | Total Loss: 4.2987 | LR: 0.000200
Epoch 91/100 | Batch 400/2366 | Soft KD Loss: 7.4342 | Hard Loss: 1.1944 | Total Loss: 4.3143 | LR: 0.000200
Epoch 91/100 | Batch 600/2366 | Soft KD Loss: 7.7106 | Hard Loss: 1.1598 | Total Loss: 4.4352 | LR: 0.000200
Epoch 91/100 | Batch 800/2366 | Soft KD Loss: 7.5806 | Hard Loss: 0.9915 | Total Loss: 4.2861 | LR: 0.000200
Epoch 91/100 | Batch 1000/2366 | Soft KD Loss: 7.4830 | Hard Loss: 0.9682 | Total Loss: 4.2256 | LR: 0.000200
Epoch 91/100 | Batch 1200/2366 | Soft KD Loss: 7.4356 | Hard Loss: 1.0443 | Total Loss: 4.2399 | LR: 0.000200
Epoch 91/100 | Batch 1400/2366 | Soft KD Loss: 7.7257 | Hard Loss: 1.2072 | Total Loss: 4.4665 | LR: 0.000200
Epoch 91/100 | Batch 1600/2366 | Soft KD Loss: 7.4980 | Hard Loss: 1.1630 | Total Loss: 4.3305 | LR: 0.000200
Epoch 91/100 | Batch 1800/2366 | Soft KD Loss: 7.4368 | Hard Loss: 1.1197 | Total Loss: 4.2782 | LR: 0.000200
Epoch 91/100 | Batch 2000/2366 | Soft KD Loss: 7.5738 | Hard Loss: 1.0861 | Total Loss: 4.3299 | LR: 0.000200
Epoch 91/100 | Batch 2200/2366 | Soft KD Loss: 7.6318 | Hard Loss: 1.0972 | Total Loss: 4.3645 | LR: 0.000200
====> Epoch 91 Average KD Loss: 4.3057 | LR: 0.000200
Epoch 92/100 | Batch 0/2366 | Soft KD Loss: 7.4404 | Hard Loss: 1.0965 | Total Loss: 4.2684 | LR: 0.000200
Epoch 92/100 | Batch 200/2366 | Soft KD Loss: 7.4906 | Hard Loss: 1.0845 | Total Loss: 4.2876 | LR: 0.000200
Epoch 92/100 | Batch 400/2366 | Soft KD Loss: 7.6588 | Hard Loss: 1.1520 | Total Loss: 4.4054 | LR: 0.000200
Epoch 92/100 | Batch 600/2366 | Soft KD Loss: 7.4649 | Hard Loss: 1.0740 | Total Loss: 4.2694 | LR: 0.000200
Epoch 92/100 | Batch 800/2366 | Soft KD Loss: 7.4204 | Hard Loss: 1.1511 | Total Loss: 4.2857 | LR: 0.000200
Epoch 92/100 | Batch 1000/2366 | Soft KD Loss: 7.5011 | Hard Loss: 1.1633 | Total Loss: 4.3322 | LR: 0.000200
Epoch 92/100 | Batch 1200/2366 | Soft KD Loss: 7.4740 | Hard Loss: 1.0507 | Total Loss: 4.2623 | LR: 0.000200
Epoch 92/100 | Batch 1400/2366 | Soft KD Loss: 7.5982 | Hard Loss: 1.1494 | Total Loss: 4.3738 | LR: 0.000200
Epoch 92/100 | Batch 1600/2366 | Soft KD Loss: 7.7678 | Hard Loss: 1.1852 | Total Loss: 4.4765 | LR: 0.000200
Epoch 92/100 | Batch 1800/2366 | Soft KD Loss: 7.6364 | Hard Loss: 1.2831 | Total Loss: 4.4598 | LR: 0.000200
Epoch 92/100 | Batch 2000/2366 | Soft KD Loss: 7.4934 | Hard Loss: 1.1127 | Total Loss: 4.3031 | LR: 0.000200
Epoch 92/100 | Batch 2200/2366 | Soft KD Loss: 7.5681 | Hard Loss: 1.2051 | Total Loss: 4.3866 | LR: 0.000200
====> Epoch 92 Average KD Loss: 4.3057 | LR: 0.000200
Epoch 93/100 | Batch 0/2366 | Soft KD Loss: 7.3960 | Hard Loss: 0.9606 | Total Loss: 4.1783 | LR: 0.000200
Epoch 93/100 | Batch 200/2366 | Soft KD Loss: 7.6627 | Hard Loss: 1.1351 | Total Loss: 4.3989 | LR: 0.000200
Epoch 93/100 | Batch 400/2366 | Soft KD Loss: 7.6064 | Hard Loss: 1.0692 | Total Loss: 4.3378 | LR: 0.000200
Epoch 93/100 | Batch 600/2366 | Soft KD Loss: 7.5534 | Hard Loss: 1.0345 | Total Loss: 4.2940 | LR: 0.000200
Epoch 93/100 | Batch 800/2366 | Soft KD Loss: 7.5201 | Hard Loss: 1.1055 | Total Loss: 4.3128 | LR: 0.000200
Epoch 93/100 | Batch 1000/2366 | Soft KD Loss: 7.6893 | Hard Loss: 1.0917 | Total Loss: 4.3905 | LR: 0.000200
Epoch 93/100 | Batch 1200/2366 | Soft KD Loss: 7.3691 | Hard Loss: 1.0325 | Total Loss: 4.2008 | LR: 0.000200
Epoch 93/100 | Batch 1400/2366 | Soft KD Loss: 7.5762 | Hard Loss: 1.1775 | Total Loss: 4.3769 | LR: 0.000200
Epoch 93/100 | Batch 1600/2366 | Soft KD Loss: 7.6358 | Hard Loss: 1.0340 | Total Loss: 4.3349 | LR: 0.000200
Epoch 93/100 | Batch 1800/2366 | Soft KD Loss: 7.4607 | Hard Loss: 1.2133 | Total Loss: 4.3370 | LR: 0.000200
Epoch 93/100 | Batch 2000/2366 | Soft KD Loss: 7.5850 | Hard Loss: 1.1897 | Total Loss: 4.3873 | LR: 0.000200
Epoch 93/100 | Batch 2200/2366 | Soft KD Loss: 7.4911 | Hard Loss: 1.0097 | Total Loss: 4.2504 | LR: 0.000200
====> Epoch 93 Average KD Loss: 4.3041 | LR: 0.000200
Epoch 94/100 | Batch 0/2366 | Soft KD Loss: 7.5207 | Hard Loss: 1.1013 | Total Loss: 4.3110 | LR: 0.000200
Epoch 94/100 | Batch 200/2366 | Soft KD Loss: 7.4289 | Hard Loss: 1.1168 | Total Loss: 4.2729 | LR: 0.000200
Epoch 94/100 | Batch 400/2366 | Soft KD Loss: 7.4618 | Hard Loss: 1.0815 | Total Loss: 4.2716 | LR: 0.000200
Epoch 94/100 | Batch 600/2366 | Soft KD Loss: 7.2726 | Hard Loss: 1.0560 | Total Loss: 4.1643 | LR: 0.000200
Epoch 94/100 | Batch 800/2366 | Soft KD Loss: 7.5850 | Hard Loss: 1.2092 | Total Loss: 4.3971 | LR: 0.000200
Epoch 94/100 | Batch 1000/2366 | Soft KD Loss: 7.5818 | Hard Loss: 1.0321 | Total Loss: 4.3070 | LR: 0.000200
Epoch 94/100 | Batch 1200/2366 | Soft KD Loss: 7.4671 | Hard Loss: 1.0885 | Total Loss: 4.2778 | LR: 0.000200
Epoch 94/100 | Batch 1400/2366 | Soft KD Loss: 7.5130 | Hard Loss: 1.0764 | Total Loss: 4.2947 | LR: 0.000200
Epoch 94/100 | Batch 1600/2366 | Soft KD Loss: 7.4995 | Hard Loss: 1.0274 | Total Loss: 4.2634 | LR: 0.000200
Epoch 94/100 | Batch 1800/2366 | Soft KD Loss: 7.4658 | Hard Loss: 1.0826 | Total Loss: 4.2742 | LR: 0.000200
Epoch 94/100 | Batch 2000/2366 | Soft KD Loss: 7.4589 | Hard Loss: 1.0240 | Total Loss: 4.2414 | LR: 0.000200
Epoch 94/100 | Batch 2200/2366 | Soft KD Loss: 7.7865 | Hard Loss: 1.1870 | Total Loss: 4.4867 | LR: 0.000200
====> Epoch 94 Average KD Loss: 4.3036 | LR: 0.000200
Epoch 95/100 | Batch 0/2366 | Soft KD Loss: 7.5222 | Hard Loss: 1.0950 | Total Loss: 4.3086 | LR: 0.000200
Epoch 95/100 | Batch 200/2366 | Soft KD Loss: 7.5798 | Hard Loss: 1.1615 | Total Loss: 4.3706 | LR: 0.000200
Epoch 95/100 | Batch 400/2366 | Soft KD Loss: 7.3785 | Hard Loss: 1.0812 | Total Loss: 4.2298 | LR: 0.000200
Epoch 95/100 | Batch 600/2366 | Soft KD Loss: 7.3042 | Hard Loss: 1.0462 | Total Loss: 4.1752 | LR: 0.000200
Epoch 95/100 | Batch 800/2366 | Soft KD Loss: 7.4811 | Hard Loss: 1.1356 | Total Loss: 4.3084 | LR: 0.000200
Epoch 95/100 | Batch 1000/2366 | Soft KD Loss: 7.4254 | Hard Loss: 1.1427 | Total Loss: 4.2841 | LR: 0.000200
Epoch 95/100 | Batch 1200/2366 | Soft KD Loss: 7.5206 | Hard Loss: 1.0531 | Total Loss: 4.2868 | LR: 0.000200
Epoch 95/100 | Batch 1400/2366 | Soft KD Loss: 7.4830 | Hard Loss: 1.0713 | Total Loss: 4.2771 | LR: 0.000200
Epoch 95/100 | Batch 1600/2366 | Soft KD Loss: 7.4696 | Hard Loss: 1.0338 | Total Loss: 4.2517 | LR: 0.000200
Epoch 95/100 | Batch 1800/2366 | Soft KD Loss: 7.6309 | Hard Loss: 1.2021 | Total Loss: 4.4165 | LR: 0.000200
Epoch 95/100 | Batch 2000/2366 | Soft KD Loss: 7.5317 | Hard Loss: 1.1981 | Total Loss: 4.3649 | LR: 0.000200
Epoch 95/100 | Batch 2200/2366 | Soft KD Loss: 7.5645 | Hard Loss: 1.2248 | Total Loss: 4.3946 | LR: 0.000200
====> Epoch 95 Average KD Loss: 4.3023 | LR: 0.000200
Epoch 96/100 | Batch 0/2366 | Soft KD Loss: 7.5686 | Hard Loss: 1.0879 | Total Loss: 4.3282 | LR: 0.000200
Epoch 96/100 | Batch 200/2366 | Soft KD Loss: 7.5609 | Hard Loss: 1.0218 | Total Loss: 4.2914 | LR: 0.000200
Epoch 96/100 | Batch 400/2366 | Soft KD Loss: 7.6962 | Hard Loss: 1.1519 | Total Loss: 4.4240 | LR: 0.000200
Epoch 96/100 | Batch 600/2366 | Soft KD Loss: 7.3587 | Hard Loss: 0.9877 | Total Loss: 4.1732 | LR: 0.000200
Epoch 96/100 | Batch 800/2366 | Soft KD Loss: 7.4516 | Hard Loss: 1.1438 | Total Loss: 4.2977 | LR: 0.000200
Epoch 96/100 | Batch 1000/2366 | Soft KD Loss: 7.4325 | Hard Loss: 1.0057 | Total Loss: 4.2191 | LR: 0.000200
Epoch 96/100 | Batch 1200/2366 | Soft KD Loss: 7.5565 | Hard Loss: 1.0023 | Total Loss: 4.2794 | LR: 0.000200
Epoch 96/100 | Batch 1400/2366 | Soft KD Loss: 7.4788 | Hard Loss: 0.9429 | Total Loss: 4.2108 | LR: 0.000200
Epoch 96/100 | Batch 1600/2366 | Soft KD Loss: 7.5255 | Hard Loss: 1.0863 | Total Loss: 4.3059 | LR: 0.000200
Epoch 96/100 | Batch 1800/2366 | Soft KD Loss: 7.2559 | Hard Loss: 0.9566 | Total Loss: 4.1063 | LR: 0.000200
Epoch 96/100 | Batch 2000/2366 | Soft KD Loss: 7.6275 | Hard Loss: 1.0574 | Total Loss: 4.3425 | LR: 0.000200
Epoch 96/100 | Batch 2200/2366 | Soft KD Loss: 7.6027 | Hard Loss: 0.9968 | Total Loss: 4.2998 | LR: 0.000200
====> Epoch 96 Average KD Loss: 4.3012 | LR: 0.000200
Epoch 97/100 | Batch 0/2366 | Soft KD Loss: 7.5539 | Hard Loss: 1.0508 | Total Loss: 4.3024 | LR: 0.000200
Epoch 97/100 | Batch 200/2366 | Soft KD Loss: 7.4804 | Hard Loss: 1.0133 | Total Loss: 4.2469 | LR: 0.000200
Epoch 97/100 | Batch 400/2366 | Soft KD Loss: 7.5293 | Hard Loss: 1.1687 | Total Loss: 4.3490 | LR: 0.000200
Epoch 97/100 | Batch 600/2366 | Soft KD Loss: 7.5371 | Hard Loss: 1.0532 | Total Loss: 4.2951 | LR: 0.000200
Epoch 97/100 | Batch 800/2366 | Soft KD Loss: 7.7292 | Hard Loss: 1.1452 | Total Loss: 4.4372 | LR: 0.000200
Epoch 97/100 | Batch 1000/2366 | Soft KD Loss: 7.5204 | Hard Loss: 1.2514 | Total Loss: 4.3859 | LR: 0.000200
Epoch 97/100 | Batch 1200/2366 | Soft KD Loss: 7.3570 | Hard Loss: 1.0773 | Total Loss: 4.2172 | LR: 0.000200
Epoch 97/100 | Batch 1400/2366 | Soft KD Loss: 7.5352 | Hard Loss: 1.1031 | Total Loss: 4.3192 | LR: 0.000200
Epoch 97/100 | Batch 1600/2366 | Soft KD Loss: 7.5379 | Hard Loss: 0.9982 | Total Loss: 4.2681 | LR: 0.000200
Epoch 97/100 | Batch 1800/2366 | Soft KD Loss: 7.5557 | Hard Loss: 1.0392 | Total Loss: 4.2974 | LR: 0.000200
Epoch 97/100 | Batch 2000/2366 | Soft KD Loss: 7.4015 | Hard Loss: 1.0446 | Total Loss: 4.2230 | LR: 0.000200
Epoch 97/100 | Batch 2200/2366 | Soft KD Loss: 7.5056 | Hard Loss: 1.0317 | Total Loss: 4.2687 | LR: 0.000200
====> Epoch 97 Average KD Loss: 4.3000 | LR: 0.000200
Epoch 98/100 | Batch 0/2366 | Soft KD Loss: 7.5845 | Hard Loss: 1.1968 | Total Loss: 4.3907 | LR: 0.000200
Epoch 98/100 | Batch 200/2366 | Soft KD Loss: 7.5862 | Hard Loss: 1.0986 | Total Loss: 4.3424 | LR: 0.000200
Epoch 98/100 | Batch 400/2366 | Soft KD Loss: 7.4716 | Hard Loss: 0.9801 | Total Loss: 4.2258 | LR: 0.000200
Epoch 98/100 | Batch 600/2366 | Soft KD Loss: 7.6497 | Hard Loss: 1.1016 | Total Loss: 4.3756 | LR: 0.000200
Epoch 98/100 | Batch 800/2366 | Soft KD Loss: 7.5404 | Hard Loss: 1.0479 | Total Loss: 4.2941 | LR: 0.000200
Epoch 98/100 | Batch 1000/2366 | Soft KD Loss: 7.5336 | Hard Loss: 1.1371 | Total Loss: 4.3353 | LR: 0.000200
Epoch 98/100 | Batch 1200/2366 | Soft KD Loss: 7.4682 | Hard Loss: 1.1486 | Total Loss: 4.3084 | LR: 0.000200
Epoch 98/100 | Batch 1400/2366 | Soft KD Loss: 7.4505 | Hard Loss: 1.1097 | Total Loss: 4.2801 | LR: 0.000200
Epoch 98/100 | Batch 1600/2366 | Soft KD Loss: 7.5141 | Hard Loss: 1.1243 | Total Loss: 4.3192 | LR: 0.000200
Epoch 98/100 | Batch 1800/2366 | Soft KD Loss: 7.5682 | Hard Loss: 1.1801 | Total Loss: 4.3742 | LR: 0.000200
Epoch 98/100 | Batch 2000/2366 | Soft KD Loss: 7.3900 | Hard Loss: 1.1442 | Total Loss: 4.2671 | LR: 0.000200
Epoch 98/100 | Batch 2200/2366 | Soft KD Loss: 7.4573 | Hard Loss: 1.1122 | Total Loss: 4.2848 | LR: 0.000200
====> Epoch 98 Average KD Loss: 4.2991 | LR: 0.000200
Epoch 99/100 | Batch 0/2366 | Soft KD Loss: 7.5371 | Hard Loss: 1.0117 | Total Loss: 4.2744 | LR: 0.000200
Epoch 99/100 | Batch 200/2366 | Soft KD Loss: 7.3412 | Hard Loss: 1.0072 | Total Loss: 4.1742 | LR: 0.000200
Epoch 99/100 | Batch 400/2366 | Soft KD Loss: 7.4498 | Hard Loss: 1.0575 | Total Loss: 4.2536 | LR: 0.000200
Epoch 99/100 | Batch 600/2366 | Soft KD Loss: 7.4132 | Hard Loss: 1.2234 | Total Loss: 4.3183 | LR: 0.000200
Epoch 99/100 | Batch 800/2366 | Soft KD Loss: 7.5023 | Hard Loss: 1.0887 | Total Loss: 4.2955 | LR: 0.000200
Epoch 99/100 | Batch 1000/2366 | Soft KD Loss: 7.5383 | Hard Loss: 1.2972 | Total Loss: 4.4177 | LR: 0.000200
Epoch 99/100 | Batch 1200/2366 | Soft KD Loss: 7.5379 | Hard Loss: 0.9983 | Total Loss: 4.2681 | LR: 0.000200
Epoch 99/100 | Batch 1400/2366 | Soft KD Loss: 7.8068 | Hard Loss: 1.0923 | Total Loss: 4.4495 | LR: 0.000200
Epoch 99/100 | Batch 1600/2366 | Soft KD Loss: 7.5307 | Hard Loss: 1.1251 | Total Loss: 4.3279 | LR: 0.000200
Epoch 99/100 | Batch 1800/2366 | Soft KD Loss: 7.4149 | Hard Loss: 1.1584 | Total Loss: 4.2867 | LR: 0.000200
Epoch 99/100 | Batch 2000/2366 | Soft KD Loss: 7.5394 | Hard Loss: 1.1762 | Total Loss: 4.3578 | LR: 0.000200
Epoch 99/100 | Batch 2200/2366 | Soft KD Loss: 7.4645 | Hard Loss: 1.0777 | Total Loss: 4.2711 | LR: 0.000200
====> Epoch 99 Average KD Loss: 4.2984 | LR: 0.000200
Epoch 100/100 | Batch 0/2366 | Soft KD Loss: 7.4033 | Hard Loss: 1.0349 | Total Loss: 4.2191 | LR: 0.000200
Epoch 100/100 | Batch 200/2366 | Soft KD Loss: 7.7616 | Hard Loss: 1.3131 | Total Loss: 4.5373 | LR: 0.000200
Epoch 100/100 | Batch 400/2366 | Soft KD Loss: 7.3927 | Hard Loss: 1.0456 | Total Loss: 4.2191 | LR: 0.000200
Epoch 100/100 | Batch 600/2366 | Soft KD Loss: 7.5648 | Hard Loss: 1.0179 | Total Loss: 4.2913 | LR: 0.000200
Epoch 100/100 | Batch 800/2366 | Soft KD Loss: 7.4767 | Hard Loss: 1.1203 | Total Loss: 4.2985 | LR: 0.000200
Epoch 100/100 | Batch 1000/2366 | Soft KD Loss: 7.5583 | Hard Loss: 1.0934 | Total Loss: 4.3258 | LR: 0.000200
Epoch 100/100 | Batch 1200/2366 | Soft KD Loss: 7.5069 | Hard Loss: 1.0762 | Total Loss: 4.2915 | LR: 0.000200
Epoch 100/100 | Batch 1400/2366 | Soft KD Loss: 7.6523 | Hard Loss: 1.2391 | Total Loss: 4.4457 | LR: 0.000200
Epoch 100/100 | Batch 1600/2366 | Soft KD Loss: 7.4663 | Hard Loss: 1.1987 | Total Loss: 4.3325 | LR: 0.000200
Epoch 100/100 | Batch 1800/2366 | Soft KD Loss: 7.5201 | Hard Loss: 1.0826 | Total Loss: 4.3013 | LR: 0.000200
Epoch 100/100 | Batch 2000/2366 | Soft KD Loss: 7.5987 | Hard Loss: 1.0611 | Total Loss: 4.3299 | LR: 0.000200
Epoch 100/100 | Batch 2200/2366 | Soft KD Loss: 7.5415 | Hard Loss: 1.0611 | Total Loss: 4.3013 | LR: 0.000200
====> Epoch 100 Average KD Loss: 4.2982 | LR: 0.000200

Training Complete! Engineered Student saved.
