nohup: ignoring input
Using device: cuda
Loading Teacher weights from /home/jay_agarwal_2022/lorentz-gatr/runs/topt/GATr_7327/models/model_run0_it169999.pt...
✓ Loaded L-GATr. Missing: 0 | Unexpected: 12
Parallelizing across 4 GPUs!

--- Starting Engineered Knowledge Distillation ---
/home/jay_agarwal_2022/.local/lib/python3.10/site-packages/torch/nn/modules/linear.py:134: UserWarning: Attempting to run cuBLAS, but there was no current CUDA context! Attempting to set the primary context... (Triggered internally at /pytorch/aten/src/ATen/cuda/CublasHandlePool.cpp:330.)
  return F.linear(input, self.weight, self.bias)
Epoch 1/100 | Batch 0/18922 | KD Loss: 6.0287 | Base Loss: 0.7444
Epoch 1/100 | Batch 200/18922 | KD Loss: 5.8003 | Base Loss: 0.6755
Epoch 1/100 | Batch 400/18922 | KD Loss: 5.5488 | Base Loss: 0.6905
Epoch 1/100 | Batch 600/18922 | KD Loss: 5.7341 | Base Loss: 0.7221
Epoch 1/100 | Batch 800/18922 | KD Loss: 5.4355 | Base Loss: 0.6981
Epoch 1/100 | Batch 1000/18922 | KD Loss: 5.2115 | Base Loss: 0.6049
Epoch 1/100 | Batch 1200/18922 | KD Loss: 5.3929 | Base Loss: 0.7556
Epoch 1/100 | Batch 1400/18922 | KD Loss: 5.7307 | Base Loss: 0.7976
Epoch 1/100 | Batch 1600/18922 | KD Loss: 5.2714 | Base Loss: 0.6883
Epoch 1/100 | Batch 1800/18922 | KD Loss: 5.5604 | Base Loss: 0.7175
Epoch 1/100 | Batch 2000/18922 | KD Loss: 5.5740 | Base Loss: 0.7393
Epoch 1/100 | Batch 2200/18922 | KD Loss: 5.4523 | Base Loss: 0.8286
Epoch 1/100 | Batch 2400/18922 | KD Loss: 5.6004 | Base Loss: 0.7413
Epoch 1/100 | Batch 2600/18922 | KD Loss: 5.5954 | Base Loss: 0.8805
Epoch 1/100 | Batch 2800/18922 | KD Loss: 5.1729 | Base Loss: 0.6482
Epoch 1/100 | Batch 3000/18922 | KD Loss: 5.4038 | Base Loss: 0.6325
Epoch 1/100 | Batch 3200/18922 | KD Loss: 5.4009 | Base Loss: 0.7222
Epoch 1/100 | Batch 3400/18922 | KD Loss: 5.6451 | Base Loss: 0.6623
Epoch 1/100 | Batch 3600/18922 | KD Loss: 5.0050 | Base Loss: 0.5626
Epoch 1/100 | Batch 3800/18922 | KD Loss: 5.3433 | Base Loss: 0.6714
Epoch 1/100 | Batch 4000/18922 | KD Loss: 5.2906 | Base Loss: 0.7262
Epoch 1/100 | Batch 4200/18922 | KD Loss: 5.5287 | Base Loss: 0.7201
Epoch 1/100 | Batch 4400/18922 | KD Loss: 5.3458 | Base Loss: 0.7341
Epoch 1/100 | Batch 4600/18922 | KD Loss: 5.3317 | Base Loss: 0.7547
Epoch 1/100 | Batch 4800/18922 | KD Loss: 5.4628 | Base Loss: 0.6828
Epoch 1/100 | Batch 5000/18922 | KD Loss: 5.5226 | Base Loss: 0.6785
Epoch 1/100 | Batch 5200/18922 | KD Loss: 5.4210 | Base Loss: 0.6978
Epoch 1/100 | Batch 5400/18922 | KD Loss: 5.6581 | Base Loss: 0.7471
Epoch 1/100 | Batch 5600/18922 | KD Loss: 4.7922 | Base Loss: 0.6343
Epoch 1/100 | Batch 5800/18922 | KD Loss: 4.9272 | Base Loss: 0.6375
Epoch 1/100 | Batch 6000/18922 | KD Loss: 5.2535 | Base Loss: 0.7017
Epoch 1/100 | Batch 6200/18922 | KD Loss: 5.3264 | Base Loss: 0.6806
Epoch 1/100 | Batch 6400/18922 | KD Loss: 5.5885 | Base Loss: 0.7168
Epoch 1/100 | Batch 6600/18922 | KD Loss: 5.2143 | Base Loss: 0.7332
Epoch 1/100 | Batch 6800/18922 | KD Loss: 5.3783 | Base Loss: 0.8275
Epoch 1/100 | Batch 7000/18922 | KD Loss: 4.9695 | Base Loss: 0.5893
Epoch 1/100 | Batch 7200/18922 | KD Loss: 5.5015 | Base Loss: 0.7765
Epoch 1/100 | Batch 7400/18922 | KD Loss: 5.6580 | Base Loss: 0.7686
Epoch 1/100 | Batch 7600/18922 | KD Loss: 5.2666 | Base Loss: 0.8030
Epoch 1/100 | Batch 7800/18922 | KD Loss: 4.8556 | Base Loss: 0.6678
Epoch 1/100 | Batch 8000/18922 | KD Loss: 5.6257 | Base Loss: 0.8289
Epoch 1/100 | Batch 8200/18922 | KD Loss: 5.1673 | Base Loss: 0.7095
Epoch 1/100 | Batch 8400/18922 | KD Loss: 5.4591 | Base Loss: 0.7682
Epoch 1/100 | Batch 8600/18922 | KD Loss: 5.4979 | Base Loss: 0.8092
Epoch 1/100 | Batch 8800/18922 | KD Loss: 5.4141 | Base Loss: 0.7037
Epoch 1/100 | Batch 9000/18922 | KD Loss: 5.2871 | Base Loss: 0.6796
Epoch 1/100 | Batch 9200/18922 | KD Loss: 5.5243 | Base Loss: 0.7618
Epoch 1/100 | Batch 9400/18922 | KD Loss: 5.0985 | Base Loss: 0.6648
Epoch 1/100 | Batch 9600/18922 | KD Loss: 5.4031 | Base Loss: 0.7207
Epoch 1/100 | Batch 9800/18922 | KD Loss: 5.2487 | Base Loss: 0.7910
Epoch 1/100 | Batch 10000/18922 | KD Loss: 5.1565 | Base Loss: 0.7330
Epoch 1/100 | Batch 10200/18922 | KD Loss: 5.4274 | Base Loss: 0.6995
Epoch 1/100 | Batch 10400/18922 | KD Loss: 5.0098 | Base Loss: 0.7327
Epoch 1/100 | Batch 10600/18922 | KD Loss: 5.0389 | Base Loss: 0.7419
Epoch 1/100 | Batch 10800/18922 | KD Loss: 5.2898 | Base Loss: 0.7357
Epoch 1/100 | Batch 11000/18922 | KD Loss: 5.3558 | Base Loss: 0.6832
Epoch 1/100 | Batch 11200/18922 | KD Loss: 5.3409 | Base Loss: 0.6104
Epoch 1/100 | Batch 11400/18922 | KD Loss: 5.2723 | Base Loss: 0.7309
Epoch 1/100 | Batch 11600/18922 | KD Loss: 5.3301 | Base Loss: 0.7009
Epoch 1/100 | Batch 11800/18922 | KD Loss: 5.1679 | Base Loss: 0.6086
Epoch 1/100 | Batch 12000/18922 | KD Loss: 5.5264 | Base Loss: 0.8588
Epoch 1/100 | Batch 12200/18922 | KD Loss: 5.3809 | Base Loss: 0.6959
Epoch 1/100 | Batch 12400/18922 | KD Loss: 5.3101 | Base Loss: 0.7354
Epoch 1/100 | Batch 12600/18922 | KD Loss: 5.2283 | Base Loss: 0.8429
Epoch 1/100 | Batch 12800/18922 | KD Loss: 5.1527 | Base Loss: 0.6502
Epoch 1/100 | Batch 13000/18922 | KD Loss: 5.2171 | Base Loss: 0.7449
Epoch 1/100 | Batch 13200/18922 | KD Loss: 5.2683 | Base Loss: 0.8076
Epoch 1/100 | Batch 13400/18922 | KD Loss: 5.6036 | Base Loss: 0.8832
Epoch 1/100 | Batch 13600/18922 | KD Loss: 5.0571 | Base Loss: 0.6964
Epoch 1/100 | Batch 13800/18922 | KD Loss: 5.2339 | Base Loss: 0.7804
Epoch 1/100 | Batch 14000/18922 | KD Loss: 5.0040 | Base Loss: 0.7408
Epoch 1/100 | Batch 14200/18922 | KD Loss: 5.1109 | Base Loss: 0.6787
Epoch 1/100 | Batch 14400/18922 | KD Loss: 5.3520 | Base Loss: 0.6758
Epoch 1/100 | Batch 14600/18922 | KD Loss: 5.1602 | Base Loss: 0.7210
Epoch 1/100 | Batch 14800/18922 | KD Loss: 5.2206 | Base Loss: 0.7946
Epoch 1/100 | Batch 15000/18922 | KD Loss: 5.2170 | Base Loss: 0.6676
Epoch 1/100 | Batch 15200/18922 | KD Loss: 5.1540 | Base Loss: 0.7211
Epoch 1/100 | Batch 15400/18922 | KD Loss: 5.2037 | Base Loss: 0.6631
Epoch 1/100 | Batch 15600/18922 | KD Loss: 4.8406 | Base Loss: 0.5652
Epoch 1/100 | Batch 15800/18922 | KD Loss: 5.3166 | Base Loss: 0.6847
Epoch 1/100 | Batch 16000/18922 | KD Loss: 5.3184 | Base Loss: 0.7074
Epoch 1/100 | Batch 16200/18922 | KD Loss: 5.2509 | Base Loss: 0.6999
Epoch 1/100 | Batch 16400/18922 | KD Loss: 5.4376 | Base Loss: 0.7119
Epoch 1/100 | Batch 16600/18922 | KD Loss: 4.8835 | Base Loss: 0.5989
Epoch 1/100 | Batch 16800/18922 | KD Loss: 5.0503 | Base Loss: 0.7185
Epoch 1/100 | Batch 17000/18922 | KD Loss: 4.9712 | Base Loss: 0.7605
Epoch 1/100 | Batch 17200/18922 | KD Loss: 5.1084 | Base Loss: 0.6146
Epoch 1/100 | Batch 17400/18922 | KD Loss: 5.4314 | Base Loss: 0.7759
Epoch 1/100 | Batch 17600/18922 | KD Loss: 5.0908 | Base Loss: 0.8390
Epoch 1/100 | Batch 17800/18922 | KD Loss: 5.2407 | Base Loss: 0.6628
Epoch 1/100 | Batch 18000/18922 | KD Loss: 5.0712 | Base Loss: 0.6018
Epoch 1/100 | Batch 18200/18922 | KD Loss: 5.1040 | Base Loss: 0.6915
Epoch 1/100 | Batch 18400/18922 | KD Loss: 4.9628 | Base Loss: 0.7587
Epoch 1/100 | Batch 18600/18922 | KD Loss: 5.2748 | Base Loss: 0.7355
Epoch 1/100 | Batch 18800/18922 | KD Loss: 5.1883 | Base Loss: 0.8004
====> Epoch 1 Average KD Loss: 5.3045 | LR: 0.000200
Epoch 2/100 | Batch 0/18922 | KD Loss: 4.8484 | Base Loss: 0.5600
Epoch 2/100 | Batch 200/18922 | KD Loss: 5.2914 | Base Loss: 0.6576
Epoch 2/100 | Batch 400/18922 | KD Loss: 5.3049 | Base Loss: 0.5938
Epoch 2/100 | Batch 600/18922 | KD Loss: 5.6436 | Base Loss: 0.7376
Epoch 2/100 | Batch 800/18922 | KD Loss: 5.2397 | Base Loss: 0.7840
Epoch 2/100 | Batch 1000/18922 | KD Loss: 5.2647 | Base Loss: 0.7220
Epoch 2/100 | Batch 1200/18922 | KD Loss: 5.3653 | Base Loss: 0.6958
Epoch 2/100 | Batch 1400/18922 | KD Loss: 5.5164 | Base Loss: 0.6172
Epoch 2/100 | Batch 1600/18922 | KD Loss: 5.2661 | Base Loss: 0.5924
Epoch 2/100 | Batch 1800/18922 | KD Loss: 4.8734 | Base Loss: 0.7519
Epoch 2/100 | Batch 2000/18922 | KD Loss: 5.2482 | Base Loss: 0.7537
Epoch 2/100 | Batch 2200/18922 | KD Loss: 5.1343 | Base Loss: 0.8268
Epoch 2/100 | Batch 2400/18922 | KD Loss: 5.0676 | Base Loss: 0.7026
Epoch 2/100 | Batch 2600/18922 | KD Loss: 5.4205 | Base Loss: 0.8391
Epoch 2/100 | Batch 2800/18922 | KD Loss: 5.0257 | Base Loss: 0.6797
Epoch 2/100 | Batch 3000/18922 | KD Loss: 5.0568 | Base Loss: 0.7302
Epoch 2/100 | Batch 3200/18922 | KD Loss: 5.1721 | Base Loss: 0.7136
Epoch 2/100 | Batch 3400/18922 | KD Loss: 5.1733 | Base Loss: 0.6541
Epoch 2/100 | Batch 3600/18922 | KD Loss: 4.8976 | Base Loss: 0.6976
Epoch 2/100 | Batch 3800/18922 | KD Loss: 5.1942 | Base Loss: 0.8305
Epoch 2/100 | Batch 4000/18922 | KD Loss: 5.5678 | Base Loss: 0.8164
Epoch 2/100 | Batch 4200/18922 | KD Loss: 5.1897 | Base Loss: 0.7690
Epoch 2/100 | Batch 4400/18922 | KD Loss: 5.1131 | Base Loss: 0.6172
Epoch 2/100 | Batch 4600/18922 | KD Loss: 5.5128 | Base Loss: 0.7449
Epoch 2/100 | Batch 4800/18922 | KD Loss: 5.2974 | Base Loss: 0.8090
Epoch 2/100 | Batch 5000/18922 | KD Loss: 5.1807 | Base Loss: 0.7162
Epoch 2/100 | Batch 5200/18922 | KD Loss: 5.1624 | Base Loss: 0.6126
Epoch 2/100 | Batch 5400/18922 | KD Loss: 5.3367 | Base Loss: 0.7309
Epoch 2/100 | Batch 5600/18922 | KD Loss: 4.9762 | Base Loss: 0.7663
Epoch 2/100 | Batch 5800/18922 | KD Loss: 5.3818 | Base Loss: 0.6880
Epoch 2/100 | Batch 6000/18922 | KD Loss: 5.2047 | Base Loss: 0.6419
Epoch 2/100 | Batch 6200/18922 | KD Loss: 5.4459 | Base Loss: 0.8386
Epoch 2/100 | Batch 6400/18922 | KD Loss: 4.9942 | Base Loss: 0.7238
Epoch 2/100 | Batch 6600/18922 | KD Loss: 5.1217 | Base Loss: 0.8391
Epoch 2/100 | Batch 6800/18922 | KD Loss: 4.9908 | Base Loss: 0.7433
Epoch 2/100 | Batch 7000/18922 | KD Loss: 4.9362 | Base Loss: 0.7026
Epoch 2/100 | Batch 7200/18922 | KD Loss: 5.2252 | Base Loss: 0.7294
Epoch 2/100 | Batch 7400/18922 | KD Loss: 5.3460 | Base Loss: 0.6805
Epoch 2/100 | Batch 7600/18922 | KD Loss: 5.1466 | Base Loss: 0.7523
Epoch 2/100 | Batch 7800/18922 | KD Loss: 4.8945 | Base Loss: 0.6372
Epoch 2/100 | Batch 8000/18922 | KD Loss: 4.9441 | Base Loss: 0.6723
Epoch 2/100 | Batch 8200/18922 | KD Loss: 5.1688 | Base Loss: 0.6795
Epoch 2/100 | Batch 8400/18922 | KD Loss: 5.1184 | Base Loss: 0.6311
Epoch 2/100 | Batch 8600/18922 | KD Loss: 5.3106 | Base Loss: 0.7518
Epoch 2/100 | Batch 8800/18922 | KD Loss: 5.0828 | Base Loss: 0.6147
Epoch 2/100 | Batch 9000/18922 | KD Loss: 5.0822 | Base Loss: 0.7756
Epoch 2/100 | Batch 9200/18922 | KD Loss: 4.7655 | Base Loss: 0.6405
Epoch 2/100 | Batch 9400/18922 | KD Loss: 5.8457 | Base Loss: 0.8376
Epoch 2/100 | Batch 9600/18922 | KD Loss: 5.1586 | Base Loss: 0.6656
Epoch 2/100 | Batch 9800/18922 | KD Loss: 4.9842 | Base Loss: 0.7901
Epoch 2/100 | Batch 10000/18922 | KD Loss: 5.0677 | Base Loss: 0.6577
Epoch 2/100 | Batch 10200/18922 | KD Loss: 4.9835 | Base Loss: 0.6638
Epoch 2/100 | Batch 10400/18922 | KD Loss: 5.0325 | Base Loss: 0.6932
Epoch 2/100 | Batch 10600/18922 | KD Loss: 5.0977 | Base Loss: 0.8212
Epoch 2/100 | Batch 10800/18922 | KD Loss: 5.4305 | Base Loss: 0.8098
Epoch 2/100 | Batch 11000/18922 | KD Loss: 4.6814 | Base Loss: 0.7019
Epoch 2/100 | Batch 11200/18922 | KD Loss: 5.0944 | Base Loss: 0.6381
Epoch 2/100 | Batch 11400/18922 | KD Loss: 5.3088 | Base Loss: 0.7805
Epoch 2/100 | Batch 11600/18922 | KD Loss: 4.9962 | Base Loss: 0.7401
Epoch 2/100 | Batch 11800/18922 | KD Loss: 4.8016 | Base Loss: 0.6213
Epoch 2/100 | Batch 12000/18922 | KD Loss: 5.3775 | Base Loss: 0.8356
Epoch 2/100 | Batch 12200/18922 | KD Loss: 5.4736 | Base Loss: 0.8666
Epoch 2/100 | Batch 12400/18922 | KD Loss: 5.0433 | Base Loss: 0.6261
Epoch 2/100 | Batch 12600/18922 | KD Loss: 5.0649 | Base Loss: 0.6616
Epoch 2/100 | Batch 12800/18922 | KD Loss: 4.6723 | Base Loss: 0.5898
Epoch 2/100 | Batch 13000/18922 | KD Loss: 5.4656 | Base Loss: 0.8375
Epoch 2/100 | Batch 13200/18922 | KD Loss: 5.3899 | Base Loss: 0.6971
Epoch 2/100 | Batch 13400/18922 | KD Loss: 5.2766 | Base Loss: 0.8230
Epoch 2/100 | Batch 13600/18922 | KD Loss: 5.1576 | Base Loss: 0.7315
Epoch 2/100 | Batch 13800/18922 | KD Loss: 5.5270 | Base Loss: 0.7789
Epoch 2/100 | Batch 14000/18922 | KD Loss: 5.2175 | Base Loss: 0.7411
Epoch 2/100 | Batch 14200/18922 | KD Loss: 5.2479 | Base Loss: 0.8378
Epoch 2/100 | Batch 14400/18922 | KD Loss: 5.1059 | Base Loss: 0.5750
Epoch 2/100 | Batch 14600/18922 | KD Loss: 5.1911 | Base Loss: 0.7287
Epoch 2/100 | Batch 14800/18922 | KD Loss: 5.2349 | Base Loss: 0.7339
Epoch 2/100 | Batch 15000/18922 | KD Loss: 5.5444 | Base Loss: 0.8516
Epoch 2/100 | Batch 15200/18922 | KD Loss: 4.7914 | Base Loss: 0.5661
Epoch 2/100 | Batch 15400/18922 | KD Loss: 5.3300 | Base Loss: 0.8985
Epoch 2/100 | Batch 15600/18922 | KD Loss: 4.9311 | Base Loss: 0.7271
Epoch 2/100 | Batch 15800/18922 | KD Loss: 5.2217 | Base Loss: 0.6351
Epoch 2/100 | Batch 16000/18922 | KD Loss: 4.8667 | Base Loss: 0.7946
Epoch 2/100 | Batch 16200/18922 | KD Loss: 5.5002 | Base Loss: 0.8028
Epoch 2/100 | Batch 16400/18922 | KD Loss: 5.1225 | Base Loss: 0.6862
Epoch 2/100 | Batch 16600/18922 | KD Loss: 4.8647 | Base Loss: 0.7390
Epoch 2/100 | Batch 16800/18922 | KD Loss: 4.8901 | Base Loss: 0.7069
Epoch 2/100 | Batch 17000/18922 | KD Loss: 5.1819 | Base Loss: 0.6902
Epoch 2/100 | Batch 17200/18922 | KD Loss: 5.2869 | Base Loss: 0.7493
Epoch 2/100 | Batch 17400/18922 | KD Loss: 5.7832 | Base Loss: 0.8622
Epoch 2/100 | Batch 17600/18922 | KD Loss: 4.9680 | Base Loss: 0.6598
Epoch 2/100 | Batch 17800/18922 | KD Loss: 5.5115 | Base Loss: 0.7625
Epoch 2/100 | Batch 18000/18922 | KD Loss: 5.4112 | Base Loss: 0.8177
Epoch 2/100 | Batch 18200/18922 | KD Loss: 5.2659 | Base Loss: 0.7632
Epoch 2/100 | Batch 18400/18922 | KD Loss: 5.0559 | Base Loss: 0.6477
Epoch 2/100 | Batch 18600/18922 | KD Loss: 4.9088 | Base Loss: 0.6570
Epoch 2/100 | Batch 18800/18922 | KD Loss: 5.1554 | Base Loss: 0.6500
====> Epoch 2 Average KD Loss: 5.1792 | LR: 0.000200
Epoch 3/100 | Batch 0/18922 | KD Loss: 5.1992 | Base Loss: 0.7409
Epoch 3/100 | Batch 200/18922 | KD Loss: 5.0140 | Base Loss: 0.6815
Epoch 3/100 | Batch 400/18922 | KD Loss: 5.2952 | Base Loss: 0.5757
Epoch 3/100 | Batch 600/18922 | KD Loss: 5.0310 | Base Loss: 0.7029
Epoch 3/100 | Batch 800/18922 | KD Loss: 5.4146 | Base Loss: 0.6956
Epoch 3/100 | Batch 1000/18922 | KD Loss: 5.1201 | Base Loss: 0.7078
Epoch 3/100 | Batch 1200/18922 | KD Loss: 5.0866 | Base Loss: 0.8669
Epoch 3/100 | Batch 1400/18922 | KD Loss: 4.7419 | Base Loss: 0.7602
Epoch 3/100 | Batch 1600/18922 | KD Loss: 5.3495 | Base Loss: 0.8295
Epoch 3/100 | Batch 1800/18922 | KD Loss: 5.3003 | Base Loss: 0.6778
Epoch 3/100 | Batch 2000/18922 | KD Loss: 4.9046 | Base Loss: 0.6055
Epoch 3/100 | Batch 2200/18922 | KD Loss: 5.2721 | Base Loss: 0.6847
Epoch 3/100 | Batch 2400/18922 | KD Loss: 5.2777 | Base Loss: 0.6905
Epoch 3/100 | Batch 2600/18922 | KD Loss: 4.6946 | Base Loss: 0.6994
Epoch 3/100 | Batch 2800/18922 | KD Loss: 5.4023 | Base Loss: 0.8333
Epoch 3/100 | Batch 3000/18922 | KD Loss: 5.0878 | Base Loss: 0.7565
Epoch 3/100 | Batch 3200/18922 | KD Loss: 5.3983 | Base Loss: 0.6997
Epoch 3/100 | Batch 3400/18922 | KD Loss: 5.4027 | Base Loss: 0.8715
Epoch 3/100 | Batch 3600/18922 | KD Loss: 5.1527 | Base Loss: 0.8320
Epoch 3/100 | Batch 3800/18922 | KD Loss: 5.0194 | Base Loss: 0.6903
Epoch 3/100 | Batch 4000/18922 | KD Loss: 5.2583 | Base Loss: 0.8145
Epoch 3/100 | Batch 4200/18922 | KD Loss: 4.8514 | Base Loss: 0.7688
Epoch 3/100 | Batch 4400/18922 | KD Loss: 5.0277 | Base Loss: 0.5602
Epoch 3/100 | Batch 4600/18922 | KD Loss: 5.5134 | Base Loss: 0.8721
Epoch 3/100 | Batch 4800/18922 | KD Loss: 4.9452 | Base Loss: 0.7310
Epoch 3/100 | Batch 5000/18922 | KD Loss: 5.2793 | Base Loss: 0.8222
Epoch 3/100 | Batch 5200/18922 | KD Loss: 4.8836 | Base Loss: 0.7882
Epoch 3/100 | Batch 5400/18922 | KD Loss: 5.3604 | Base Loss: 0.7820
Epoch 3/100 | Batch 5600/18922 | KD Loss: 4.9100 | Base Loss: 0.6414
Epoch 3/100 | Batch 5800/18922 | KD Loss: 5.0616 | Base Loss: 0.8031
Epoch 3/100 | Batch 6000/18922 | KD Loss: 5.0472 | Base Loss: 0.7388
Epoch 3/100 | Batch 6200/18922 | KD Loss: 5.1533 | Base Loss: 0.7807
Epoch 3/100 | Batch 6400/18922 | KD Loss: 5.2187 | Base Loss: 0.7073
Epoch 3/100 | Batch 6600/18922 | KD Loss: 4.7464 | Base Loss: 0.6439
Epoch 3/100 | Batch 6800/18922 | KD Loss: 5.5896 | Base Loss: 0.6470
Epoch 3/100 | Batch 7000/18922 | KD Loss: 5.0672 | Base Loss: 0.7034
Epoch 3/100 | Batch 7200/18922 | KD Loss: 5.3038 | Base Loss: 0.9020
Epoch 3/100 | Batch 7400/18922 | KD Loss: 5.3154 | Base Loss: 0.8865
Epoch 3/100 | Batch 7600/18922 | KD Loss: 4.9951 | Base Loss: 0.6498
Epoch 3/100 | Batch 7800/18922 | KD Loss: 4.9677 | Base Loss: 0.6358
Epoch 3/100 | Batch 8000/18922 | KD Loss: 5.1228 | Base Loss: 0.7413
Epoch 3/100 | Batch 8200/18922 | KD Loss: 5.0556 | Base Loss: 0.7425
Epoch 3/100 | Batch 8400/18922 | KD Loss: 4.9905 | Base Loss: 0.6776
Epoch 3/100 | Batch 8600/18922 | KD Loss: 4.9698 | Base Loss: 0.7373
Epoch 3/100 | Batch 8800/18922 | KD Loss: 5.0805 | Base Loss: 0.6938
Epoch 3/100 | Batch 9000/18922 | KD Loss: 4.9070 | Base Loss: 0.6831
Epoch 3/100 | Batch 9200/18922 | KD Loss: 5.0434 | Base Loss: 0.7715
Epoch 3/100 | Batch 9400/18922 | KD Loss: 5.5396 | Base Loss: 0.9142
Epoch 3/100 | Batch 9600/18922 | KD Loss: 5.2967 | Base Loss: 0.7655
Epoch 3/100 | Batch 9800/18922 | KD Loss: 5.3367 | Base Loss: 0.7867
Epoch 3/100 | Batch 10000/18922 | KD Loss: 4.9321 | Base Loss: 0.7153
Epoch 3/100 | Batch 10200/18922 | KD Loss: 4.9680 | Base Loss: 0.7838
Epoch 3/100 | Batch 10400/18922 | KD Loss: 4.8980 | Base Loss: 0.7736
Epoch 3/100 | Batch 10600/18922 | KD Loss: 5.0559 | Base Loss: 0.6597
Epoch 3/100 | Batch 10800/18922 | KD Loss: 5.3825 | Base Loss: 0.8242
Epoch 3/100 | Batch 11000/18922 | KD Loss: 4.9832 | Base Loss: 0.6875
Epoch 3/100 | Batch 11200/18922 | KD Loss: 4.9754 | Base Loss: 0.7305
Epoch 3/100 | Batch 11400/18922 | KD Loss: 5.6010 | Base Loss: 0.8596
Epoch 3/100 | Batch 11600/18922 | KD Loss: 5.0747 | Base Loss: 0.6199
Epoch 3/100 | Batch 11800/18922 | KD Loss: 5.2611 | Base Loss: 0.7831
Epoch 3/100 | Batch 12000/18922 | KD Loss: 4.9635 | Base Loss: 0.7007
Epoch 3/100 | Batch 12200/18922 | KD Loss: 5.0239 | Base Loss: 0.8128
Epoch 3/100 | Batch 12400/18922 | KD Loss: 4.9077 | Base Loss: 0.6885
Epoch 3/100 | Batch 12600/18922 | KD Loss: 5.4354 | Base Loss: 0.7231
Epoch 3/100 | Batch 12800/18922 | KD Loss: 5.2455 | Base Loss: 0.7880
Epoch 3/100 | Batch 13000/18922 | KD Loss: 5.3783 | Base Loss: 0.8094
Epoch 3/100 | Batch 13200/18922 | KD Loss: 5.2909 | Base Loss: 0.7623
Epoch 3/100 | Batch 13400/18922 | KD Loss: 5.5938 | Base Loss: 0.9317
Epoch 3/100 | Batch 13600/18922 | KD Loss: 5.1446 | Base Loss: 0.7003
Epoch 3/100 | Batch 13800/18922 | KD Loss: 5.2969 | Base Loss: 0.7153
Epoch 3/100 | Batch 14000/18922 | KD Loss: 4.9726 | Base Loss: 0.7440
Epoch 3/100 | Batch 14200/18922 | KD Loss: 4.9542 | Base Loss: 0.6881
Epoch 3/100 | Batch 14400/18922 | KD Loss: 4.9410 | Base Loss: 0.7256
Epoch 3/100 | Batch 14600/18922 | KD Loss: 5.4215 | Base Loss: 0.7469
Epoch 3/100 | Batch 14800/18922 | KD Loss: 5.0559 | Base Loss: 0.8244
Epoch 3/100 | Batch 15000/18922 | KD Loss: 5.0442 | Base Loss: 0.8123
Epoch 3/100 | Batch 15200/18922 | KD Loss: 4.5503 | Base Loss: 0.5274
Epoch 3/100 | Batch 15400/18922 | KD Loss: 5.0134 | Base Loss: 0.6523
Epoch 3/100 | Batch 15600/18922 | KD Loss: 5.3078 | Base Loss: 0.7454
Epoch 3/100 | Batch 15800/18922 | KD Loss: 4.9922 | Base Loss: 0.7099
Epoch 3/100 | Batch 16000/18922 | KD Loss: 5.1732 | Base Loss: 0.6622
Epoch 3/100 | Batch 16200/18922 | KD Loss: 4.9151 | Base Loss: 0.6241
Epoch 3/100 | Batch 16400/18922 | KD Loss: 4.8718 | Base Loss: 0.6692
Epoch 3/100 | Batch 16600/18922 | KD Loss: 5.0441 | Base Loss: 0.6282
Epoch 3/100 | Batch 16800/18922 | KD Loss: 4.7578 | Base Loss: 0.6463
Epoch 3/100 | Batch 17000/18922 | KD Loss: 5.1920 | Base Loss: 0.7011
Epoch 3/100 | Batch 17200/18922 | KD Loss: 4.9433 | Base Loss: 0.6739
Epoch 3/100 | Batch 17400/18922 | KD Loss: 4.7516 | Base Loss: 0.6060
Epoch 3/100 | Batch 17600/18922 | KD Loss: 5.1674 | Base Loss: 0.7420
Epoch 3/100 | Batch 17800/18922 | KD Loss: 4.9960 | Base Loss: 0.7119
Epoch 3/100 | Batch 18000/18922 | KD Loss: 5.3293 | Base Loss: 0.6714
Epoch 3/100 | Batch 18200/18922 | KD Loss: 5.2584 | Base Loss: 0.6460
Epoch 3/100 | Batch 18400/18922 | KD Loss: 5.3786 | Base Loss: 0.9102
Epoch 3/100 | Batch 18600/18922 | KD Loss: 4.9507 | Base Loss: 0.6237
Epoch 3/100 | Batch 18800/18922 | KD Loss: 4.8806 | Base Loss: 0.6212
====> Epoch 3 Average KD Loss: 5.1358 | LR: 0.000200
Epoch 4/100 | Batch 0/18922 | KD Loss: 5.1909 | Base Loss: 0.6794
Epoch 4/100 | Batch 200/18922 | KD Loss: 5.0996 | Base Loss: 0.7172
Epoch 4/100 | Batch 400/18922 | KD Loss: 4.9220 | Base Loss: 0.7302
Epoch 4/100 | Batch 600/18922 | KD Loss: 4.9279 | Base Loss: 0.7652
Epoch 4/100 | Batch 800/18922 | KD Loss: 5.1283 | Base Loss: 0.8004
Epoch 4/100 | Batch 1000/18922 | KD Loss: 5.1905 | Base Loss: 0.7011
Epoch 4/100 | Batch 1200/18922 | KD Loss: 5.1357 | Base Loss: 0.6079
Epoch 4/100 | Batch 1400/18922 | KD Loss: 5.2227 | Base Loss: 0.8346
Epoch 4/100 | Batch 1600/18922 | KD Loss: 4.8514 | Base Loss: 0.6262
Epoch 4/100 | Batch 1800/18922 | KD Loss: 5.1706 | Base Loss: 0.7255
Epoch 4/100 | Batch 2000/18922 | KD Loss: 5.4289 | Base Loss: 0.7890
Epoch 4/100 | Batch 2200/18922 | KD Loss: 4.8842 | Base Loss: 0.7725
Epoch 4/100 | Batch 2400/18922 | KD Loss: 5.4215 | Base Loss: 0.7213
Epoch 4/100 | Batch 2600/18922 | KD Loss: 4.7474 | Base Loss: 0.7112
Epoch 4/100 | Batch 2800/18922 | KD Loss: 5.4132 | Base Loss: 0.8258
Epoch 4/100 | Batch 3000/18922 | KD Loss: 5.0812 | Base Loss: 0.7090
Epoch 4/100 | Batch 3200/18922 | KD Loss: 4.5664 | Base Loss: 0.7192
Epoch 4/100 | Batch 3400/18922 | KD Loss: 5.3025 | Base Loss: 0.7381
Epoch 4/100 | Batch 3600/18922 | KD Loss: 4.9368 | Base Loss: 0.7239
Epoch 4/100 | Batch 3800/18922 | KD Loss: 4.9532 | Base Loss: 0.5839
Epoch 4/100 | Batch 4000/18922 | KD Loss: 5.2649 | Base Loss: 0.7620
Epoch 4/100 | Batch 4200/18922 | KD Loss: 4.9608 | Base Loss: 0.8196
Epoch 4/100 | Batch 4400/18922 | KD Loss: 4.8751 | Base Loss: 0.7711
Epoch 4/100 | Batch 4600/18922 | KD Loss: 5.3039 | Base Loss: 0.9489
Epoch 4/100 | Batch 4800/18922 | KD Loss: 5.4301 | Base Loss: 0.6416
Epoch 4/100 | Batch 5000/18922 | KD Loss: 5.1272 | Base Loss: 0.7588
Epoch 4/100 | Batch 5200/18922 | KD Loss: 4.8190 | Base Loss: 0.6250
Epoch 4/100 | Batch 5400/18922 | KD Loss: 4.8042 | Base Loss: 0.5733
Epoch 4/100 | Batch 5600/18922 | KD Loss: 4.9601 | Base Loss: 0.5704
Epoch 4/100 | Batch 5800/18922 | KD Loss: 4.8884 | Base Loss: 0.6152
Epoch 4/100 | Batch 6000/18922 | KD Loss: 5.3348 | Base Loss: 0.7114
Epoch 4/100 | Batch 6200/18922 | KD Loss: 5.2865 | Base Loss: 0.9517
Epoch 4/100 | Batch 6400/18922 | KD Loss: 4.8944 | Base Loss: 0.6650
Epoch 4/100 | Batch 6600/18922 | KD Loss: 5.2419 | Base Loss: 0.7287
Epoch 4/100 | Batch 6800/18922 | KD Loss: 5.0422 | Base Loss: 0.8152
Epoch 4/100 | Batch 7000/18922 | KD Loss: 4.8044 | Base Loss: 0.7258
Epoch 4/100 | Batch 7200/18922 | KD Loss: 5.2510 | Base Loss: 0.7382
Epoch 4/100 | Batch 7400/18922 | KD Loss: 5.2661 | Base Loss: 0.7603
Epoch 4/100 | Batch 7600/18922 | KD Loss: 5.6686 | Base Loss: 0.8085
Epoch 4/100 | Batch 7800/18922 | KD Loss: 5.1292 | Base Loss: 0.7049
Epoch 4/100 | Batch 8000/18922 | KD Loss: 5.5564 | Base Loss: 0.8660
Epoch 4/100 | Batch 8200/18922 | KD Loss: 4.7437 | Base Loss: 0.7028
Epoch 4/100 | Batch 8400/18922 | KD Loss: 5.2038 | Base Loss: 0.7998
Epoch 4/100 | Batch 8600/18922 | KD Loss: 4.9801 | Base Loss: 0.7005
Epoch 4/100 | Batch 8800/18922 | KD Loss: 5.0162 | Base Loss: 0.8155
Epoch 4/100 | Batch 9000/18922 | KD Loss: 5.3087 | Base Loss: 0.6893
Epoch 4/100 | Batch 9200/18922 | KD Loss: 5.6319 | Base Loss: 0.7602
Epoch 4/100 | Batch 9400/18922 | KD Loss: 4.8963 | Base Loss: 0.5741
Epoch 4/100 | Batch 9600/18922 | KD Loss: 4.8650 | Base Loss: 0.5683
Epoch 4/100 | Batch 9800/18922 | KD Loss: 5.0442 | Base Loss: 0.6648
Epoch 4/100 | Batch 10000/18922 | KD Loss: 5.1137 | Base Loss: 0.7077
Epoch 4/100 | Batch 10200/18922 | KD Loss: 5.1896 | Base Loss: 0.7720
Epoch 4/100 | Batch 10400/18922 | KD Loss: 4.7806 | Base Loss: 0.6978
Epoch 4/100 | Batch 10600/18922 | KD Loss: 4.9569 | Base Loss: 0.7280
Epoch 4/100 | Batch 10800/18922 | KD Loss: 4.6845 | Base Loss: 0.7272
Epoch 4/100 | Batch 11000/18922 | KD Loss: 4.8339 | Base Loss: 0.6803
Epoch 4/100 | Batch 11200/18922 | KD Loss: 5.2704 | Base Loss: 0.8891
Epoch 4/100 | Batch 11400/18922 | KD Loss: 5.1520 | Base Loss: 0.7485
Epoch 4/100 | Batch 11600/18922 | KD Loss: 5.1089 | Base Loss: 0.6984
Epoch 4/100 | Batch 11800/18922 | KD Loss: 5.2230 | Base Loss: 0.8291
Epoch 4/100 | Batch 12000/18922 | KD Loss: 4.9129 | Base Loss: 0.8304
Epoch 4/100 | Batch 12200/18922 | KD Loss: 4.9992 | Base Loss: 0.7148
Epoch 4/100 | Batch 12400/18922 | KD Loss: 4.9177 | Base Loss: 0.7632
Epoch 4/100 | Batch 12600/18922 | KD Loss: 5.0451 | Base Loss: 0.7134
Epoch 4/100 | Batch 12800/18922 | KD Loss: 5.2589 | Base Loss: 0.7267
Epoch 4/100 | Batch 13000/18922 | KD Loss: 4.8455 | Base Loss: 0.6759
Epoch 4/100 | Batch 13200/18922 | KD Loss: 5.3832 | Base Loss: 0.8062
Epoch 4/100 | Batch 13400/18922 | KD Loss: 5.2211 | Base Loss: 0.8031
Epoch 4/100 | Batch 13600/18922 | KD Loss: 4.7778 | Base Loss: 0.5751
Epoch 4/100 | Batch 13800/18922 | KD Loss: 5.2326 | Base Loss: 0.7331
Epoch 4/100 | Batch 14000/18922 | KD Loss: 5.1632 | Base Loss: 0.7336
Epoch 4/100 | Batch 14200/18922 | KD Loss: 5.1535 | Base Loss: 0.7236
Epoch 4/100 | Batch 14400/18922 | KD Loss: 5.1858 | Base Loss: 0.7518
Epoch 4/100 | Batch 14600/18922 | KD Loss: 5.1366 | Base Loss: 0.7699
Epoch 4/100 | Batch 14800/18922 | KD Loss: 4.8096 | Base Loss: 0.5385
Epoch 4/100 | Batch 15000/18922 | KD Loss: 5.5683 | Base Loss: 0.7832
Epoch 4/100 | Batch 15200/18922 | KD Loss: 4.9346 | Base Loss: 0.7064
Epoch 4/100 | Batch 15400/18922 | KD Loss: 5.2687 | Base Loss: 0.8156
Epoch 4/100 | Batch 15600/18922 | KD Loss: 5.0997 | Base Loss: 0.8755
Epoch 4/100 | Batch 15800/18922 | KD Loss: 5.2848 | Base Loss: 0.7709
Epoch 4/100 | Batch 16000/18922 | KD Loss: 5.1743 | Base Loss: 0.6939
Epoch 4/100 | Batch 16200/18922 | KD Loss: 5.1226 | Base Loss: 0.6011
Epoch 4/100 | Batch 16400/18922 | KD Loss: 5.3346 | Base Loss: 0.7402
Epoch 4/100 | Batch 16600/18922 | KD Loss: 4.9121 | Base Loss: 0.5649
Epoch 4/100 | Batch 16800/18922 | KD Loss: 5.1456 | Base Loss: 0.7297
Epoch 4/100 | Batch 17000/18922 | KD Loss: 5.1439 | Base Loss: 0.7246
Epoch 4/100 | Batch 17200/18922 | KD Loss: 5.0493 | Base Loss: 0.7204
Epoch 4/100 | Batch 17400/18922 | KD Loss: 5.2640 | Base Loss: 0.7895
Epoch 4/100 | Batch 17600/18922 | KD Loss: 5.0850 | Base Loss: 0.7167
Epoch 4/100 | Batch 17800/18922 | KD Loss: 4.9914 | Base Loss: 0.6353
Epoch 4/100 | Batch 18000/18922 | KD Loss: 4.7894 | Base Loss: 0.7238
Epoch 4/100 | Batch 18200/18922 | KD Loss: 5.3911 | Base Loss: 0.7493
Epoch 4/100 | Batch 18400/18922 | KD Loss: 4.9230 | Base Loss: 0.7121
Epoch 4/100 | Batch 18600/18922 | KD Loss: 5.1351 | Base Loss: 0.6939
Epoch 4/100 | Batch 18800/18922 | KD Loss: 4.9417 | Base Loss: 0.7136
====> Epoch 4 Average KD Loss: 5.1083 | LR: 0.000200
Epoch 5/100 | Batch 0/18922 | KD Loss: 4.7627 | Base Loss: 0.7365
Epoch 5/100 | Batch 200/18922 | KD Loss: 4.8873 | Base Loss: 0.6735
Epoch 5/100 | Batch 400/18922 | KD Loss: 5.2173 | Base Loss: 0.7708
Epoch 5/100 | Batch 600/18922 | KD Loss: 4.6350 | Base Loss: 0.6704
Epoch 5/100 | Batch 800/18922 | KD Loss: 4.7710 | Base Loss: 0.6301
Epoch 5/100 | Batch 1000/18922 | KD Loss: 5.2101 | Base Loss: 0.7006
Epoch 5/100 | Batch 1200/18922 | KD Loss: 4.8856 | Base Loss: 0.6717
Epoch 5/100 | Batch 1400/18922 | KD Loss: 5.2481 | Base Loss: 0.7202
Epoch 5/100 | Batch 1600/18922 | KD Loss: 5.2537 | Base Loss: 0.8894
Epoch 5/100 | Batch 1800/18922 | KD Loss: 4.9528 | Base Loss: 0.6856
Epoch 5/100 | Batch 2000/18922 | KD Loss: 4.8888 | Base Loss: 0.7673
Epoch 5/100 | Batch 2200/18922 | KD Loss: 5.5067 | Base Loss: 0.9758
Epoch 5/100 | Batch 2400/18922 | KD Loss: 5.2319 | Base Loss: 0.6181
Epoch 5/100 | Batch 2600/18922 | KD Loss: 5.1554 | Base Loss: 0.6970
Epoch 5/100 | Batch 2800/18922 | KD Loss: 5.1878 | Base Loss: 0.7803
Epoch 5/100 | Batch 3000/18922 | KD Loss: 5.1263 | Base Loss: 0.7659
Epoch 5/100 | Batch 3200/18922 | KD Loss: 4.8175 | Base Loss: 0.6656
Epoch 5/100 | Batch 3400/18922 | KD Loss: 5.1218 | Base Loss: 0.6760
Epoch 5/100 | Batch 3600/18922 | KD Loss: 5.2113 | Base Loss: 0.7500
Epoch 5/100 | Batch 3800/18922 | KD Loss: 4.8842 | Base Loss: 0.7152
Epoch 5/100 | Batch 4000/18922 | KD Loss: 4.9733 | Base Loss: 0.8425
Epoch 5/100 | Batch 4200/18922 | KD Loss: 4.8187 | Base Loss: 0.6875
Epoch 5/100 | Batch 4400/18922 | KD Loss: 4.9121 | Base Loss: 0.7129
Epoch 5/100 | Batch 4600/18922 | KD Loss: 4.7867 | Base Loss: 0.6071
Epoch 5/100 | Batch 4800/18922 | KD Loss: 5.3629 | Base Loss: 0.7601
Epoch 5/100 | Batch 5000/18922 | KD Loss: 5.3707 | Base Loss: 0.6895
Epoch 5/100 | Batch 5200/18922 | KD Loss: 4.7956 | Base Loss: 0.7349
Epoch 5/100 | Batch 5400/18922 | KD Loss: 5.2916 | Base Loss: 0.8168
Epoch 5/100 | Batch 5600/18922 | KD Loss: 5.3268 | Base Loss: 0.8803
Epoch 5/100 | Batch 5800/18922 | KD Loss: 5.3366 | Base Loss: 0.6955
Epoch 5/100 | Batch 6000/18922 | KD Loss: 4.9772 | Base Loss: 0.7320
Epoch 5/100 | Batch 6200/18922 | KD Loss: 5.0593 | Base Loss: 0.8213
Epoch 5/100 | Batch 6400/18922 | KD Loss: 4.8979 | Base Loss: 0.6496
Epoch 5/100 | Batch 6600/18922 | KD Loss: 5.4010 | Base Loss: 0.8224
Epoch 5/100 | Batch 6800/18922 | KD Loss: 5.2023 | Base Loss: 0.7763
Epoch 5/100 | Batch 7000/18922 | KD Loss: 5.1256 | Base Loss: 0.6878
Epoch 5/100 | Batch 7200/18922 | KD Loss: 5.1657 | Base Loss: 0.7850
Epoch 5/100 | Batch 7400/18922 | KD Loss: 4.9661 | Base Loss: 0.6080
Epoch 5/100 | Batch 7600/18922 | KD Loss: 5.1049 | Base Loss: 0.7162
Epoch 5/100 | Batch 7800/18922 | KD Loss: 5.2938 | Base Loss: 0.5955
Epoch 5/100 | Batch 8000/18922 | KD Loss: 5.4423 | Base Loss: 0.7464
Epoch 5/100 | Batch 8200/18922 | KD Loss: 4.9125 | Base Loss: 0.6276
Epoch 5/100 | Batch 8400/18922 | KD Loss: 5.1207 | Base Loss: 0.8123
Epoch 5/100 | Batch 8600/18922 | KD Loss: 4.8201 | Base Loss: 0.6719
Epoch 5/100 | Batch 8800/18922 | KD Loss: 5.1087 | Base Loss: 0.6322
Epoch 5/100 | Batch 9000/18922 | KD Loss: 5.2503 | Base Loss: 0.7936
Epoch 5/100 | Batch 9200/18922 | KD Loss: 5.4702 | Base Loss: 0.7174
Epoch 5/100 | Batch 9400/18922 | KD Loss: 4.9380 | Base Loss: 0.6831
Epoch 5/100 | Batch 9600/18922 | KD Loss: 4.8179 | Base Loss: 0.7016
Epoch 5/100 | Batch 9800/18922 | KD Loss: 5.0916 | Base Loss: 0.7991
Epoch 5/100 | Batch 10000/18922 | KD Loss: 5.5485 | Base Loss: 0.8715
Epoch 5/100 | Batch 10200/18922 | KD Loss: 5.1244 | Base Loss: 0.7742
Epoch 5/100 | Batch 10400/18922 | KD Loss: 5.0394 | Base Loss: 0.7456
Epoch 5/100 | Batch 10600/18922 | KD Loss: 4.9243 | Base Loss: 0.6272
Epoch 5/100 | Batch 10800/18922 | KD Loss: 5.2103 | Base Loss: 0.6191
Epoch 5/100 | Batch 11000/18922 | KD Loss: 5.4597 | Base Loss: 0.8750
Epoch 5/100 | Batch 11200/18922 | KD Loss: 4.8735 | Base Loss: 0.7166
Epoch 5/100 | Batch 11400/18922 | KD Loss: 5.3151 | Base Loss: 0.6787
Epoch 5/100 | Batch 11600/18922 | KD Loss: 5.3773 | Base Loss: 0.7202
Epoch 5/100 | Batch 11800/18922 | KD Loss: 5.0596 | Base Loss: 0.6501
Epoch 5/100 | Batch 12000/18922 | KD Loss: 5.0795 | Base Loss: 0.7433
Epoch 5/100 | Batch 12200/18922 | KD Loss: 5.8479 | Base Loss: 0.9084
Epoch 5/100 | Batch 12400/18922 | KD Loss: 4.7856 | Base Loss: 0.7140
Epoch 5/100 | Batch 12600/18922 | KD Loss: 5.1742 | Base Loss: 0.7589
Epoch 5/100 | Batch 12800/18922 | KD Loss: 5.0789 | Base Loss: 0.6752
Epoch 5/100 | Batch 13000/18922 | KD Loss: 4.6751 | Base Loss: 0.5689
Epoch 5/100 | Batch 13200/18922 | KD Loss: 4.9626 | Base Loss: 0.6420
Epoch 5/100 | Batch 13400/18922 | KD Loss: 4.5677 | Base Loss: 0.6294
Epoch 5/100 | Batch 13600/18922 | KD Loss: 4.9360 | Base Loss: 0.6453
Epoch 5/100 | Batch 13800/18922 | KD Loss: 4.8967 | Base Loss: 0.7760
Epoch 5/100 | Batch 14000/18922 | KD Loss: 5.1898 | Base Loss: 0.7369
Epoch 5/100 | Batch 14200/18922 | KD Loss: 5.1081 | Base Loss: 0.7010
Epoch 5/100 | Batch 14400/18922 | KD Loss: 4.9696 | Base Loss: 0.6888
Epoch 5/100 | Batch 14600/18922 | KD Loss: 4.9121 | Base Loss: 0.6963
Epoch 5/100 | Batch 14800/18922 | KD Loss: 5.3223 | Base Loss: 0.8747
Epoch 5/100 | Batch 15000/18922 | KD Loss: 5.4074 | Base Loss: 0.7276
Epoch 5/100 | Batch 15200/18922 | KD Loss: 5.1234 | Base Loss: 0.7735
Epoch 5/100 | Batch 15400/18922 | KD Loss: 5.2292 | Base Loss: 0.7360
Epoch 5/100 | Batch 15600/18922 | KD Loss: 5.5663 | Base Loss: 0.8199
Epoch 5/100 | Batch 15800/18922 | KD Loss: 5.4960 | Base Loss: 0.7686
Epoch 5/100 | Batch 16000/18922 | KD Loss: 5.1457 | Base Loss: 0.7606
Epoch 5/100 | Batch 16200/18922 | KD Loss: 5.3022 | Base Loss: 0.6501
Epoch 5/100 | Batch 16400/18922 | KD Loss: 5.1076 | Base Loss: 0.6175
Epoch 5/100 | Batch 16600/18922 | KD Loss: 5.0432 | Base Loss: 0.7094
Epoch 5/100 | Batch 16800/18922 | KD Loss: 5.1893 | Base Loss: 0.7513
Epoch 5/100 | Batch 17000/18922 | KD Loss: 4.7374 | Base Loss: 0.7109
Epoch 5/100 | Batch 17200/18922 | KD Loss: 4.7944 | Base Loss: 0.5804
Epoch 5/100 | Batch 17400/18922 | KD Loss: 5.1015 | Base Loss: 0.6901
Epoch 5/100 | Batch 17600/18922 | KD Loss: 4.9689 | Base Loss: 0.7440
Epoch 5/100 | Batch 17800/18922 | KD Loss: 4.8781 | Base Loss: 0.6291
Epoch 5/100 | Batch 18000/18922 | KD Loss: 4.8943 | Base Loss: 0.7502
Epoch 5/100 | Batch 18200/18922 | KD Loss: 4.8456 | Base Loss: 0.4759
Epoch 5/100 | Batch 18400/18922 | KD Loss: 5.3182 | Base Loss: 0.8562
Epoch 5/100 | Batch 18600/18922 | KD Loss: 5.2401 | Base Loss: 0.8216
Epoch 5/100 | Batch 18800/18922 | KD Loss: 5.2731 | Base Loss: 0.6845
====> Epoch 5 Average KD Loss: 5.0880 | LR: 0.000200
Epoch 6/100 | Batch 0/18922 | KD Loss: 4.5450 | Base Loss: 0.4706
Epoch 6/100 | Batch 200/18922 | KD Loss: 4.6874 | Base Loss: 0.6304
Epoch 6/100 | Batch 400/18922 | KD Loss: 5.5664 | Base Loss: 0.8772
Epoch 6/100 | Batch 600/18922 | KD Loss: 4.9765 | Base Loss: 0.7124
Epoch 6/100 | Batch 800/18922 | KD Loss: 5.0904 | Base Loss: 0.8263
Epoch 6/100 | Batch 1000/18922 | KD Loss: 5.2302 | Base Loss: 0.8417
Epoch 6/100 | Batch 1200/18922 | KD Loss: 4.7515 | Base Loss: 0.5920
Epoch 6/100 | Batch 1400/18922 | KD Loss: 5.1476 | Base Loss: 0.7310
Epoch 6/100 | Batch 1600/18922 | KD Loss: 4.8120 | Base Loss: 0.6623
Epoch 6/100 | Batch 1800/18922 | KD Loss: 5.0325 | Base Loss: 0.6942
Epoch 6/100 | Batch 2000/18922 | KD Loss: 5.2290 | Base Loss: 0.7918
Epoch 6/100 | Batch 2200/18922 | KD Loss: 5.0387 | Base Loss: 0.6999
Epoch 6/100 | Batch 2400/18922 | KD Loss: 5.1584 | Base Loss: 0.7369
Epoch 6/100 | Batch 2600/18922 | KD Loss: 5.2136 | Base Loss: 0.7561
Epoch 6/100 | Batch 2800/18922 | KD Loss: 5.4138 | Base Loss: 0.6243
Epoch 6/100 | Batch 3000/18922 | KD Loss: 5.3626 | Base Loss: 0.7830
Epoch 6/100 | Batch 3200/18922 | KD Loss: 5.0462 | Base Loss: 0.6101
Epoch 6/100 | Batch 3400/18922 | KD Loss: 5.2288 | Base Loss: 0.7770
Epoch 6/100 | Batch 3600/18922 | KD Loss: 5.1438 | Base Loss: 0.6196
Epoch 6/100 | Batch 3800/18922 | KD Loss: 5.3650 | Base Loss: 0.7335
Epoch 6/100 | Batch 4000/18922 | KD Loss: 5.0810 | Base Loss: 0.7615
Epoch 6/100 | Batch 4200/18922 | KD Loss: 4.8970 | Base Loss: 0.7069
Epoch 6/100 | Batch 4400/18922 | KD Loss: 4.8750 | Base Loss: 0.7394
Epoch 6/100 | Batch 4600/18922 | KD Loss: 5.1019 | Base Loss: 0.8338
Epoch 6/100 | Batch 4800/18922 | KD Loss: 4.7502 | Base Loss: 0.6121
Epoch 6/100 | Batch 5000/18922 | KD Loss: 5.3459 | Base Loss: 0.8020
Epoch 6/100 | Batch 5200/18922 | KD Loss: 5.4338 | Base Loss: 0.7609
Epoch 6/100 | Batch 5400/18922 | KD Loss: 5.1125 | Base Loss: 0.7643
Epoch 6/100 | Batch 5600/18922 | KD Loss: 5.0756 | Base Loss: 0.7508
Epoch 6/100 | Batch 5800/18922 | KD Loss: 5.2169 | Base Loss: 0.8583
Epoch 6/100 | Batch 6000/18922 | KD Loss: 5.0140 | Base Loss: 0.7701
Epoch 6/100 | Batch 6200/18922 | KD Loss: 4.7893 | Base Loss: 0.6468
Epoch 6/100 | Batch 6400/18922 | KD Loss: 5.0862 | Base Loss: 0.6714
Epoch 6/100 | Batch 6600/18922 | KD Loss: 5.1085 | Base Loss: 0.7756
Epoch 6/100 | Batch 6800/18922 | KD Loss: 4.9347 | Base Loss: 0.6194
Epoch 6/100 | Batch 7000/18922 | KD Loss: 5.0942 | Base Loss: 0.7412
Epoch 6/100 | Batch 7200/18922 | KD Loss: 4.9414 | Base Loss: 0.8302
Epoch 6/100 | Batch 7400/18922 | KD Loss: 4.9496 | Base Loss: 0.7123
Epoch 6/100 | Batch 7600/18922 | KD Loss: 5.2729 | Base Loss: 0.9660
Epoch 6/100 | Batch 7800/18922 | KD Loss: 5.1019 | Base Loss: 0.6868
Epoch 6/100 | Batch 8000/18922 | KD Loss: 4.8269 | Base Loss: 0.7352
Epoch 6/100 | Batch 8200/18922 | KD Loss: 5.0916 | Base Loss: 0.6820
Epoch 6/100 | Batch 8400/18922 | KD Loss: 5.0893 | Base Loss: 0.7918
Epoch 6/100 | Batch 8600/18922 | KD Loss: 5.1604 | Base Loss: 0.7227
Epoch 6/100 | Batch 8800/18922 | KD Loss: 5.5362 | Base Loss: 0.7851
Epoch 6/100 | Batch 9000/18922 | KD Loss: 5.1919 | Base Loss: 0.7562
Epoch 6/100 | Batch 9200/18922 | KD Loss: 5.0944 | Base Loss: 0.6662
Epoch 6/100 | Batch 9400/18922 | KD Loss: 5.0952 | Base Loss: 0.7628
Epoch 6/100 | Batch 9600/18922 | KD Loss: 5.1042 | Base Loss: 0.7619
Epoch 6/100 | Batch 9800/18922 | KD Loss: 4.8749 | Base Loss: 0.5561
Epoch 6/100 | Batch 10000/18922 | KD Loss: 4.9356 | Base Loss: 0.6927
Epoch 6/100 | Batch 10200/18922 | KD Loss: 4.8926 | Base Loss: 0.7109
Epoch 6/100 | Batch 10400/18922 | KD Loss: 4.9801 | Base Loss: 0.7543
Epoch 6/100 | Batch 10600/18922 | KD Loss: 5.0380 | Base Loss: 0.7214
Epoch 6/100 | Batch 10800/18922 | KD Loss: 4.8178 | Base Loss: 0.5575
Epoch 6/100 | Batch 11000/18922 | KD Loss: 5.0285 | Base Loss: 0.7369
Epoch 6/100 | Batch 11200/18922 | KD Loss: 4.9886 | Base Loss: 0.7426
Epoch 6/100 | Batch 11400/18922 | KD Loss: 5.1405 | Base Loss: 0.7396
Epoch 6/100 | Batch 11600/18922 | KD Loss: 4.8882 | Base Loss: 0.6876
Epoch 6/100 | Batch 11800/18922 | KD Loss: 4.7511 | Base Loss: 0.5557
Epoch 6/100 | Batch 12000/18922 | KD Loss: 5.2048 | Base Loss: 0.7036
Epoch 6/100 | Batch 12200/18922 | KD Loss: 5.1201 | Base Loss: 0.7050
Epoch 6/100 | Batch 12400/18922 | KD Loss: 5.0859 | Base Loss: 0.7503
Epoch 6/100 | Batch 12600/18922 | KD Loss: 4.9703 | Base Loss: 0.7115
Epoch 6/100 | Batch 12800/18922 | KD Loss: 4.7848 | Base Loss: 0.5991
Epoch 6/100 | Batch 13000/18922 | KD Loss: 4.9527 | Base Loss: 0.7968
Epoch 6/100 | Batch 13200/18922 | KD Loss: 4.9542 | Base Loss: 0.7280
Epoch 6/100 | Batch 13400/18922 | KD Loss: 4.5769 | Base Loss: 0.5822
Epoch 6/100 | Batch 13600/18922 | KD Loss: 5.1786 | Base Loss: 0.8007
Epoch 6/100 | Batch 13800/18922 | KD Loss: 4.8930 | Base Loss: 0.7634
Epoch 6/100 | Batch 14000/18922 | KD Loss: 5.3473 | Base Loss: 0.7661
Epoch 6/100 | Batch 14200/18922 | KD Loss: 4.9624 | Base Loss: 0.6654
Epoch 6/100 | Batch 14400/18922 | KD Loss: 4.7680 | Base Loss: 0.4947
Epoch 6/100 | Batch 14600/18922 | KD Loss: 5.5273 | Base Loss: 0.7544
Epoch 6/100 | Batch 14800/18922 | KD Loss: 4.8392 | Base Loss: 0.9721
Epoch 6/100 | Batch 15000/18922 | KD Loss: 4.9815 | Base Loss: 0.7710
Epoch 6/100 | Batch 15200/18922 | KD Loss: 5.1655 | Base Loss: 0.7347
Epoch 6/100 | Batch 15400/18922 | KD Loss: 5.1066 | Base Loss: 0.7547
Epoch 6/100 | Batch 15600/18922 | KD Loss: 4.8614 | Base Loss: 0.7177
Epoch 6/100 | Batch 15800/18922 | KD Loss: 5.3412 | Base Loss: 0.8153
Epoch 6/100 | Batch 16000/18922 | KD Loss: 4.9812 | Base Loss: 0.8144
Epoch 6/100 | Batch 16200/18922 | KD Loss: 5.0942 | Base Loss: 0.6719
Epoch 6/100 | Batch 16400/18922 | KD Loss: 4.9707 | Base Loss: 0.7867
Epoch 6/100 | Batch 16600/18922 | KD Loss: 4.7765 | Base Loss: 0.6505
Epoch 6/100 | Batch 16800/18922 | KD Loss: 5.0093 | Base Loss: 0.7241
Epoch 6/100 | Batch 17000/18922 | KD Loss: 5.2442 | Base Loss: 0.7471
Epoch 6/100 | Batch 17200/18922 | KD Loss: 5.0308 | Base Loss: 0.7741
Epoch 6/100 | Batch 17400/18922 | KD Loss: 4.9631 | Base Loss: 0.7702
Epoch 6/100 | Batch 17600/18922 | KD Loss: 4.6964 | Base Loss: 0.6317
Epoch 6/100 | Batch 17800/18922 | KD Loss: 4.7830 | Base Loss: 0.7674
Epoch 6/100 | Batch 18000/18922 | KD Loss: 5.1653 | Base Loss: 0.7558
Epoch 6/100 | Batch 18200/18922 | KD Loss: 5.2419 | Base Loss: 0.9145
Epoch 6/100 | Batch 18400/18922 | KD Loss: 5.3476 | Base Loss: 0.8110
Epoch 6/100 | Batch 18600/18922 | KD Loss: 4.9114 | Base Loss: 0.7258
Epoch 6/100 | Batch 18800/18922 | KD Loss: 4.9178 | Base Loss: 0.7954
====> Epoch 6 Average KD Loss: 5.0726 | LR: 0.000200
Epoch 7/100 | Batch 0/18922 | KD Loss: 5.2971 | Base Loss: 0.6240
Epoch 7/100 | Batch 200/18922 | KD Loss: 4.7604 | Base Loss: 0.6575
Epoch 7/100 | Batch 400/18922 | KD Loss: 4.9862 | Base Loss: 0.6595
Epoch 7/100 | Batch 600/18922 | KD Loss: 5.1282 | Base Loss: 0.7446
Epoch 7/100 | Batch 800/18922 | KD Loss: 4.9930 | Base Loss: 0.8725
Epoch 7/100 | Batch 1000/18922 | KD Loss: 5.4727 | Base Loss: 0.8220
Epoch 7/100 | Batch 1200/18922 | KD Loss: 4.8798 | Base Loss: 0.7427
Epoch 7/100 | Batch 1400/18922 | KD Loss: 4.9091 | Base Loss: 0.8965
Epoch 7/100 | Batch 1600/18922 | KD Loss: 4.9849 | Base Loss: 0.7720
Epoch 7/100 | Batch 1800/18922 | KD Loss: 4.9571 | Base Loss: 0.6307
Epoch 7/100 | Batch 2000/18922 | KD Loss: 5.3297 | Base Loss: 0.7198
Epoch 7/100 | Batch 2200/18922 | KD Loss: 4.8033 | Base Loss: 0.7091
Epoch 7/100 | Batch 2400/18922 | KD Loss: 4.9431 | Base Loss: 0.6383
Epoch 7/100 | Batch 2600/18922 | KD Loss: 4.6506 | Base Loss: 0.6209
Epoch 7/100 | Batch 2800/18922 | KD Loss: 5.3662 | Base Loss: 0.8606
Epoch 7/100 | Batch 3000/18922 | KD Loss: 5.0557 | Base Loss: 0.7322
Epoch 7/100 | Batch 3200/18922 | KD Loss: 5.0727 | Base Loss: 0.8535
Epoch 7/100 | Batch 3400/18922 | KD Loss: 5.3611 | Base Loss: 0.9182
Epoch 7/100 | Batch 3600/18922 | KD Loss: 5.3461 | Base Loss: 0.7122
Epoch 7/100 | Batch 3800/18922 | KD Loss: 5.1135 | Base Loss: 0.6877
Epoch 7/100 | Batch 4000/18922 | KD Loss: 4.9706 | Base Loss: 0.8296
Epoch 7/100 | Batch 4200/18922 | KD Loss: 5.0434 | Base Loss: 0.8689
Epoch 7/100 | Batch 4400/18922 | KD Loss: 4.7149 | Base Loss: 0.6829
Epoch 7/100 | Batch 4600/18922 | KD Loss: 5.1387 | Base Loss: 0.7177
Epoch 7/100 | Batch 4800/18922 | KD Loss: 5.4677 | Base Loss: 0.8389
Epoch 7/100 | Batch 5000/18922 | KD Loss: 5.1453 | Base Loss: 0.7695
Epoch 7/100 | Batch 5200/18922 | KD Loss: 5.2315 | Base Loss: 0.7346
Epoch 7/100 | Batch 5400/18922 | KD Loss: 4.8173 | Base Loss: 0.7844
Epoch 7/100 | Batch 5600/18922 | KD Loss: 5.1084 | Base Loss: 0.8310
Epoch 7/100 | Batch 5800/18922 | KD Loss: 5.1241 | Base Loss: 0.7843
Epoch 7/100 | Batch 6000/18922 | KD Loss: 5.1327 | Base Loss: 0.8055
Epoch 7/100 | Batch 6200/18922 | KD Loss: 4.8723 | Base Loss: 0.7557
Epoch 7/100 | Batch 6400/18922 | KD Loss: 4.9682 | Base Loss: 0.8379
Epoch 7/100 | Batch 6600/18922 | KD Loss: 5.0055 | Base Loss: 0.6266
Epoch 7/100 | Batch 6800/18922 | KD Loss: 4.9389 | Base Loss: 0.6942
Epoch 7/100 | Batch 7000/18922 | KD Loss: 4.8046 | Base Loss: 0.7310
Epoch 7/100 | Batch 7200/18922 | KD Loss: 4.9910 | Base Loss: 0.6447
Epoch 7/100 | Batch 7400/18922 | KD Loss: 5.2595 | Base Loss: 0.8718
Epoch 7/100 | Batch 7600/18922 | KD Loss: 4.9631 | Base Loss: 0.7294
Epoch 7/100 | Batch 7800/18922 | KD Loss: 5.1923 | Base Loss: 0.7522
Epoch 7/100 | Batch 8000/18922 | KD Loss: 5.3822 | Base Loss: 0.7671
Epoch 7/100 | Batch 8200/18922 | KD Loss: 5.0798 | Base Loss: 0.6427
Epoch 7/100 | Batch 8400/18922 | KD Loss: 5.1939 | Base Loss: 0.7711
Epoch 7/100 | Batch 8600/18922 | KD Loss: 5.2559 | Base Loss: 0.7287
Epoch 7/100 | Batch 8800/18922 | KD Loss: 4.9151 | Base Loss: 0.8065
Epoch 7/100 | Batch 9000/18922 | KD Loss: 5.1907 | Base Loss: 0.6916
Epoch 7/100 | Batch 9200/18922 | KD Loss: 5.4129 | Base Loss: 0.8355
Epoch 7/100 | Batch 9400/18922 | KD Loss: 5.1039 | Base Loss: 0.8686
Epoch 7/100 | Batch 9600/18922 | KD Loss: 5.2603 | Base Loss: 0.7442
Epoch 7/100 | Batch 9800/18922 | KD Loss: 5.1370 | Base Loss: 0.7426
Epoch 7/100 | Batch 10000/18922 | KD Loss: 4.9731 | Base Loss: 0.6944
Epoch 7/100 | Batch 10200/18922 | KD Loss: 5.2673 | Base Loss: 0.7476
Epoch 7/100 | Batch 10400/18922 | KD Loss: 4.9715 | Base Loss: 0.7450
Epoch 7/100 | Batch 10600/18922 | KD Loss: 4.7995 | Base Loss: 0.7461
Epoch 7/100 | Batch 10800/18922 | KD Loss: 5.1674 | Base Loss: 0.7001
Epoch 7/100 | Batch 11000/18922 | KD Loss: 5.1931 | Base Loss: 0.6362
Epoch 7/100 | Batch 11200/18922 | KD Loss: 4.6657 | Base Loss: 0.6679
Epoch 7/100 | Batch 11400/18922 | KD Loss: 5.3832 | Base Loss: 0.9217
Epoch 7/100 | Batch 11600/18922 | KD Loss: 5.0540 | Base Loss: 0.7504
Epoch 7/100 | Batch 11800/18922 | KD Loss: 4.9811 | Base Loss: 0.6872
Epoch 7/100 | Batch 12000/18922 | KD Loss: 4.9090 | Base Loss: 0.6989
Epoch 7/100 | Batch 12200/18922 | KD Loss: 4.8235 | Base Loss: 0.6704
Epoch 7/100 | Batch 12400/18922 | KD Loss: 4.8880 | Base Loss: 0.7145
Epoch 7/100 | Batch 12600/18922 | KD Loss: 5.0381 | Base Loss: 0.7037
Epoch 7/100 | Batch 12800/18922 | KD Loss: 4.8456 | Base Loss: 0.7517
Epoch 7/100 | Batch 13000/18922 | KD Loss: 5.6068 | Base Loss: 0.8727
Epoch 7/100 | Batch 13200/18922 | KD Loss: 4.8914 | Base Loss: 0.8034
Epoch 7/100 | Batch 13400/18922 | KD Loss: 4.9178 | Base Loss: 0.7001
Epoch 7/100 | Batch 13600/18922 | KD Loss: 5.0458 | Base Loss: 0.8389
Epoch 7/100 | Batch 13800/18922 | KD Loss: 5.2083 | Base Loss: 0.6848
Epoch 7/100 | Batch 14000/18922 | KD Loss: 4.8490 | Base Loss: 0.7462
Epoch 7/100 | Batch 14200/18922 | KD Loss: 5.0633 | Base Loss: 0.7389
Epoch 7/100 | Batch 14400/18922 | KD Loss: 4.8795 | Base Loss: 0.6807
Epoch 7/100 | Batch 14600/18922 | KD Loss: 5.4838 | Base Loss: 0.6423
Epoch 7/100 | Batch 14800/18922 | KD Loss: 5.4367 | Base Loss: 0.6697
Epoch 7/100 | Batch 15000/18922 | KD Loss: 5.1205 | Base Loss: 0.8004
Epoch 7/100 | Batch 15200/18922 | KD Loss: 4.7649 | Base Loss: 0.5686
Epoch 7/100 | Batch 15400/18922 | KD Loss: 4.9842 | Base Loss: 0.7553
Epoch 7/100 | Batch 15600/18922 | KD Loss: 4.8580 | Base Loss: 0.7491
Epoch 7/100 | Batch 15800/18922 | KD Loss: 5.2219 | Base Loss: 0.7471
Epoch 7/100 | Batch 16000/18922 | KD Loss: 5.1645 | Base Loss: 0.8280
Epoch 7/100 | Batch 16200/18922 | KD Loss: 4.9016 | Base Loss: 0.7748
Epoch 7/100 | Batch 16400/18922 | KD Loss: 5.1105 | Base Loss: 0.8017
Epoch 7/100 | Batch 16600/18922 | KD Loss: 4.9826 | Base Loss: 0.8592
Epoch 7/100 | Batch 16800/18922 | KD Loss: 5.2093 | Base Loss: 0.8368
Epoch 7/100 | Batch 17000/18922 | KD Loss: 5.2607 | Base Loss: 0.7390
Epoch 7/100 | Batch 17200/18922 | KD Loss: 5.1299 | Base Loss: 0.7266
Epoch 7/100 | Batch 17400/18922 | KD Loss: 4.9171 | Base Loss: 0.7263
Epoch 7/100 | Batch 17600/18922 | KD Loss: 4.9371 | Base Loss: 0.6548
Epoch 7/100 | Batch 17800/18922 | KD Loss: 4.8209 | Base Loss: 0.7934
Epoch 7/100 | Batch 18000/18922 | KD Loss: 5.2649 | Base Loss: 0.7892
Epoch 7/100 | Batch 18200/18922 | KD Loss: 5.2033 | Base Loss: 0.8417
Epoch 7/100 | Batch 18400/18922 | KD Loss: 5.0457 | Base Loss: 0.8268
Epoch 7/100 | Batch 18600/18922 | KD Loss: 5.4617 | Base Loss: 0.9074
Epoch 7/100 | Batch 18800/18922 | KD Loss: 5.0141 | Base Loss: 0.8787
====> Epoch 7 Average KD Loss: 5.0585 | LR: 0.000200
Epoch 8/100 | Batch 0/18922 | KD Loss: 4.9175 | Base Loss: 0.7748
Epoch 8/100 | Batch 200/18922 | KD Loss: 4.8356 | Base Loss: 0.6583
Epoch 8/100 | Batch 400/18922 | KD Loss: 4.9129 | Base Loss: 0.7803
Epoch 8/100 | Batch 600/18922 | KD Loss: 5.3273 | Base Loss: 0.8237
Epoch 8/100 | Batch 800/18922 | KD Loss: 5.0031 | Base Loss: 0.6734
Epoch 8/100 | Batch 1000/18922 | KD Loss: 5.3686 | Base Loss: 0.7173
Epoch 8/100 | Batch 1200/18922 | KD Loss: 4.6394 | Base Loss: 0.6857
Epoch 8/100 | Batch 1400/18922 | KD Loss: 5.1123 | Base Loss: 0.8576
Epoch 8/100 | Batch 1600/18922 | KD Loss: 5.0630 | Base Loss: 0.6795
Epoch 8/100 | Batch 1800/18922 | KD Loss: 5.1503 | Base Loss: 0.5901
Epoch 8/100 | Batch 2000/18922 | KD Loss: 4.9590 | Base Loss: 0.8901
Epoch 8/100 | Batch 2200/18922 | KD Loss: 4.9197 | Base Loss: 0.7750
Epoch 8/100 | Batch 2400/18922 | KD Loss: 4.8600 | Base Loss: 0.7308
Epoch 8/100 | Batch 2600/18922 | KD Loss: 5.0497 | Base Loss: 0.5862
Epoch 8/100 | Batch 2800/18922 | KD Loss: 5.1674 | Base Loss: 0.7136
Epoch 8/100 | Batch 3000/18922 | KD Loss: 5.0223 | Base Loss: 0.7394
Epoch 8/100 | Batch 3200/18922 | KD Loss: 4.9388 | Base Loss: 0.6071
Epoch 8/100 | Batch 3400/18922 | KD Loss: 4.7776 | Base Loss: 0.6773
Epoch 8/100 | Batch 3600/18922 | KD Loss: 5.4610 | Base Loss: 0.9154
Epoch 8/100 | Batch 3800/18922 | KD Loss: 4.9391 | Base Loss: 0.6642
Epoch 8/100 | Batch 4000/18922 | KD Loss: 5.1916 | Base Loss: 0.8484
Epoch 8/100 | Batch 4200/18922 | KD Loss: 4.8083 | Base Loss: 0.6652
Epoch 8/100 | Batch 4400/18922 | KD Loss: 4.9098 | Base Loss: 0.6577
Epoch 8/100 | Batch 4600/18922 | KD Loss: 5.1162 | Base Loss: 0.7601
Epoch 8/100 | Batch 4800/18922 | KD Loss: 5.0418 | Base Loss: 0.8431
Epoch 8/100 | Batch 5000/18922 | KD Loss: 5.0276 | Base Loss: 0.8795
Epoch 8/100 | Batch 5200/18922 | KD Loss: 4.8230 | Base Loss: 0.6413
Epoch 8/100 | Batch 5400/18922 | KD Loss: 5.1083 | Base Loss: 0.7503
Epoch 8/100 | Batch 5600/18922 | KD Loss: 5.0613 | Base Loss: 0.7146
Epoch 8/100 | Batch 5800/18922 | KD Loss: 5.0277 | Base Loss: 0.7040
Epoch 8/100 | Batch 6000/18922 | KD Loss: 4.9204 | Base Loss: 0.8023
Epoch 8/100 | Batch 6200/18922 | KD Loss: 4.9205 | Base Loss: 0.7670
Epoch 8/100 | Batch 6400/18922 | KD Loss: 4.6889 | Base Loss: 0.7318
Epoch 8/100 | Batch 6600/18922 | KD Loss: 4.7348 | Base Loss: 0.7454
Epoch 8/100 | Batch 6800/18922 | KD Loss: 4.9406 | Base Loss: 0.8002
Epoch 8/100 | Batch 7000/18922 | KD Loss: 4.9807 | Base Loss: 0.6418
Epoch 8/100 | Batch 7200/18922 | KD Loss: 5.1628 | Base Loss: 0.8615
Epoch 8/100 | Batch 7400/18922 | KD Loss: 4.9071 | Base Loss: 0.7986
Epoch 8/100 | Batch 7600/18922 | KD Loss: 4.9015 | Base Loss: 0.7161
Epoch 8/100 | Batch 7800/18922 | KD Loss: 4.9477 | Base Loss: 0.7859
Epoch 8/100 | Batch 8000/18922 | KD Loss: 5.0182 | Base Loss: 0.7691
Epoch 8/100 | Batch 8200/18922 | KD Loss: 5.1288 | Base Loss: 0.7911
Epoch 8/100 | Batch 8400/18922 | KD Loss: 5.0785 | Base Loss: 0.7506
Epoch 8/100 | Batch 8600/18922 | KD Loss: 5.3255 | Base Loss: 0.7943
Epoch 8/100 | Batch 8800/18922 | KD Loss: 5.0384 | Base Loss: 0.6311
Epoch 8/100 | Batch 9000/18922 | KD Loss: 5.3818 | Base Loss: 0.7796
Epoch 8/100 | Batch 9200/18922 | KD Loss: 5.2086 | Base Loss: 0.8092
Epoch 8/100 | Batch 9400/18922 | KD Loss: 4.9064 | Base Loss: 0.6297
Epoch 8/100 | Batch 9600/18922 | KD Loss: 5.0640 | Base Loss: 0.6675
Epoch 8/100 | Batch 9800/18922 | KD Loss: 5.3937 | Base Loss: 0.8393
Epoch 8/100 | Batch 10000/18922 | KD Loss: 4.8632 | Base Loss: 0.8423
Epoch 8/100 | Batch 10200/18922 | KD Loss: 4.8426 | Base Loss: 0.7838
Epoch 8/100 | Batch 10400/18922 | KD Loss: 4.6270 | Base Loss: 0.6876
Epoch 8/100 | Batch 10600/18922 | KD Loss: 5.3648 | Base Loss: 0.7893
Epoch 8/100 | Batch 10800/18922 | KD Loss: 5.0721 | Base Loss: 0.7059
Epoch 8/100 | Batch 11000/18922 | KD Loss: 4.9841 | Base Loss: 0.7603
Epoch 8/100 | Batch 11200/18922 | KD Loss: 5.2094 | Base Loss: 0.8531
Epoch 8/100 | Batch 11400/18922 | KD Loss: 5.3112 | Base Loss: 0.7541
Epoch 8/100 | Batch 11600/18922 | KD Loss: 4.8714 | Base Loss: 0.6842
Epoch 8/100 | Batch 11800/18922 | KD Loss: 4.6833 | Base Loss: 0.6811
Epoch 8/100 | Batch 12000/18922 | KD Loss: 5.2261 | Base Loss: 0.6376
Epoch 8/100 | Batch 12200/18922 | KD Loss: 4.9020 | Base Loss: 0.7409
Epoch 8/100 | Batch 12400/18922 | KD Loss: 5.3370 | Base Loss: 0.8184
Epoch 8/100 | Batch 12600/18922 | KD Loss: 4.8690 | Base Loss: 0.6655
Epoch 8/100 | Batch 12800/18922 | KD Loss: 4.9382 | Base Loss: 0.6693
Epoch 8/100 | Batch 13000/18922 | KD Loss: 5.1368 | Base Loss: 0.6721
Epoch 8/100 | Batch 13200/18922 | KD Loss: 5.3177 | Base Loss: 0.7387
Epoch 8/100 | Batch 13400/18922 | KD Loss: 4.7747 | Base Loss: 0.7711
Epoch 8/100 | Batch 13600/18922 | KD Loss: 5.5605 | Base Loss: 0.9071
Epoch 8/100 | Batch 13800/18922 | KD Loss: 4.8429 | Base Loss: 0.6505
Epoch 8/100 | Batch 14000/18922 | KD Loss: 5.4310 | Base Loss: 0.7401
Epoch 8/100 | Batch 14200/18922 | KD Loss: 4.9344 | Base Loss: 0.7196
Epoch 8/100 | Batch 14400/18922 | KD Loss: 5.0829 | Base Loss: 0.7705
Epoch 8/100 | Batch 14600/18922 | KD Loss: 5.2883 | Base Loss: 0.6683
Epoch 8/100 | Batch 14800/18922 | KD Loss: 4.8410 | Base Loss: 0.6150
Epoch 8/100 | Batch 15000/18922 | KD Loss: 4.8121 | Base Loss: 0.8216
Epoch 8/100 | Batch 15200/18922 | KD Loss: 4.9618 | Base Loss: 0.5968
Epoch 8/100 | Batch 15400/18922 | KD Loss: 5.0523 | Base Loss: 0.6385
Epoch 8/100 | Batch 15600/18922 | KD Loss: 5.0745 | Base Loss: 0.6331
Epoch 8/100 | Batch 15800/18922 | KD Loss: 5.3206 | Base Loss: 0.9226
Epoch 8/100 | Batch 16000/18922 | KD Loss: 5.1443 | Base Loss: 0.7476
Epoch 8/100 | Batch 16200/18922 | KD Loss: 5.2418 | Base Loss: 0.7731
Epoch 8/100 | Batch 16400/18922 | KD Loss: 4.9959 | Base Loss: 0.6864
Epoch 8/100 | Batch 16600/18922 | KD Loss: 4.9423 | Base Loss: 0.6089
Epoch 8/100 | Batch 16800/18922 | KD Loss: 4.8977 | Base Loss: 0.7294
Epoch 8/100 | Batch 17000/18922 | KD Loss: 5.3404 | Base Loss: 0.9211
Epoch 8/100 | Batch 17200/18922 | KD Loss: 5.1376 | Base Loss: 0.8427
Epoch 8/100 | Batch 17400/18922 | KD Loss: 5.0223 | Base Loss: 0.7889
Epoch 8/100 | Batch 17600/18922 | KD Loss: 5.2134 | Base Loss: 0.8086
Epoch 8/100 | Batch 17800/18922 | KD Loss: 5.1132 | Base Loss: 0.7777
Epoch 8/100 | Batch 18000/18922 | KD Loss: 5.0539 | Base Loss: 0.7703
Epoch 8/100 | Batch 18200/18922 | KD Loss: 4.7794 | Base Loss: 0.6690
Epoch 8/100 | Batch 18400/18922 | KD Loss: 4.9928 | Base Loss: 0.6905
Epoch 8/100 | Batch 18600/18922 | KD Loss: 4.9132 | Base Loss: 0.6616
Epoch 8/100 | Batch 18800/18922 | KD Loss: 5.1932 | Base Loss: 0.7956
====> Epoch 8 Average KD Loss: 5.0453 | LR: 0.000200
Epoch 9/100 | Batch 0/18922 | KD Loss: 5.2425 | Base Loss: 0.7086
Epoch 9/100 | Batch 200/18922 | KD Loss: 5.3337 | Base Loss: 0.8161
Epoch 9/100 | Batch 400/18922 | KD Loss: 5.0154 | Base Loss: 0.6124
Epoch 9/100 | Batch 600/18922 | KD Loss: 4.9438 | Base Loss: 0.6917
Epoch 9/100 | Batch 800/18922 | KD Loss: 5.2858 | Base Loss: 0.7291
Epoch 9/100 | Batch 1000/18922 | KD Loss: 5.2330 | Base Loss: 0.7831
Epoch 9/100 | Batch 1200/18922 | KD Loss: 5.1102 | Base Loss: 0.7147
Epoch 9/100 | Batch 1400/18922 | KD Loss: 5.0686 | Base Loss: 0.7683
Epoch 9/100 | Batch 1600/18922 | KD Loss: 5.0599 | Base Loss: 0.7799
Epoch 9/100 | Batch 1800/18922 | KD Loss: 4.8922 | Base Loss: 0.7249
Epoch 9/100 | Batch 2000/18922 | KD Loss: 4.8829 | Base Loss: 0.6886
Epoch 9/100 | Batch 2200/18922 | KD Loss: 4.9781 | Base Loss: 0.5917
Epoch 9/100 | Batch 2400/18922 | KD Loss: 4.7716 | Base Loss: 0.6544
Epoch 9/100 | Batch 2600/18922 | KD Loss: 5.3217 | Base Loss: 0.7703
Epoch 9/100 | Batch 2800/18922 | KD Loss: 5.1155 | Base Loss: 0.8463
Epoch 9/100 | Batch 3000/18922 | KD Loss: 4.9151 | Base Loss: 0.7663
Epoch 9/100 | Batch 3200/18922 | KD Loss: 4.8582 | Base Loss: 0.6368
Epoch 9/100 | Batch 3400/18922 | KD Loss: 5.0098 | Base Loss: 0.7269
Epoch 9/100 | Batch 3600/18922 | KD Loss: 5.0303 | Base Loss: 0.7740
Epoch 9/100 | Batch 3800/18922 | KD Loss: 5.5723 | Base Loss: 1.0960
Epoch 9/100 | Batch 4000/18922 | KD Loss: 5.6371 | Base Loss: 0.7199
Epoch 9/100 | Batch 4200/18922 | KD Loss: 4.9538 | Base Loss: 0.6584
Epoch 9/100 | Batch 4400/18922 | KD Loss: 5.0283 | Base Loss: 0.7006
Epoch 9/100 | Batch 4600/18922 | KD Loss: 5.1158 | Base Loss: 0.6303
Epoch 9/100 | Batch 4800/18922 | KD Loss: 5.3098 | Base Loss: 0.6311
Epoch 9/100 | Batch 5000/18922 | KD Loss: 5.0178 | Base Loss: 0.6181
Epoch 9/100 | Batch 5200/18922 | KD Loss: 4.8542 | Base Loss: 0.6200
Epoch 9/100 | Batch 5400/18922 | KD Loss: 5.2194 | Base Loss: 0.8486
Epoch 9/100 | Batch 5600/18922 | KD Loss: 4.9022 | Base Loss: 0.6659
Epoch 9/100 | Batch 5800/18922 | KD Loss: 4.8212 | Base Loss: 0.7966
Epoch 9/100 | Batch 6000/18922 | KD Loss: 4.8848 | Base Loss: 0.7017
Epoch 9/100 | Batch 6200/18922 | KD Loss: 5.3814 | Base Loss: 0.7550
Epoch 9/100 | Batch 6400/18922 | KD Loss: 5.0997 | Base Loss: 0.7286
Epoch 9/100 | Batch 6600/18922 | KD Loss: 5.4058 | Base Loss: 0.8081
Epoch 9/100 | Batch 6800/18922 | KD Loss: 5.0364 | Base Loss: 0.8082
Epoch 9/100 | Batch 7000/18922 | KD Loss: 5.0385 | Base Loss: 0.7251
Epoch 9/100 | Batch 7200/18922 | KD Loss: 4.8251 | Base Loss: 0.7220
Epoch 9/100 | Batch 7400/18922 | KD Loss: 4.8330 | Base Loss: 0.7114
Epoch 9/100 | Batch 7600/18922 | KD Loss: 4.9275 | Base Loss: 0.6990
Epoch 9/100 | Batch 7800/18922 | KD Loss: 5.2884 | Base Loss: 0.7508
Epoch 9/100 | Batch 8000/18922 | KD Loss: 4.7758 | Base Loss: 0.6141
Epoch 9/100 | Batch 8200/18922 | KD Loss: 5.1701 | Base Loss: 0.7667
Epoch 9/100 | Batch 8400/18922 | KD Loss: 5.0995 | Base Loss: 0.7389
Epoch 9/100 | Batch 8600/18922 | KD Loss: 4.8669 | Base Loss: 0.6266
Epoch 9/100 | Batch 8800/18922 | KD Loss: 4.8780 | Base Loss: 0.8905
Epoch 9/100 | Batch 9000/18922 | KD Loss: 4.9932 | Base Loss: 0.7957
Epoch 9/100 | Batch 9200/18922 | KD Loss: 5.3260 | Base Loss: 0.8627
Epoch 9/100 | Batch 9400/18922 | KD Loss: 5.0505 | Base Loss: 0.7345
Epoch 9/100 | Batch 9600/18922 | KD Loss: 4.9562 | Base Loss: 0.6883
Epoch 9/100 | Batch 9800/18922 | KD Loss: 5.2191 | Base Loss: 0.6824
Epoch 9/100 | Batch 10000/18922 | KD Loss: 5.0206 | Base Loss: 0.6073
Epoch 9/100 | Batch 10200/18922 | KD Loss: 4.8064 | Base Loss: 0.6958
Epoch 9/100 | Batch 10400/18922 | KD Loss: 4.6954 | Base Loss: 0.8646
Epoch 9/100 | Batch 10600/18922 | KD Loss: 4.9176 | Base Loss: 0.6542
Epoch 9/100 | Batch 10800/18922 | KD Loss: 4.9875 | Base Loss: 0.5479
Epoch 9/100 | Batch 11000/18922 | KD Loss: 5.0725 | Base Loss: 0.7491
Epoch 9/100 | Batch 11200/18922 | KD Loss: 4.8978 | Base Loss: 0.7623
Epoch 9/100 | Batch 11400/18922 | KD Loss: 5.3116 | Base Loss: 0.7841
Epoch 9/100 | Batch 11600/18922 | KD Loss: 5.6728 | Base Loss: 0.7758
Epoch 9/100 | Batch 11800/18922 | KD Loss: 4.6888 | Base Loss: 0.6643
Epoch 9/100 | Batch 12000/18922 | KD Loss: 4.9778 | Base Loss: 0.7054
Epoch 9/100 | Batch 12200/18922 | KD Loss: 4.9145 | Base Loss: 0.7405
Epoch 9/100 | Batch 12400/18922 | KD Loss: 4.9667 | Base Loss: 0.7254
Epoch 9/100 | Batch 12600/18922 | KD Loss: 5.2373 | Base Loss: 0.7119
Epoch 9/100 | Batch 12800/18922 | KD Loss: 4.6953 | Base Loss: 0.6057
Epoch 9/100 | Batch 13000/18922 | KD Loss: 5.3876 | Base Loss: 0.8598
Epoch 9/100 | Batch 13200/18922 | KD Loss: 5.1080 | Base Loss: 0.6291
Epoch 9/100 | Batch 13400/18922 | KD Loss: 4.9247 | Base Loss: 0.7288
Epoch 9/100 | Batch 13600/18922 | KD Loss: 5.3278 | Base Loss: 0.6968
Epoch 9/100 | Batch 13800/18922 | KD Loss: 4.7107 | Base Loss: 0.6159
Epoch 9/100 | Batch 14000/18922 | KD Loss: 5.3729 | Base Loss: 0.8158
Epoch 9/100 | Batch 14200/18922 | KD Loss: 5.0606 | Base Loss: 0.7489
Epoch 9/100 | Batch 14400/18922 | KD Loss: 5.0598 | Base Loss: 0.6328
Epoch 9/100 | Batch 14600/18922 | KD Loss: 4.8331 | Base Loss: 0.6990
Epoch 9/100 | Batch 14800/18922 | KD Loss: 4.8416 | Base Loss: 0.6383
Epoch 9/100 | Batch 15000/18922 | KD Loss: 5.1438 | Base Loss: 0.9321
Epoch 9/100 | Batch 15200/18922 | KD Loss: 4.8617 | Base Loss: 0.7702
Epoch 9/100 | Batch 15400/18922 | KD Loss: 4.6534 | Base Loss: 0.6198
Epoch 9/100 | Batch 15600/18922 | KD Loss: 4.7388 | Base Loss: 0.7036
Epoch 9/100 | Batch 15800/18922 | KD Loss: 4.7150 | Base Loss: 0.6010
Epoch 9/100 | Batch 16000/18922 | KD Loss: 5.2183 | Base Loss: 0.7185
Epoch 9/100 | Batch 16200/18922 | KD Loss: 5.3945 | Base Loss: 0.8812
Epoch 9/100 | Batch 16400/18922 | KD Loss: 5.0920 | Base Loss: 0.7865
Epoch 9/100 | Batch 16600/18922 | KD Loss: 5.3117 | Base Loss: 1.0785
Epoch 9/100 | Batch 16800/18922 | KD Loss: 5.0727 | Base Loss: 0.8362
Epoch 9/100 | Batch 17000/18922 | KD Loss: 4.8376 | Base Loss: 0.7048
Epoch 9/100 | Batch 17200/18922 | KD Loss: 4.9407 | Base Loss: 0.7296
Epoch 9/100 | Batch 17400/18922 | KD Loss: 4.7502 | Base Loss: 0.7937
Epoch 9/100 | Batch 17600/18922 | KD Loss: 5.3017 | Base Loss: 0.7088
Epoch 9/100 | Batch 17800/18922 | KD Loss: 4.9948 | Base Loss: 0.8002
Epoch 9/100 | Batch 18000/18922 | KD Loss: 5.1513 | Base Loss: 0.7597
Epoch 9/100 | Batch 18200/18922 | KD Loss: 4.5780 | Base Loss: 0.6513
Epoch 9/100 | Batch 18400/18922 | KD Loss: 5.1006 | Base Loss: 0.6866
Epoch 9/100 | Batch 18600/18922 | KD Loss: 4.5020 | Base Loss: 0.6064
Epoch 9/100 | Batch 18800/18922 | KD Loss: 4.8479 | Base Loss: 0.7782
====> Epoch 9 Average KD Loss: 5.0321 | LR: 0.000200
Epoch 10/100 | Batch 0/18922 | KD Loss: 4.7142 | Base Loss: 0.5747
Epoch 10/100 | Batch 200/18922 | KD Loss: 4.7702 | Base Loss: 0.7108
Epoch 10/100 | Batch 400/18922 | KD Loss: 4.4737 | Base Loss: 0.4854
Epoch 10/100 | Batch 600/18922 | KD Loss: 4.8890 | Base Loss: 0.8194
Epoch 10/100 | Batch 800/18922 | KD Loss: 4.9474 | Base Loss: 0.7616
Epoch 10/100 | Batch 1000/18922 | KD Loss: 4.8438 | Base Loss: 0.6004
Epoch 10/100 | Batch 1200/18922 | KD Loss: 5.2183 | Base Loss: 0.9347
Epoch 10/100 | Batch 1400/18922 | KD Loss: 5.1363 | Base Loss: 0.8183
Epoch 10/100 | Batch 1600/18922 | KD Loss: 5.2376 | Base Loss: 0.6842
Epoch 10/100 | Batch 1800/18922 | KD Loss: 4.7619 | Base Loss: 0.7969
Epoch 10/100 | Batch 2000/18922 | KD Loss: 5.0908 | Base Loss: 0.7487
Epoch 10/100 | Batch 2200/18922 | KD Loss: 5.1274 | Base Loss: 0.7149
Epoch 10/100 | Batch 2400/18922 | KD Loss: 5.5783 | Base Loss: 0.7841
Epoch 10/100 | Batch 2600/18922 | KD Loss: 5.0803 | Base Loss: 0.8175
Epoch 10/100 | Batch 2800/18922 | KD Loss: 4.8413 | Base Loss: 0.6959
Epoch 10/100 | Batch 3000/18922 | KD Loss: 5.2082 | Base Loss: 0.6993
Epoch 10/100 | Batch 3200/18922 | KD Loss: 5.3913 | Base Loss: 0.6723
Epoch 10/100 | Batch 3400/18922 | KD Loss: 5.1470 | Base Loss: 0.6695
Epoch 10/100 | Batch 3600/18922 | KD Loss: 5.2674 | Base Loss: 0.8880
Epoch 10/100 | Batch 3800/18922 | KD Loss: 4.6740 | Base Loss: 0.7186
Epoch 10/100 | Batch 4000/18922 | KD Loss: 4.7757 | Base Loss: 0.7130
Epoch 10/100 | Batch 4200/18922 | KD Loss: 4.7900 | Base Loss: 0.7130
Epoch 10/100 | Batch 4400/18922 | KD Loss: 4.7265 | Base Loss: 0.6203
Epoch 10/100 | Batch 4600/18922 | KD Loss: 4.8795 | Base Loss: 0.7779
Epoch 10/100 | Batch 4800/18922 | KD Loss: 5.2504 | Base Loss: 0.8303
Epoch 10/100 | Batch 5000/18922 | KD Loss: 4.9014 | Base Loss: 0.6381
Epoch 10/100 | Batch 5200/18922 | KD Loss: 5.1060 | Base Loss: 0.6891
Epoch 10/100 | Batch 5400/18922 | KD Loss: 5.0442 | Base Loss: 0.7553
Epoch 10/100 | Batch 5600/18922 | KD Loss: 4.6992 | Base Loss: 0.8712
Epoch 10/100 | Batch 5800/18922 | KD Loss: 5.0357 | Base Loss: 0.6561
Epoch 10/100 | Batch 6000/18922 | KD Loss: 5.0490 | Base Loss: 0.9104
Epoch 10/100 | Batch 6200/18922 | KD Loss: 5.0792 | Base Loss: 0.8076
Epoch 10/100 | Batch 6400/18922 | KD Loss: 5.0417 | Base Loss: 0.8171
Epoch 10/100 | Batch 6600/18922 | KD Loss: 5.0608 | Base Loss: 0.6879
Epoch 10/100 | Batch 6800/18922 | KD Loss: 4.6872 | Base Loss: 0.5930
Epoch 10/100 | Batch 7000/18922 | KD Loss: 4.8565 | Base Loss: 0.7281
Epoch 10/100 | Batch 7200/18922 | KD Loss: 4.8059 | Base Loss: 0.6682
Epoch 10/100 | Batch 7400/18922 | KD Loss: 4.9710 | Base Loss: 0.8008
Epoch 10/100 | Batch 7600/18922 | KD Loss: 5.1797 | Base Loss: 0.7402
Epoch 10/100 | Batch 7800/18922 | KD Loss: 5.0982 | Base Loss: 0.7865
Epoch 10/100 | Batch 8000/18922 | KD Loss: 4.6841 | Base Loss: 0.7658
Epoch 10/100 | Batch 8200/18922 | KD Loss: 4.9720 | Base Loss: 0.7450
Epoch 10/100 | Batch 8400/18922 | KD Loss: 4.8801 | Base Loss: 0.7568
Epoch 10/100 | Batch 8600/18922 | KD Loss: 4.8594 | Base Loss: 0.6988
Epoch 10/100 | Batch 8800/18922 | KD Loss: 4.8008 | Base Loss: 0.7509
Epoch 10/100 | Batch 9000/18922 | KD Loss: 5.0326 | Base Loss: 0.7629
Epoch 10/100 | Batch 9200/18922 | KD Loss: 5.1159 | Base Loss: 0.6784
Epoch 10/100 | Batch 9400/18922 | KD Loss: 4.8880 | Base Loss: 0.8521
Epoch 10/100 | Batch 9600/18922 | KD Loss: 4.9186 | Base Loss: 0.6820
Epoch 10/100 | Batch 9800/18922 | KD Loss: 5.3888 | Base Loss: 0.9052
Epoch 10/100 | Batch 10000/18922 | KD Loss: 4.9759 | Base Loss: 0.8786
Epoch 10/100 | Batch 10200/18922 | KD Loss: 4.8609 | Base Loss: 0.6733
Epoch 10/100 | Batch 10400/18922 | KD Loss: 4.9859 | Base Loss: 0.8099
Epoch 10/100 | Batch 10600/18922 | KD Loss: 5.1248 | Base Loss: 0.8085
Epoch 10/100 | Batch 10800/18922 | KD Loss: 4.8491 | Base Loss: 0.6308
Epoch 10/100 | Batch 11000/18922 | KD Loss: 4.8602 | Base Loss: 0.6145
Epoch 10/100 | Batch 11200/18922 | KD Loss: 4.7190 | Base Loss: 0.6911
Epoch 10/100 | Batch 11400/18922 | KD Loss: 5.0112 | Base Loss: 0.7583
Epoch 10/100 | Batch 11600/18922 | KD Loss: 5.0023 | Base Loss: 0.7277
Epoch 10/100 | Batch 11800/18922 | KD Loss: 4.8270 | Base Loss: 0.5490
Epoch 10/100 | Batch 12000/18922 | KD Loss: 5.0708 | Base Loss: 0.7406
Epoch 10/100 | Batch 12200/18922 | KD Loss: 4.7907 | Base Loss: 0.7038
Epoch 10/100 | Batch 12400/18922 | KD Loss: 5.3369 | Base Loss: 0.8426
Epoch 10/100 | Batch 12600/18922 | KD Loss: 5.1609 | Base Loss: 0.7519
Epoch 10/100 | Batch 12800/18922 | KD Loss: 5.2627 | Base Loss: 0.7270
Epoch 10/100 | Batch 13000/18922 | KD Loss: 5.1265 | Base Loss: 0.7878
Epoch 10/100 | Batch 13200/18922 | KD Loss: 5.2823 | Base Loss: 0.6617
Epoch 10/100 | Batch 13400/18922 | KD Loss: 5.1092 | Base Loss: 0.8446
Epoch 10/100 | Batch 13600/18922 | KD Loss: 5.0606 | Base Loss: 0.8820
Epoch 10/100 | Batch 13800/18922 | KD Loss: 5.3861 | Base Loss: 0.7882
Epoch 10/100 | Batch 14000/18922 | KD Loss: 4.8665 | Base Loss: 0.6426
Epoch 10/100 | Batch 14200/18922 | KD Loss: 5.2550 | Base Loss: 0.6481
Epoch 10/100 | Batch 14400/18922 | KD Loss: 4.9767 | Base Loss: 0.7056
Epoch 10/100 | Batch 14600/18922 | KD Loss: 5.2576 | Base Loss: 0.7772
Epoch 10/100 | Batch 14800/18922 | KD Loss: 4.7769 | Base Loss: 0.7174
Epoch 10/100 | Batch 15000/18922 | KD Loss: 5.0007 | Base Loss: 0.8053
Epoch 10/100 | Batch 15200/18922 | KD Loss: 4.5089 | Base Loss: 0.6064
Epoch 10/100 | Batch 15400/18922 | KD Loss: 4.9511 | Base Loss: 0.8072
Epoch 10/100 | Batch 15600/18922 | KD Loss: 4.9856 | Base Loss: 0.6854
Epoch 10/100 | Batch 15800/18922 | KD Loss: 5.1898 | Base Loss: 0.8072
Epoch 10/100 | Batch 16000/18922 | KD Loss: 4.6180 | Base Loss: 0.6603
Epoch 10/100 | Batch 16200/18922 | KD Loss: 5.0687 | Base Loss: 0.6707
Epoch 10/100 | Batch 16400/18922 | KD Loss: 5.0298 | Base Loss: 0.7068
Epoch 10/100 | Batch 16600/18922 | KD Loss: 5.1067 | Base Loss: 0.7935
Epoch 10/100 | Batch 16800/18922 | KD Loss: 5.1153 | Base Loss: 0.8296
Epoch 10/100 | Batch 17000/18922 | KD Loss: 4.7224 | Base Loss: 0.7051
Epoch 10/100 | Batch 17200/18922 | KD Loss: 5.0107 | Base Loss: 0.7187
Epoch 10/100 | Batch 17400/18922 | KD Loss: 4.8016 | Base Loss: 0.8103
Epoch 10/100 | Batch 17600/18922 | KD Loss: 4.7806 | Base Loss: 0.5912
Epoch 10/100 | Batch 17800/18922 | KD Loss: 4.9940 | Base Loss: 0.6080
Epoch 10/100 | Batch 18000/18922 | KD Loss: 4.8301 | Base Loss: 0.5989
Epoch 10/100 | Batch 18200/18922 | KD Loss: 4.9720 | Base Loss: 0.8144
Epoch 10/100 | Batch 18400/18922 | KD Loss: 5.0759 | Base Loss: 0.7802
Epoch 10/100 | Batch 18600/18922 | KD Loss: 4.8389 | Base Loss: 0.6635
Epoch 10/100 | Batch 18800/18922 | KD Loss: 4.7326 | Base Loss: 0.7251
====> Epoch 10 Average KD Loss: 5.0134 | LR: 0.000200
Epoch 11/100 | Batch 0/18922 | KD Loss: 4.5444 | Base Loss: 0.5241
Epoch 11/100 | Batch 200/18922 | KD Loss: 5.0974 | Base Loss: 0.7868
Epoch 11/100 | Batch 400/18922 | KD Loss: 5.2343 | Base Loss: 0.9251
Epoch 11/100 | Batch 600/18922 | KD Loss: 5.0153 | Base Loss: 0.8305
Epoch 11/100 | Batch 800/18922 | KD Loss: 5.1712 | Base Loss: 0.7921
Epoch 11/100 | Batch 1000/18922 | KD Loss: 4.7951 | Base Loss: 0.9390
Epoch 11/100 | Batch 1200/18922 | KD Loss: 4.9323 | Base Loss: 0.6506
Epoch 11/100 | Batch 1400/18922 | KD Loss: 5.2456 | Base Loss: 0.7692
Epoch 11/100 | Batch 1600/18922 | KD Loss: 4.8952 | Base Loss: 0.7048
Epoch 11/100 | Batch 1800/18922 | KD Loss: 5.2000 | Base Loss: 0.8728
Epoch 11/100 | Batch 2000/18922 | KD Loss: 5.1498 | Base Loss: 0.6684
Epoch 11/100 | Batch 2200/18922 | KD Loss: 4.7584 | Base Loss: 0.7020
Epoch 11/100 | Batch 2400/18922 | KD Loss: 4.9653 | Base Loss: 0.7644
Epoch 11/100 | Batch 2600/18922 | KD Loss: 4.9198 | Base Loss: 0.7078
Epoch 11/100 | Batch 2800/18922 | KD Loss: 5.3390 | Base Loss: 0.8509
Epoch 11/100 | Batch 3000/18922 | KD Loss: 4.7076 | Base Loss: 0.7726
Epoch 11/100 | Batch 3200/18922 | KD Loss: 4.7892 | Base Loss: 0.6069
Epoch 11/100 | Batch 3400/18922 | KD Loss: 4.8905 | Base Loss: 0.6757
Epoch 11/100 | Batch 3600/18922 | KD Loss: 4.6201 | Base Loss: 0.6740
Epoch 11/100 | Batch 3800/18922 | KD Loss: 4.8790 | Base Loss: 0.6268
Epoch 11/100 | Batch 4000/18922 | KD Loss: 4.8594 | Base Loss: 0.7914
Epoch 11/100 | Batch 4200/18922 | KD Loss: 4.9153 | Base Loss: 0.7503
Epoch 11/100 | Batch 4400/18922 | KD Loss: 4.9268 | Base Loss: 0.7815
Epoch 11/100 | Batch 4600/18922 | KD Loss: 4.6793 | Base Loss: 0.7384
Epoch 11/100 | Batch 4800/18922 | KD Loss: 5.2555 | Base Loss: 0.8085
Epoch 11/100 | Batch 5000/18922 | KD Loss: 5.0120 | Base Loss: 0.7751
Epoch 11/100 | Batch 5200/18922 | KD Loss: 4.9390 | Base Loss: 0.8737
Epoch 11/100 | Batch 5400/18922 | KD Loss: 5.3327 | Base Loss: 0.7051
Epoch 11/100 | Batch 5600/18922 | KD Loss: 4.6473 | Base Loss: 0.6490
Epoch 11/100 | Batch 5800/18922 | KD Loss: 4.7835 | Base Loss: 0.6975
Epoch 11/100 | Batch 6000/18922 | KD Loss: 4.9850 | Base Loss: 0.8942
Epoch 11/100 | Batch 6200/18922 | KD Loss: 4.8918 | Base Loss: 0.7501
Epoch 11/100 | Batch 6400/18922 | KD Loss: 5.1386 | Base Loss: 0.8169
Epoch 11/100 | Batch 6600/18922 | KD Loss: 4.8644 | Base Loss: 0.7943
Epoch 11/100 | Batch 6800/18922 | KD Loss: 4.9287 | Base Loss: 0.8857
Epoch 11/100 | Batch 7000/18922 | KD Loss: 4.6312 | Base Loss: 0.6815
Epoch 11/100 | Batch 7200/18922 | KD Loss: 4.6892 | Base Loss: 0.7589
Epoch 11/100 | Batch 7400/18922 | KD Loss: 5.2042 | Base Loss: 0.8515
Epoch 11/100 | Batch 7600/18922 | KD Loss: 4.7296 | Base Loss: 0.6838
Epoch 11/100 | Batch 7800/18922 | KD Loss: 5.3074 | Base Loss: 0.8936
Epoch 11/100 | Batch 8000/18922 | KD Loss: 4.6097 | Base Loss: 0.7034
Epoch 11/100 | Batch 8200/18922 | KD Loss: 4.7106 | Base Loss: 0.5934
Epoch 11/100 | Batch 8400/18922 | KD Loss: 5.2212 | Base Loss: 0.7588
Epoch 11/100 | Batch 8600/18922 | KD Loss: 4.9499 | Base Loss: 0.6859
Epoch 11/100 | Batch 8800/18922 | KD Loss: 5.2758 | Base Loss: 0.7494
Epoch 11/100 | Batch 9000/18922 | KD Loss: 5.0302 | Base Loss: 0.7853
Epoch 11/100 | Batch 9200/18922 | KD Loss: 4.9205 | Base Loss: 0.7312
Epoch 11/100 | Batch 9400/18922 | KD Loss: 5.0211 | Base Loss: 0.7513
Epoch 11/100 | Batch 9600/18922 | KD Loss: 5.1039 | Base Loss: 0.7974
Epoch 11/100 | Batch 9800/18922 | KD Loss: 5.0860 | Base Loss: 0.7126
Epoch 11/100 | Batch 10000/18922 | KD Loss: 4.9000 | Base Loss: 0.8077
Epoch 11/100 | Batch 10200/18922 | KD Loss: 5.2925 | Base Loss: 0.6743
Epoch 11/100 | Batch 10400/18922 | KD Loss: 5.0019 | Base Loss: 0.9469
Epoch 11/100 | Batch 10600/18922 | KD Loss: 5.2190 | Base Loss: 0.8751
Epoch 11/100 | Batch 10800/18922 | KD Loss: 5.3450 | Base Loss: 0.6372
Epoch 11/100 | Batch 11000/18922 | KD Loss: 5.0103 | Base Loss: 0.7357
Epoch 11/100 | Batch 11200/18922 | KD Loss: 5.0690 | Base Loss: 0.9231
Epoch 11/100 | Batch 11400/18922 | KD Loss: 4.8653 | Base Loss: 0.6783
Epoch 11/100 | Batch 11600/18922 | KD Loss: 4.9794 | Base Loss: 0.7361
Epoch 11/100 | Batch 11800/18922 | KD Loss: 4.6357 | Base Loss: 0.6754
Epoch 11/100 | Batch 12000/18922 | KD Loss: 4.6903 | Base Loss: 0.7479
Epoch 11/100 | Batch 12200/18922 | KD Loss: 5.1568 | Base Loss: 0.6249
Epoch 11/100 | Batch 12400/18922 | KD Loss: 4.9113 | Base Loss: 0.6114
Epoch 11/100 | Batch 12600/18922 | KD Loss: 4.9539 | Base Loss: 0.7525
Epoch 11/100 | Batch 12800/18922 | KD Loss: 4.8324 | Base Loss: 0.6479
Epoch 11/100 | Batch 13000/18922 | KD Loss: 5.2257 | Base Loss: 0.8896
Epoch 11/100 | Batch 13200/18922 | KD Loss: 4.7189 | Base Loss: 0.6691
Epoch 11/100 | Batch 13400/18922 | KD Loss: 4.8944 | Base Loss: 0.6852
Epoch 11/100 | Batch 13600/18922 | KD Loss: 4.7269 | Base Loss: 0.6447
Epoch 11/100 | Batch 13800/18922 | KD Loss: 4.9807 | Base Loss: 0.7050
Epoch 11/100 | Batch 14000/18922 | KD Loss: 5.0241 | Base Loss: 0.8013
Epoch 11/100 | Batch 14200/18922 | KD Loss: 5.0478 | Base Loss: 0.8041
Epoch 11/100 | Batch 14400/18922 | KD Loss: 5.1030 | Base Loss: 0.7104
Epoch 11/100 | Batch 14600/18922 | KD Loss: 5.2495 | Base Loss: 0.7618
Epoch 11/100 | Batch 14800/18922 | KD Loss: 4.9002 | Base Loss: 0.7988
Epoch 11/100 | Batch 15000/18922 | KD Loss: 4.6805 | Base Loss: 0.6755
Epoch 11/100 | Batch 15200/18922 | KD Loss: 5.0513 | Base Loss: 0.8663
Epoch 11/100 | Batch 15400/18922 | KD Loss: 5.1792 | Base Loss: 0.6698
Epoch 11/100 | Batch 15600/18922 | KD Loss: 4.8872 | Base Loss: 0.7978
Epoch 11/100 | Batch 15800/18922 | KD Loss: 5.3033 | Base Loss: 0.8360
Epoch 11/100 | Batch 16000/18922 | KD Loss: 5.2078 | Base Loss: 0.9951
Epoch 11/100 | Batch 16200/18922 | KD Loss: 4.9758 | Base Loss: 0.6598
Epoch 11/100 | Batch 16400/18922 | KD Loss: 5.5816 | Base Loss: 1.0451
Epoch 11/100 | Batch 16600/18922 | KD Loss: 4.9719 | Base Loss: 0.8719
Epoch 11/100 | Batch 16800/18922 | KD Loss: 5.2535 | Base Loss: 0.9244
Epoch 11/100 | Batch 17000/18922 | KD Loss: 4.6768 | Base Loss: 0.6811
Epoch 11/100 | Batch 17200/18922 | KD Loss: 4.9698 | Base Loss: 0.7102
Epoch 11/100 | Batch 17400/18922 | KD Loss: 4.8245 | Base Loss: 0.6403
Epoch 11/100 | Batch 17600/18922 | KD Loss: 5.0008 | Base Loss: 0.7815
Epoch 11/100 | Batch 17800/18922 | KD Loss: 5.0057 | Base Loss: 0.6076
Epoch 11/100 | Batch 18000/18922 | KD Loss: 4.9122 | Base Loss: 0.6952
Epoch 11/100 | Batch 18200/18922 | KD Loss: 5.0077 | Base Loss: 0.8329
Epoch 11/100 | Batch 18400/18922 | KD Loss: 4.7660 | Base Loss: 0.7473
Epoch 11/100 | Batch 18600/18922 | KD Loss: 5.5528 | Base Loss: 1.0072
Epoch 11/100 | Batch 18800/18922 | KD Loss: 4.5038 | Base Loss: 0.6016
====> Epoch 11 Average KD Loss: 4.9886 | LR: 0.000200
Epoch 12/100 | Batch 0/18922 | KD Loss: 5.2141 | Base Loss: 0.8135
Epoch 12/100 | Batch 200/18922 | KD Loss: 5.1139 | Base Loss: 0.8431
Epoch 12/100 | Batch 400/18922 | KD Loss: 4.7830 | Base Loss: 0.6326
Epoch 12/100 | Batch 600/18922 | KD Loss: 5.1559 | Base Loss: 0.7041
Epoch 12/100 | Batch 800/18922 | KD Loss: 4.8347 | Base Loss: 0.6952
Epoch 12/100 | Batch 1000/18922 | KD Loss: 5.0098 | Base Loss: 0.8885
Epoch 12/100 | Batch 1200/18922 | KD Loss: 4.7673 | Base Loss: 0.8625
Epoch 12/100 | Batch 1400/18922 | KD Loss: 4.8629 | Base Loss: 0.6623
Epoch 12/100 | Batch 1600/18922 | KD Loss: 4.8808 | Base Loss: 0.6248
Epoch 12/100 | Batch 1800/18922 | KD Loss: 4.5386 | Base Loss: 0.7165
Epoch 12/100 | Batch 2000/18922 | KD Loss: 5.3925 | Base Loss: 0.9284
Epoch 12/100 | Batch 2200/18922 | KD Loss: 4.6070 | Base Loss: 0.7114
Epoch 12/100 | Batch 2400/18922 | KD Loss: 5.0046 | Base Loss: 0.6459
Epoch 12/100 | Batch 2600/18922 | KD Loss: 4.7986 | Base Loss: 0.6330
Epoch 12/100 | Batch 2800/18922 | KD Loss: 5.0807 | Base Loss: 0.9298
Epoch 12/100 | Batch 3000/18922 | KD Loss: 4.9896 | Base Loss: 0.7173
Epoch 12/100 | Batch 3200/18922 | KD Loss: 4.8626 | Base Loss: 0.7544
Epoch 12/100 | Batch 3400/18922 | KD Loss: 5.3694 | Base Loss: 0.7658
Epoch 12/100 | Batch 3600/18922 | KD Loss: 4.9741 | Base Loss: 0.7511
Epoch 12/100 | Batch 3800/18922 | KD Loss: 4.8575 | Base Loss: 0.7332
Epoch 12/100 | Batch 4000/18922 | KD Loss: 4.6975 | Base Loss: 0.6769
Epoch 12/100 | Batch 4200/18922 | KD Loss: 5.1520 | Base Loss: 0.7235
Epoch 12/100 | Batch 4400/18922 | KD Loss: 5.4047 | Base Loss: 0.8361
Epoch 12/100 | Batch 4600/18922 | KD Loss: 4.6317 | Base Loss: 0.6780
Epoch 12/100 | Batch 4800/18922 | KD Loss: 4.7996 | Base Loss: 0.5976
Epoch 12/100 | Batch 5000/18922 | KD Loss: 5.0140 | Base Loss: 0.7480
Epoch 12/100 | Batch 5200/18922 | KD Loss: 4.7387 | Base Loss: 0.7631
Epoch 12/100 | Batch 5400/18922 | KD Loss: 5.0524 | Base Loss: 0.6495
Epoch 12/100 | Batch 5600/18922 | KD Loss: 4.6837 | Base Loss: 0.7784
Epoch 12/100 | Batch 5800/18922 | KD Loss: 5.0858 | Base Loss: 0.8404
Epoch 12/100 | Batch 6000/18922 | KD Loss: 4.9468 | Base Loss: 0.7175
Epoch 12/100 | Batch 6200/18922 | KD Loss: 5.3075 | Base Loss: 0.8037
Epoch 12/100 | Batch 6400/18922 | KD Loss: 4.8323 | Base Loss: 0.6715
Epoch 12/100 | Batch 6600/18922 | KD Loss: 4.7359 | Base Loss: 0.6530
Epoch 12/100 | Batch 6800/18922 | KD Loss: 5.2761 | Base Loss: 0.7531
Epoch 12/100 | Batch 7000/18922 | KD Loss: 4.9343 | Base Loss: 0.7752
Epoch 12/100 | Batch 7200/18922 | KD Loss: 5.2085 | Base Loss: 0.8078
Epoch 12/100 | Batch 7400/18922 | KD Loss: 4.8638 | Base Loss: 0.7912
Epoch 12/100 | Batch 7600/18922 | KD Loss: 4.8326 | Base Loss: 0.7176
Epoch 12/100 | Batch 7800/18922 | KD Loss: 4.6986 | Base Loss: 0.7552
Epoch 12/100 | Batch 8000/18922 | KD Loss: 4.8009 | Base Loss: 0.7724
Epoch 12/100 | Batch 8200/18922 | KD Loss: 4.9973 | Base Loss: 0.6532
Epoch 12/100 | Batch 8400/18922 | KD Loss: 5.0658 | Base Loss: 0.8320
Epoch 12/100 | Batch 8600/18922 | KD Loss: 5.0024 | Base Loss: 0.8578
Epoch 12/100 | Batch 8800/18922 | KD Loss: 4.7140 | Base Loss: 0.7998
Epoch 12/100 | Batch 9000/18922 | KD Loss: 4.9997 | Base Loss: 0.8660
Epoch 12/100 | Batch 9200/18922 | KD Loss: 5.0406 | Base Loss: 0.8169
Epoch 12/100 | Batch 9400/18922 | KD Loss: 5.1692 | Base Loss: 0.8511
Epoch 12/100 | Batch 9600/18922 | KD Loss: 5.2498 | Base Loss: 0.6981
Epoch 12/100 | Batch 9800/18922 | KD Loss: 4.9725 | Base Loss: 0.7686
Epoch 12/100 | Batch 10000/18922 | KD Loss: 5.2356 | Base Loss: 0.8936
Epoch 12/100 | Batch 10200/18922 | KD Loss: 5.2391 | Base Loss: 0.7494
Epoch 12/100 | Batch 10400/18922 | KD Loss: 4.9557 | Base Loss: 0.7800
Epoch 12/100 | Batch 10600/18922 | KD Loss: 4.7964 | Base Loss: 0.8250
Epoch 12/100 | Batch 10800/18922 | KD Loss: 5.1119 | Base Loss: 0.6962
Epoch 12/100 | Batch 11000/18922 | KD Loss: 4.9282 | Base Loss: 0.7897
Epoch 12/100 | Batch 11200/18922 | KD Loss: 5.1122 | Base Loss: 0.8421
Epoch 12/100 | Batch 11400/18922 | KD Loss: 4.9391 | Base Loss: 0.8062
Epoch 12/100 | Batch 11600/18922 | KD Loss: 4.7375 | Base Loss: 0.6421
Epoch 12/100 | Batch 11800/18922 | KD Loss: 4.9599 | Base Loss: 0.7822
Epoch 12/100 | Batch 12000/18922 | KD Loss: 5.0225 | Base Loss: 0.8157
Epoch 12/100 | Batch 12200/18922 | KD Loss: 4.8037 | Base Loss: 0.6696
Epoch 12/100 | Batch 12400/18922 | KD Loss: 4.9024 | Base Loss: 0.7362
Epoch 12/100 | Batch 12600/18922 | KD Loss: 4.8930 | Base Loss: 0.7796
Epoch 12/100 | Batch 12800/18922 | KD Loss: 4.9675 | Base Loss: 0.6981
Epoch 12/100 | Batch 13000/18922 | KD Loss: 4.8031 | Base Loss: 0.5959
Epoch 12/100 | Batch 13200/18922 | KD Loss: 4.8642 | Base Loss: 0.8448
Epoch 12/100 | Batch 13400/18922 | KD Loss: 4.8704 | Base Loss: 0.7523
Epoch 12/100 | Batch 13600/18922 | KD Loss: 4.6098 | Base Loss: 0.6881
Epoch 12/100 | Batch 13800/18922 | KD Loss: 5.2416 | Base Loss: 0.9497
Epoch 12/100 | Batch 14000/18922 | KD Loss: 4.9915 | Base Loss: 0.7730
Epoch 12/100 | Batch 14200/18922 | KD Loss: 5.1179 | Base Loss: 0.8336
Epoch 12/100 | Batch 14400/18922 | KD Loss: 4.9182 | Base Loss: 0.7648
Epoch 12/100 | Batch 14600/18922 | KD Loss: 4.8867 | Base Loss: 0.6958
Epoch 12/100 | Batch 14800/18922 | KD Loss: 4.9645 | Base Loss: 0.6810
Epoch 12/100 | Batch 15000/18922 | KD Loss: 5.1777 | Base Loss: 0.7660
Epoch 12/100 | Batch 15200/18922 | KD Loss: 4.8274 | Base Loss: 0.8447
Epoch 12/100 | Batch 15400/18922 | KD Loss: 4.9828 | Base Loss: 0.7997
Epoch 12/100 | Batch 15600/18922 | KD Loss: 4.7155 | Base Loss: 0.7531
Epoch 12/100 | Batch 15800/18922 | KD Loss: 4.9321 | Base Loss: 0.7435
Epoch 12/100 | Batch 16000/18922 | KD Loss: 5.2894 | Base Loss: 0.8800
Epoch 12/100 | Batch 16200/18922 | KD Loss: 5.4430 | Base Loss: 0.9354
Epoch 12/100 | Batch 16400/18922 | KD Loss: 5.0623 | Base Loss: 0.7960
Epoch 12/100 | Batch 16600/18922 | KD Loss: 4.6617 | Base Loss: 0.6411
Epoch 12/100 | Batch 16800/18922 | KD Loss: 4.8701 | Base Loss: 0.8111
Epoch 12/100 | Batch 17000/18922 | KD Loss: 5.0382 | Base Loss: 0.8789
Epoch 12/100 | Batch 17200/18922 | KD Loss: 4.4463 | Base Loss: 0.5162
Epoch 12/100 | Batch 17400/18922 | KD Loss: 5.2770 | Base Loss: 0.7212
Epoch 12/100 | Batch 17600/18922 | KD Loss: 5.2095 | Base Loss: 0.9516
Epoch 12/100 | Batch 17800/18922 | KD Loss: 4.7355 | Base Loss: 0.5927
Epoch 12/100 | Batch 18000/18922 | KD Loss: 4.6581 | Base Loss: 0.6029
Epoch 12/100 | Batch 18200/18922 | KD Loss: 4.7512 | Base Loss: 0.6843
Epoch 12/100 | Batch 18400/18922 | KD Loss: 5.0746 | Base Loss: 0.7651
Epoch 12/100 | Batch 18600/18922 | KD Loss: 5.0182 | Base Loss: 0.7956
Epoch 12/100 | Batch 18800/18922 | KD Loss: 4.8157 | Base Loss: 0.6280
====> Epoch 12 Average KD Loss: 4.9754 | LR: 0.000200
Epoch 13/100 | Batch 0/18922 | KD Loss: 5.0307 | Base Loss: 0.7478
Epoch 13/100 | Batch 200/18922 | KD Loss: 5.1394 | Base Loss: 0.7137
Epoch 13/100 | Batch 400/18922 | KD Loss: 5.0006 | Base Loss: 0.7356
Epoch 13/100 | Batch 600/18922 | KD Loss: 5.3619 | Base Loss: 0.6727
Epoch 13/100 | Batch 800/18922 | KD Loss: 4.7712 | Base Loss: 0.7287
Epoch 13/100 | Batch 1000/18922 | KD Loss: 5.0596 | Base Loss: 0.7372
Epoch 13/100 | Batch 1200/18922 | KD Loss: 4.9513 | Base Loss: 0.7490
Epoch 13/100 | Batch 1400/18922 | KD Loss: 5.1028 | Base Loss: 0.7932
Epoch 13/100 | Batch 1600/18922 | KD Loss: 5.0764 | Base Loss: 0.8642
Epoch 13/100 | Batch 1800/18922 | KD Loss: 4.7050 | Base Loss: 0.7574
Epoch 13/100 | Batch 2000/18922 | KD Loss: 5.1514 | Base Loss: 0.6737
Epoch 13/100 | Batch 2200/18922 | KD Loss: 4.7860 | Base Loss: 0.6665
Epoch 13/100 | Batch 2400/18922 | KD Loss: 5.4087 | Base Loss: 0.6942
Epoch 13/100 | Batch 2600/18922 | KD Loss: 4.8375 | Base Loss: 0.6623
Epoch 13/100 | Batch 2800/18922 | KD Loss: 4.7963 | Base Loss: 0.8808
Epoch 13/100 | Batch 3000/18922 | KD Loss: 4.9362 | Base Loss: 0.8548
Epoch 13/100 | Batch 3200/18922 | KD Loss: 5.0550 | Base Loss: 0.8272
Epoch 13/100 | Batch 3400/18922 | KD Loss: 4.8290 | Base Loss: 0.7042
Epoch 13/100 | Batch 3600/18922 | KD Loss: 5.0291 | Base Loss: 0.7007
Epoch 13/100 | Batch 3800/18922 | KD Loss: 4.9146 | Base Loss: 0.7775
Epoch 13/100 | Batch 4000/18922 | KD Loss: 4.6895 | Base Loss: 0.6500
Epoch 13/100 | Batch 4200/18922 | KD Loss: 5.4804 | Base Loss: 0.8384
Epoch 13/100 | Batch 4400/18922 | KD Loss: 5.0882 | Base Loss: 0.9436
Epoch 13/100 | Batch 4600/18922 | KD Loss: 4.9692 | Base Loss: 0.6774
Epoch 13/100 | Batch 4800/18922 | KD Loss: 4.8272 | Base Loss: 0.7475
Epoch 13/100 | Batch 5000/18922 | KD Loss: 4.8013 | Base Loss: 0.5936
Epoch 13/100 | Batch 5200/18922 | KD Loss: 4.9795 | Base Loss: 0.8441
Epoch 13/100 | Batch 5400/18922 | KD Loss: 5.0296 | Base Loss: 0.7186
Epoch 13/100 | Batch 5600/18922 | KD Loss: 4.7208 | Base Loss: 0.6930
Epoch 13/100 | Batch 5800/18922 | KD Loss: 4.7548 | Base Loss: 0.6073
Epoch 13/100 | Batch 6000/18922 | KD Loss: 5.3915 | Base Loss: 0.7761
Epoch 13/100 | Batch 6200/18922 | KD Loss: 4.8884 | Base Loss: 0.7913
Epoch 13/100 | Batch 6400/18922 | KD Loss: 5.0802 | Base Loss: 0.7278
Epoch 13/100 | Batch 6600/18922 | KD Loss: 5.3150 | Base Loss: 0.8988
Epoch 13/100 | Batch 6800/18922 | KD Loss: 4.9573 | Base Loss: 0.8214
Epoch 13/100 | Batch 7000/18922 | KD Loss: 5.0946 | Base Loss: 0.9080
Epoch 13/100 | Batch 7200/18922 | KD Loss: 5.2089 | Base Loss: 0.9578
Epoch 13/100 | Batch 7400/18922 | KD Loss: 4.9062 | Base Loss: 0.7081
Epoch 13/100 | Batch 7600/18922 | KD Loss: 4.9113 | Base Loss: 0.8488
Epoch 13/100 | Batch 7800/18922 | KD Loss: 5.2628 | Base Loss: 0.6339
Epoch 13/100 | Batch 8000/18922 | KD Loss: 5.1687 | Base Loss: 0.8660
Epoch 13/100 | Batch 8200/18922 | KD Loss: 4.8849 | Base Loss: 0.7195
Epoch 13/100 | Batch 8400/18922 | KD Loss: 4.7704 | Base Loss: 0.6779
Epoch 13/100 | Batch 8600/18922 | KD Loss: 4.8534 | Base Loss: 0.7349
Epoch 13/100 | Batch 8800/18922 | KD Loss: 4.9925 | Base Loss: 0.8187
Epoch 13/100 | Batch 9000/18922 | KD Loss: 4.8387 | Base Loss: 0.6452
Epoch 13/100 | Batch 9200/18922 | KD Loss: 4.8779 | Base Loss: 0.5940
Epoch 13/100 | Batch 9400/18922 | KD Loss: 5.1423 | Base Loss: 0.7396
Epoch 13/100 | Batch 9600/18922 | KD Loss: 4.9899 | Base Loss: 0.8042
Epoch 13/100 | Batch 9800/18922 | KD Loss: 4.9397 | Base Loss: 0.8571
Epoch 13/100 | Batch 10000/18922 | KD Loss: 4.8952 | Base Loss: 0.7044
Epoch 13/100 | Batch 10200/18922 | KD Loss: 4.6453 | Base Loss: 0.9196
Epoch 13/100 | Batch 10400/18922 | KD Loss: 5.0796 | Base Loss: 0.8588
Epoch 13/100 | Batch 10600/18922 | KD Loss: 4.3966 | Base Loss: 0.5810
Epoch 13/100 | Batch 10800/18922 | KD Loss: 5.0164 | Base Loss: 0.7152
Epoch 13/100 | Batch 11000/18922 | KD Loss: 5.0672 | Base Loss: 0.7609
Epoch 13/100 | Batch 11200/18922 | KD Loss: 4.9941 | Base Loss: 0.8597
Epoch 13/100 | Batch 11400/18922 | KD Loss: 5.1419 | Base Loss: 0.7938
Epoch 13/100 | Batch 11600/18922 | KD Loss: 4.8066 | Base Loss: 0.6753
Epoch 13/100 | Batch 11800/18922 | KD Loss: 4.8183 | Base Loss: 0.7407
Epoch 13/100 | Batch 12000/18922 | KD Loss: 5.1072 | Base Loss: 0.8117
Epoch 13/100 | Batch 12200/18922 | KD Loss: 4.7989 | Base Loss: 0.6750
Epoch 13/100 | Batch 12400/18922 | KD Loss: 5.3357 | Base Loss: 0.8044
Epoch 13/100 | Batch 12600/18922 | KD Loss: 5.1704 | Base Loss: 0.7791
Epoch 13/100 | Batch 12800/18922 | KD Loss: 4.7188 | Base Loss: 0.5437
Epoch 13/100 | Batch 13000/18922 | KD Loss: 5.1448 | Base Loss: 0.8844
Epoch 13/100 | Batch 13200/18922 | KD Loss: 5.2069 | Base Loss: 0.9023
Epoch 13/100 | Batch 13400/18922 | KD Loss: 4.9743 | Base Loss: 0.7825
Epoch 13/100 | Batch 13600/18922 | KD Loss: 5.1727 | Base Loss: 0.8684
Epoch 13/100 | Batch 13800/18922 | KD Loss: 5.3557 | Base Loss: 0.6951
Epoch 13/100 | Batch 14000/18922 | KD Loss: 5.0682 | Base Loss: 0.9602
Epoch 13/100 | Batch 14200/18922 | KD Loss: 5.4404 | Base Loss: 0.8857
Epoch 13/100 | Batch 14400/18922 | KD Loss: 4.8190 | Base Loss: 0.8281
Epoch 13/100 | Batch 14600/18922 | KD Loss: 5.0558 | Base Loss: 0.7463
Epoch 13/100 | Batch 14800/18922 | KD Loss: 5.4593 | Base Loss: 0.9443
Epoch 13/100 | Batch 15000/18922 | KD Loss: 4.8433 | Base Loss: 0.6425
Epoch 13/100 | Batch 15200/18922 | KD Loss: 5.0090 | Base Loss: 0.7639
Epoch 13/100 | Batch 15400/18922 | KD Loss: 4.9511 | Base Loss: 0.8585
Epoch 13/100 | Batch 15600/18922 | KD Loss: 5.0695 | Base Loss: 0.7566
Epoch 13/100 | Batch 15800/18922 | KD Loss: 5.0044 | Base Loss: 0.8458
Epoch 13/100 | Batch 16000/18922 | KD Loss: 4.6036 | Base Loss: 0.6890
Epoch 13/100 | Batch 16200/18922 | KD Loss: 4.7203 | Base Loss: 0.7395
Epoch 13/100 | Batch 16400/18922 | KD Loss: 5.0138 | Base Loss: 0.7518
Epoch 13/100 | Batch 16600/18922 | KD Loss: 4.7929 | Base Loss: 0.7333
Epoch 13/100 | Batch 16800/18922 | KD Loss: 5.1577 | Base Loss: 0.7356
Epoch 13/100 | Batch 17000/18922 | KD Loss: 4.9226 | Base Loss: 0.6700
Epoch 13/100 | Batch 17200/18922 | KD Loss: 4.7014 | Base Loss: 0.6363
Epoch 13/100 | Batch 17400/18922 | KD Loss: 4.5966 | Base Loss: 0.7258
Epoch 13/100 | Batch 17600/18922 | KD Loss: 4.8969 | Base Loss: 0.7741
Epoch 13/100 | Batch 17800/18922 | KD Loss: 5.2499 | Base Loss: 0.9211
Epoch 13/100 | Batch 18000/18922 | KD Loss: 5.1150 | Base Loss: 0.9031
Epoch 13/100 | Batch 18200/18922 | KD Loss: 5.0320 | Base Loss: 0.8393
Epoch 13/100 | Batch 18400/18922 | KD Loss: 4.8889 | Base Loss: 0.7742
Epoch 13/100 | Batch 18600/18922 | KD Loss: 4.9677 | Base Loss: 0.7982
Epoch 13/100 | Batch 18800/18922 | KD Loss: 5.0037 | Base Loss: 0.6230
====> Epoch 13 Average KD Loss: 4.9651 | LR: 0.000200
Epoch 14/100 | Batch 0/18922 | KD Loss: 4.9992 | Base Loss: 0.7140
Epoch 14/100 | Batch 200/18922 | KD Loss: 4.7086 | Base Loss: 0.7574
Epoch 14/100 | Batch 400/18922 | KD Loss: 4.9959 | Base Loss: 0.9843
Epoch 14/100 | Batch 600/18922 | KD Loss: 4.5862 | Base Loss: 0.6571
Epoch 14/100 | Batch 800/18922 | KD Loss: 4.7466 | Base Loss: 0.7614
Epoch 14/100 | Batch 1000/18922 | KD Loss: 4.9338 | Base Loss: 0.7643
Epoch 14/100 | Batch 1200/18922 | KD Loss: 4.9209 | Base Loss: 0.8084
Epoch 14/100 | Batch 1400/18922 | KD Loss: 4.6755 | Base Loss: 0.6958
Epoch 14/100 | Batch 1600/18922 | KD Loss: 5.0475 | Base Loss: 0.8816
Epoch 14/100 | Batch 1800/18922 | KD Loss: 5.0411 | Base Loss: 0.8968
Epoch 14/100 | Batch 2000/18922 | KD Loss: 4.7896 | Base Loss: 0.7369
Epoch 14/100 | Batch 2200/18922 | KD Loss: 4.7350 | Base Loss: 0.7795
Epoch 14/100 | Batch 2400/18922 | KD Loss: 5.1960 | Base Loss: 0.7838
Epoch 14/100 | Batch 2600/18922 | KD Loss: 5.0282 | Base Loss: 0.8424
Epoch 14/100 | Batch 2800/18922 | KD Loss: 5.2138 | Base Loss: 0.9376
Epoch 14/100 | Batch 3000/18922 | KD Loss: 4.7214 | Base Loss: 0.6429
Epoch 14/100 | Batch 3200/18922 | KD Loss: 4.9841 | Base Loss: 0.6018
Epoch 14/100 | Batch 3400/18922 | KD Loss: 4.7178 | Base Loss: 0.7026
Epoch 14/100 | Batch 3600/18922 | KD Loss: 5.1062 | Base Loss: 0.9323
Epoch 14/100 | Batch 3800/18922 | KD Loss: 4.9015 | Base Loss: 0.7462
Epoch 14/100 | Batch 4000/18922 | KD Loss: 4.8015 | Base Loss: 0.7422
Epoch 14/100 | Batch 4200/18922 | KD Loss: 4.9693 | Base Loss: 0.7654
Epoch 14/100 | Batch 4400/18922 | KD Loss: 5.1613 | Base Loss: 0.9155
Epoch 14/100 | Batch 4600/18922 | KD Loss: 4.5423 | Base Loss: 0.6985
Epoch 14/100 | Batch 4800/18922 | KD Loss: 5.0496 | Base Loss: 0.9771
Epoch 14/100 | Batch 5000/18922 | KD Loss: 5.0450 | Base Loss: 0.8011
Epoch 14/100 | Batch 5200/18922 | KD Loss: 5.1045 | Base Loss: 0.8806
Epoch 14/100 | Batch 5400/18922 | KD Loss: 4.8480 | Base Loss: 0.7162
Epoch 14/100 | Batch 5600/18922 | KD Loss: 4.9660 | Base Loss: 0.6652
Epoch 14/100 | Batch 5800/18922 | KD Loss: 4.8325 | Base Loss: 0.8311
Epoch 14/100 | Batch 6000/18922 | KD Loss: 5.5119 | Base Loss: 0.7703
Epoch 14/100 | Batch 6200/18922 | KD Loss: 4.9447 | Base Loss: 0.8176
Epoch 14/100 | Batch 6400/18922 | KD Loss: 4.9793 | Base Loss: 0.7233
Epoch 14/100 | Batch 6600/18922 | KD Loss: 4.3858 | Base Loss: 0.5966
Epoch 14/100 | Batch 6800/18922 | KD Loss: 4.8224 | Base Loss: 0.5654
Epoch 14/100 | Batch 7000/18922 | KD Loss: 5.1719 | Base Loss: 0.9441
Epoch 14/100 | Batch 7200/18922 | KD Loss: 4.9912 | Base Loss: 0.7977
Epoch 14/100 | Batch 7400/18922 | KD Loss: 5.1271 | Base Loss: 0.6165
Epoch 14/100 | Batch 7600/18922 | KD Loss: 4.9675 | Base Loss: 0.8524
Epoch 14/100 | Batch 7800/18922 | KD Loss: 5.1179 | Base Loss: 0.8141
Epoch 14/100 | Batch 8000/18922 | KD Loss: 5.2719 | Base Loss: 0.6982
Epoch 14/100 | Batch 8200/18922 | KD Loss: 4.8548 | Base Loss: 0.7568
Epoch 14/100 | Batch 8400/18922 | KD Loss: 4.9570 | Base Loss: 0.8951
Epoch 14/100 | Batch 8600/18922 | KD Loss: 4.9498 | Base Loss: 0.6703
Epoch 14/100 | Batch 8800/18922 | KD Loss: 5.0664 | Base Loss: 0.7751
Epoch 14/100 | Batch 9000/18922 | KD Loss: 5.3056 | Base Loss: 0.9091
Epoch 14/100 | Batch 9200/18922 | KD Loss: 5.0380 | Base Loss: 0.7902
Epoch 14/100 | Batch 9400/18922 | KD Loss: 4.8755 | Base Loss: 0.7717
Epoch 14/100 | Batch 9600/18922 | KD Loss: 4.6455 | Base Loss: 0.6550
Epoch 14/100 | Batch 9800/18922 | KD Loss: 5.0421 | Base Loss: 0.7542
Epoch 14/100 | Batch 10000/18922 | KD Loss: 4.5582 | Base Loss: 0.5237
Epoch 14/100 | Batch 10200/18922 | KD Loss: 5.0276 | Base Loss: 0.7031
Epoch 14/100 | Batch 10400/18922 | KD Loss: 4.8791 | Base Loss: 0.7827
Epoch 14/100 | Batch 10600/18922 | KD Loss: 4.8759 | Base Loss: 0.5388
Epoch 14/100 | Batch 10800/18922 | KD Loss: 4.9511 | Base Loss: 0.8515
Epoch 14/100 | Batch 11000/18922 | KD Loss: 5.2370 | Base Loss: 0.6067
Epoch 14/100 | Batch 11200/18922 | KD Loss: 4.7051 | Base Loss: 0.7968
Epoch 14/100 | Batch 11400/18922 | KD Loss: 4.7606 | Base Loss: 0.7915
Epoch 14/100 | Batch 11600/18922 | KD Loss: 5.4224 | Base Loss: 0.7615
Epoch 14/100 | Batch 11800/18922 | KD Loss: 4.9270 | Base Loss: 0.7912
Epoch 14/100 | Batch 12000/18922 | KD Loss: 5.0152 | Base Loss: 0.7082
Epoch 14/100 | Batch 12200/18922 | KD Loss: 5.1424 | Base Loss: 0.9245
Epoch 14/100 | Batch 12400/18922 | KD Loss: 4.7688 | Base Loss: 0.8138
Epoch 14/100 | Batch 12600/18922 | KD Loss: 4.8357 | Base Loss: 0.8504
Epoch 14/100 | Batch 12800/18922 | KD Loss: 4.7212 | Base Loss: 0.7367
Epoch 14/100 | Batch 13000/18922 | KD Loss: 5.0874 | Base Loss: 0.8209
Epoch 14/100 | Batch 13200/18922 | KD Loss: 4.8761 | Base Loss: 0.6342
Epoch 14/100 | Batch 13400/18922 | KD Loss: 4.9554 | Base Loss: 0.8275
Epoch 14/100 | Batch 13600/18922 | KD Loss: 5.4057 | Base Loss: 0.7794
Epoch 14/100 | Batch 13800/18922 | KD Loss: 4.7323 | Base Loss: 0.7589
Epoch 14/100 | Batch 14000/18922 | KD Loss: 5.1457 | Base Loss: 0.7152
Epoch 14/100 | Batch 14200/18922 | KD Loss: 5.2894 | Base Loss: 0.8439
Epoch 14/100 | Batch 14400/18922 | KD Loss: 4.8953 | Base Loss: 0.8702
Epoch 14/100 | Batch 14600/18922 | KD Loss: 4.9040 | Base Loss: 0.6981
Epoch 14/100 | Batch 14800/18922 | KD Loss: 5.4012 | Base Loss: 0.9364
Epoch 14/100 | Batch 15000/18922 | KD Loss: 4.4891 | Base Loss: 0.6284
Epoch 14/100 | Batch 15200/18922 | KD Loss: 4.6318 | Base Loss: 0.6400
Epoch 14/100 | Batch 15400/18922 | KD Loss: 4.8276 | Base Loss: 0.7276
Epoch 14/100 | Batch 15600/18922 | KD Loss: 5.1347 | Base Loss: 0.8621
Epoch 14/100 | Batch 15800/18922 | KD Loss: 4.6020 | Base Loss: 0.6174
Epoch 14/100 | Batch 16000/18922 | KD Loss: 5.0696 | Base Loss: 0.7484
Epoch 14/100 | Batch 16200/18922 | KD Loss: 5.1827 | Base Loss: 0.8794
Epoch 14/100 | Batch 16400/18922 | KD Loss: 4.6924 | Base Loss: 0.7012
Epoch 14/100 | Batch 16600/18922 | KD Loss: 5.4887 | Base Loss: 0.9226
Epoch 14/100 | Batch 16800/18922 | KD Loss: 5.0785 | Base Loss: 0.8648
Epoch 14/100 | Batch 17000/18922 | KD Loss: 4.7887 | Base Loss: 0.7565
Epoch 14/100 | Batch 17200/18922 | KD Loss: 4.6456 | Base Loss: 0.8262
Epoch 14/100 | Batch 17400/18922 | KD Loss: 5.2066 | Base Loss: 0.8400
Epoch 14/100 | Batch 17600/18922 | KD Loss: 4.9727 | Base Loss: 0.8171
Epoch 14/100 | Batch 17800/18922 | KD Loss: 4.9794 | Base Loss: 0.9021
Epoch 14/100 | Batch 18000/18922 | KD Loss: 4.7437 | Base Loss: 0.6962
Epoch 14/100 | Batch 18200/18922 | KD Loss: 4.8021 | Base Loss: 0.7167
Epoch 14/100 | Batch 18400/18922 | KD Loss: 5.2513 | Base Loss: 0.8413
Epoch 14/100 | Batch 18600/18922 | KD Loss: 4.9899 | Base Loss: 0.6330
Epoch 14/100 | Batch 18800/18922 | KD Loss: 4.8489 | Base Loss: 0.6830
====> Epoch 14 Average KD Loss: 4.9547 | LR: 0.000200
Epoch 15/100 | Batch 0/18922 | KD Loss: 5.0914 | Base Loss: 0.8534
Epoch 15/100 | Batch 200/18922 | KD Loss: 5.1594 | Base Loss: 0.8693
Epoch 15/100 | Batch 400/18922 | KD Loss: 4.7867 | Base Loss: 0.7270
Epoch 15/100 | Batch 600/18922 | KD Loss: 4.8635 | Base Loss: 0.6823
Epoch 15/100 | Batch 800/18922 | KD Loss: 5.2087 | Base Loss: 0.7357
Epoch 15/100 | Batch 1000/18922 | KD Loss: 4.8582 | Base Loss: 0.8230
Epoch 15/100 | Batch 1200/18922 | KD Loss: 4.7568 | Base Loss: 0.8008
Epoch 15/100 | Batch 1400/18922 | KD Loss: 4.8423 | Base Loss: 0.7603
Epoch 15/100 | Batch 1600/18922 | KD Loss: 4.9536 | Base Loss: 0.7261
Epoch 15/100 | Batch 1800/18922 | KD Loss: 4.8469 | Base Loss: 0.7525
Epoch 15/100 | Batch 2000/18922 | KD Loss: 4.7207 | Base Loss: 0.7595
Epoch 15/100 | Batch 2200/18922 | KD Loss: 4.7358 | Base Loss: 0.6131
Epoch 15/100 | Batch 2400/18922 | KD Loss: 5.1570 | Base Loss: 0.7352
Epoch 15/100 | Batch 2600/18922 | KD Loss: 4.8477 | Base Loss: 0.8639
Epoch 15/100 | Batch 2800/18922 | KD Loss: 5.0422 | Base Loss: 0.7207
Epoch 15/100 | Batch 3000/18922 | KD Loss: 5.0130 | Base Loss: 0.8310
Epoch 15/100 | Batch 3200/18922 | KD Loss: 5.1348 | Base Loss: 0.8223
Epoch 15/100 | Batch 3400/18922 | KD Loss: 4.9924 | Base Loss: 0.7368
Epoch 15/100 | Batch 3600/18922 | KD Loss: 5.1176 | Base Loss: 0.8712
Epoch 15/100 | Batch 3800/18922 | KD Loss: 5.1775 | Base Loss: 0.8029
Epoch 15/100 | Batch 4000/18922 | KD Loss: 5.1099 | Base Loss: 0.7476
Epoch 15/100 | Batch 4200/18922 | KD Loss: 4.8400 | Base Loss: 0.7491
Epoch 15/100 | Batch 4400/18922 | KD Loss: 5.3798 | Base Loss: 0.8957
Epoch 15/100 | Batch 4600/18922 | KD Loss: 4.5725 | Base Loss: 0.5790
Epoch 15/100 | Batch 4800/18922 | KD Loss: 4.9653 | Base Loss: 0.7588
Epoch 15/100 | Batch 5000/18922 | KD Loss: 4.8845 | Base Loss: 0.6829
Epoch 15/100 | Batch 5200/18922 | KD Loss: 4.7519 | Base Loss: 0.6747
Epoch 15/100 | Batch 5400/18922 | KD Loss: 4.9817 | Base Loss: 0.8182
Epoch 15/100 | Batch 5600/18922 | KD Loss: 4.9305 | Base Loss: 0.7622
Epoch 15/100 | Batch 5800/18922 | KD Loss: 4.6735 | Base Loss: 0.7141
Epoch 15/100 | Batch 6000/18922 | KD Loss: 4.8328 | Base Loss: 0.8401
Epoch 15/100 | Batch 6200/18922 | KD Loss: 5.1165 | Base Loss: 0.8280
Epoch 15/100 | Batch 6400/18922 | KD Loss: 4.7857 | Base Loss: 0.6312
Epoch 15/100 | Batch 6600/18922 | KD Loss: 5.0632 | Base Loss: 0.7665
Epoch 15/100 | Batch 6800/18922 | KD Loss: 5.2031 | Base Loss: 0.8311
Epoch 15/100 | Batch 7000/18922 | KD Loss: 5.2321 | Base Loss: 0.7921
Epoch 15/100 | Batch 7200/18922 | KD Loss: 5.1048 | Base Loss: 0.7462
Epoch 15/100 | Batch 7400/18922 | KD Loss: 5.1714 | Base Loss: 0.7460
Epoch 15/100 | Batch 7600/18922 | KD Loss: 5.1659 | Base Loss: 0.6814
Epoch 15/100 | Batch 7800/18922 | KD Loss: 4.9592 | Base Loss: 0.8036
Epoch 15/100 | Batch 8000/18922 | KD Loss: 5.0282 | Base Loss: 0.8325
Epoch 15/100 | Batch 8200/18922 | KD Loss: 4.9094 | Base Loss: 0.7938
Epoch 15/100 | Batch 8400/18922 | KD Loss: 5.1085 | Base Loss: 0.7836
Epoch 15/100 | Batch 8600/18922 | KD Loss: 4.8254 | Base Loss: 0.7540
Epoch 15/100 | Batch 8800/18922 | KD Loss: 4.8503 | Base Loss: 0.7749
Epoch 15/100 | Batch 9000/18922 | KD Loss: 4.8412 | Base Loss: 0.7505
Epoch 15/100 | Batch 9200/18922 | KD Loss: 5.2541 | Base Loss: 0.9072
Epoch 15/100 | Batch 9400/18922 | KD Loss: 5.0945 | Base Loss: 0.8394
Epoch 15/100 | Batch 9600/18922 | KD Loss: 5.0138 | Base Loss: 0.7785
Epoch 15/100 | Batch 9800/18922 | KD Loss: 5.2323 | Base Loss: 0.8398
Epoch 15/100 | Batch 10000/18922 | KD Loss: 4.8189 | Base Loss: 0.6598
Epoch 15/100 | Batch 10200/18922 | KD Loss: 4.7114 | Base Loss: 0.7109
Epoch 15/100 | Batch 10400/18922 | KD Loss: 4.6553 | Base Loss: 0.6366
Epoch 15/100 | Batch 10600/18922 | KD Loss: 4.9271 | Base Loss: 0.7855
Epoch 15/100 | Batch 10800/18922 | KD Loss: 4.8130 | Base Loss: 0.8472
Epoch 15/100 | Batch 11000/18922 | KD Loss: 5.2154 | Base Loss: 0.9456
Epoch 15/100 | Batch 11200/18922 | KD Loss: 5.0179 | Base Loss: 0.7909
Epoch 15/100 | Batch 11400/18922 | KD Loss: 4.8020 | Base Loss: 0.7454
Epoch 15/100 | Batch 11600/18922 | KD Loss: 4.8573 | Base Loss: 0.7142
Epoch 15/100 | Batch 11800/18922 | KD Loss: 5.0703 | Base Loss: 0.8802
Epoch 15/100 | Batch 12000/18922 | KD Loss: 5.1974 | Base Loss: 0.8785
Epoch 15/100 | Batch 12200/18922 | KD Loss: 5.1283 | Base Loss: 0.8167
Epoch 15/100 | Batch 12400/18922 | KD Loss: 4.8135 | Base Loss: 0.7021
Epoch 15/100 | Batch 12600/18922 | KD Loss: 4.8920 | Base Loss: 0.6789
Epoch 15/100 | Batch 12800/18922 | KD Loss: 4.6611 | Base Loss: 0.6891
Epoch 15/100 | Batch 13000/18922 | KD Loss: 5.0973 | Base Loss: 0.7939
Epoch 15/100 | Batch 13200/18922 | KD Loss: 4.9525 | Base Loss: 0.7504
Epoch 15/100 | Batch 13400/18922 | KD Loss: 4.8446 | Base Loss: 0.7245
Epoch 15/100 | Batch 13600/18922 | KD Loss: 4.9761 | Base Loss: 0.6782
Epoch 15/100 | Batch 13800/18922 | KD Loss: 5.3187 | Base Loss: 0.7547
Epoch 15/100 | Batch 14000/18922 | KD Loss: 5.0199 | Base Loss: 0.8233
Epoch 15/100 | Batch 14200/18922 | KD Loss: 4.7950 | Base Loss: 0.6978
Epoch 15/100 | Batch 14400/18922 | KD Loss: 4.8139 | Base Loss: 0.7275
Epoch 15/100 | Batch 14600/18922 | KD Loss: 5.0180 | Base Loss: 0.6544
Epoch 15/100 | Batch 14800/18922 | KD Loss: 4.6829 | Base Loss: 0.7169
Epoch 15/100 | Batch 15000/18922 | KD Loss: 4.6004 | Base Loss: 0.6895
Epoch 15/100 | Batch 15200/18922 | KD Loss: 5.4430 | Base Loss: 0.9635
Epoch 15/100 | Batch 15400/18922 | KD Loss: 5.2903 | Base Loss: 0.8350
Epoch 15/100 | Batch 15600/18922 | KD Loss: 5.0682 | Base Loss: 0.8539
Epoch 15/100 | Batch 15800/18922 | KD Loss: 4.9330 | Base Loss: 0.7012
Epoch 15/100 | Batch 16000/18922 | KD Loss: 5.1109 | Base Loss: 0.7325
Epoch 15/100 | Batch 16200/18922 | KD Loss: 4.8012 | Base Loss: 0.6534
Epoch 15/100 | Batch 16400/18922 | KD Loss: 4.5964 | Base Loss: 0.6381
Epoch 15/100 | Batch 16600/18922 | KD Loss: 4.8647 | Base Loss: 0.7875
Epoch 15/100 | Batch 16800/18922 | KD Loss: 5.1785 | Base Loss: 0.8083
Epoch 15/100 | Batch 17000/18922 | KD Loss: 4.6535 | Base Loss: 0.8658
Epoch 15/100 | Batch 17200/18922 | KD Loss: 5.2518 | Base Loss: 0.8151
Epoch 15/100 | Batch 17400/18922 | KD Loss: 5.0454 | Base Loss: 0.8086
Epoch 15/100 | Batch 17600/18922 | KD Loss: 5.1212 | Base Loss: 0.8510
Epoch 15/100 | Batch 17800/18922 | KD Loss: 4.6936 | Base Loss: 0.6382
Epoch 15/100 | Batch 18000/18922 | KD Loss: 4.9317 | Base Loss: 0.6510
Epoch 15/100 | Batch 18200/18922 | KD Loss: 4.6719 | Base Loss: 0.7030
Epoch 15/100 | Batch 18400/18922 | KD Loss: 5.0056 | Base Loss: 0.6525
Epoch 15/100 | Batch 18600/18922 | KD Loss: 4.9120 | Base Loss: 0.7562
Epoch 15/100 | Batch 18800/18922 | KD Loss: 5.1793 | Base Loss: 0.8259
====> Epoch 15 Average KD Loss: 4.9469 | LR: 0.000200
Epoch 16/100 | Batch 0/18922 | KD Loss: 4.7020 | Base Loss: 0.7086
Epoch 16/100 | Batch 200/18922 | KD Loss: 5.1995 | Base Loss: 0.7628
Epoch 16/100 | Batch 400/18922 | KD Loss: 4.9769 | Base Loss: 0.9404
Epoch 16/100 | Batch 600/18922 | KD Loss: 5.1118 | Base Loss: 0.9369
Epoch 16/100 | Batch 800/18922 | KD Loss: 5.0874 | Base Loss: 0.8231
Epoch 16/100 | Batch 1000/18922 | KD Loss: 5.0119 | Base Loss: 0.7434
Epoch 16/100 | Batch 1200/18922 | KD Loss: 4.8211 | Base Loss: 0.6868
Epoch 16/100 | Batch 1400/18922 | KD Loss: 5.0001 | Base Loss: 0.8187
Epoch 16/100 | Batch 1600/18922 | KD Loss: 4.8669 | Base Loss: 0.7928
Epoch 16/100 | Batch 1800/18922 | KD Loss: 4.7071 | Base Loss: 0.7900
Epoch 16/100 | Batch 2000/18922 | KD Loss: 5.1289 | Base Loss: 0.7431
Epoch 16/100 | Batch 2200/18922 | KD Loss: 5.1977 | Base Loss: 0.9811
Epoch 16/100 | Batch 2400/18922 | KD Loss: 4.9741 | Base Loss: 0.7260
Epoch 16/100 | Batch 2600/18922 | KD Loss: 5.2026 | Base Loss: 0.9207
Epoch 16/100 | Batch 2800/18922 | KD Loss: 5.2780 | Base Loss: 0.7958
Epoch 16/100 | Batch 3000/18922 | KD Loss: 4.9439 | Base Loss: 0.8548
Epoch 16/100 | Batch 3200/18922 | KD Loss: 4.9744 | Base Loss: 0.8936
Epoch 16/100 | Batch 3400/18922 | KD Loss: 4.8255 | Base Loss: 0.9216
Epoch 16/100 | Batch 3600/18922 | KD Loss: 5.3137 | Base Loss: 0.7656
Epoch 16/100 | Batch 3800/18922 | KD Loss: 5.3100 | Base Loss: 0.6284
Epoch 16/100 | Batch 4000/18922 | KD Loss: 4.8270 | Base Loss: 0.6698
Epoch 16/100 | Batch 4200/18922 | KD Loss: 4.9482 | Base Loss: 0.8553
Epoch 16/100 | Batch 4400/18922 | KD Loss: 5.0945 | Base Loss: 0.7161
Epoch 16/100 | Batch 4600/18922 | KD Loss: 5.3053 | Base Loss: 0.8523
Epoch 16/100 | Batch 4800/18922 | KD Loss: 4.9629 | Base Loss: 0.6768
Epoch 16/100 | Batch 5000/18922 | KD Loss: 4.7821 | Base Loss: 0.7750
Epoch 16/100 | Batch 5200/18922 | KD Loss: 4.9022 | Base Loss: 0.7129
Epoch 16/100 | Batch 5400/18922 | KD Loss: 4.7950 | Base Loss: 0.7723
Epoch 16/100 | Batch 5600/18922 | KD Loss: 4.9946 | Base Loss: 0.8551
Epoch 16/100 | Batch 5800/18922 | KD Loss: 5.0900 | Base Loss: 0.7698
Epoch 16/100 | Batch 6000/18922 | KD Loss: 4.9105 | Base Loss: 0.7487
Epoch 16/100 | Batch 6200/18922 | KD Loss: 4.8213 | Base Loss: 0.7244
Epoch 16/100 | Batch 6400/18922 | KD Loss: 5.4063 | Base Loss: 1.0150
Epoch 16/100 | Batch 6600/18922 | KD Loss: 4.7575 | Base Loss: 0.7226
Epoch 16/100 | Batch 6800/18922 | KD Loss: 5.4268 | Base Loss: 0.8121
Epoch 16/100 | Batch 7000/18922 | KD Loss: 4.9549 | Base Loss: 0.6978
Epoch 16/100 | Batch 7200/18922 | KD Loss: 4.6972 | Base Loss: 0.6282
Epoch 16/100 | Batch 7400/18922 | KD Loss: 4.6256 | Base Loss: 0.7147
Epoch 16/100 | Batch 7600/18922 | KD Loss: 4.9899 | Base Loss: 0.7151
Epoch 16/100 | Batch 7800/18922 | KD Loss: 4.7316 | Base Loss: 0.7564
Epoch 16/100 | Batch 8000/18922 | KD Loss: 4.9905 | Base Loss: 0.8216
Epoch 16/100 | Batch 8200/18922 | KD Loss: 5.3538 | Base Loss: 0.7301
Epoch 16/100 | Batch 8400/18922 | KD Loss: 5.1396 | Base Loss: 0.8225
Epoch 16/100 | Batch 8600/18922 | KD Loss: 4.9709 | Base Loss: 0.8473
Epoch 16/100 | Batch 8800/18922 | KD Loss: 4.9572 | Base Loss: 0.7949
Epoch 16/100 | Batch 9000/18922 | KD Loss: 4.9777 | Base Loss: 0.7885
Epoch 16/100 | Batch 9200/18922 | KD Loss: 4.7944 | Base Loss: 0.6857
Epoch 16/100 | Batch 9400/18922 | KD Loss: 4.7757 | Base Loss: 0.8274
Epoch 16/100 | Batch 9600/18922 | KD Loss: 5.0850 | Base Loss: 0.8436
Epoch 16/100 | Batch 9800/18922 | KD Loss: 4.7686 | Base Loss: 0.7612
Epoch 16/100 | Batch 10000/18922 | KD Loss: 4.9999 | Base Loss: 0.7690
Epoch 16/100 | Batch 10200/18922 | KD Loss: 4.8198 | Base Loss: 0.6952
Epoch 16/100 | Batch 10400/18922 | KD Loss: 4.6043 | Base Loss: 0.6783
Epoch 16/100 | Batch 10600/18922 | KD Loss: 4.6786 | Base Loss: 0.6808
Epoch 16/100 | Batch 10800/18922 | KD Loss: 4.8116 | Base Loss: 0.7442
Epoch 16/100 | Batch 11000/18922 | KD Loss: 5.3360 | Base Loss: 0.8563
Epoch 16/100 | Batch 11200/18922 | KD Loss: 4.7316 | Base Loss: 0.6716
Epoch 16/100 | Batch 11400/18922 | KD Loss: 5.2063 | Base Loss: 0.7265
Epoch 16/100 | Batch 11600/18922 | KD Loss: 4.9636 | Base Loss: 0.7477
Epoch 16/100 | Batch 11800/18922 | KD Loss: 4.8474 | Base Loss: 0.5995
Epoch 16/100 | Batch 12000/18922 | KD Loss: 5.0106 | Base Loss: 0.7399
Epoch 16/100 | Batch 12200/18922 | KD Loss: 5.0610 | Base Loss: 0.8866
Epoch 16/100 | Batch 12400/18922 | KD Loss: 4.7554 | Base Loss: 0.7382
Epoch 16/100 | Batch 12600/18922 | KD Loss: 4.9772 | Base Loss: 0.7463
Epoch 16/100 | Batch 12800/18922 | KD Loss: 5.0167 | Base Loss: 0.7695
Epoch 16/100 | Batch 13000/18922 | KD Loss: 4.6299 | Base Loss: 0.8417
Epoch 16/100 | Batch 13200/18922 | KD Loss: 4.7301 | Base Loss: 0.7571
Epoch 16/100 | Batch 13400/18922 | KD Loss: 4.8341 | Base Loss: 0.6861
Epoch 16/100 | Batch 13600/18922 | KD Loss: 4.8849 | Base Loss: 0.7718
Epoch 16/100 | Batch 13800/18922 | KD Loss: 4.6872 | Base Loss: 0.7644
Epoch 16/100 | Batch 14000/18922 | KD Loss: 5.1549 | Base Loss: 0.7605
Epoch 16/100 | Batch 14200/18922 | KD Loss: 4.8067 | Base Loss: 0.8333
Epoch 16/100 | Batch 14400/18922 | KD Loss: 5.0160 | Base Loss: 0.7641
Epoch 16/100 | Batch 14600/18922 | KD Loss: 5.0379 | Base Loss: 0.8060
Epoch 16/100 | Batch 14800/18922 | KD Loss: 4.9178 | Base Loss: 0.8687
Epoch 16/100 | Batch 15000/18922 | KD Loss: 4.9827 | Base Loss: 0.6566
Epoch 16/100 | Batch 15200/18922 | KD Loss: 5.0241 | Base Loss: 0.8566
Epoch 16/100 | Batch 15400/18922 | KD Loss: 5.0749 | Base Loss: 0.9193
Epoch 16/100 | Batch 15600/18922 | KD Loss: 5.0334 | Base Loss: 0.8234
Epoch 16/100 | Batch 15800/18922 | KD Loss: 4.6338 | Base Loss: 0.7150
Epoch 16/100 | Batch 16000/18922 | KD Loss: 4.7584 | Base Loss: 0.8009
Epoch 16/100 | Batch 16200/18922 | KD Loss: 4.9794 | Base Loss: 0.7380
Epoch 16/100 | Batch 16400/18922 | KD Loss: 5.0436 | Base Loss: 0.7920
Epoch 16/100 | Batch 16600/18922 | KD Loss: 5.1482 | Base Loss: 0.8447
Epoch 16/100 | Batch 16800/18922 | KD Loss: 4.4749 | Base Loss: 0.5902
Epoch 16/100 | Batch 17000/18922 | KD Loss: 5.0004 | Base Loss: 0.9451
Epoch 16/100 | Batch 17200/18922 | KD Loss: 4.9790 | Base Loss: 0.7853
Epoch 16/100 | Batch 17400/18922 | KD Loss: 5.0379 | Base Loss: 0.6498
Epoch 16/100 | Batch 17600/18922 | KD Loss: 5.0105 | Base Loss: 0.8177
Epoch 16/100 | Batch 17800/18922 | KD Loss: 4.8521 | Base Loss: 0.7740
Epoch 16/100 | Batch 18000/18922 | KD Loss: 4.7216 | Base Loss: 0.6431
Epoch 16/100 | Batch 18200/18922 | KD Loss: 4.9425 | Base Loss: 0.7116
Epoch 16/100 | Batch 18400/18922 | KD Loss: 4.9453 | Base Loss: 0.7431
Epoch 16/100 | Batch 18600/18922 | KD Loss: 5.2376 | Base Loss: 0.6987
Epoch 16/100 | Batch 18800/18922 | KD Loss: 5.0553 | Base Loss: 0.8546
====> Epoch 16 Average KD Loss: 4.9402 | LR: 0.000200
Epoch 17/100 | Batch 0/18922 | KD Loss: 5.1320 | Base Loss: 0.7463
Epoch 17/100 | Batch 200/18922 | KD Loss: 5.0082 | Base Loss: 0.9851
Epoch 17/100 | Batch 400/18922 | KD Loss: 4.8656 | Base Loss: 0.8991
Epoch 17/100 | Batch 600/18922 | KD Loss: 4.9205 | Base Loss: 0.7705
Epoch 17/100 | Batch 800/18922 | KD Loss: 5.2662 | Base Loss: 0.9024
Epoch 17/100 | Batch 1000/18922 | KD Loss: 4.6040 | Base Loss: 0.7123
Epoch 17/100 | Batch 1200/18922 | KD Loss: 5.0586 | Base Loss: 0.9126
Epoch 17/100 | Batch 1400/18922 | KD Loss: 5.0072 | Base Loss: 0.8633
Epoch 17/100 | Batch 1600/18922 | KD Loss: 4.8901 | Base Loss: 0.9003
Epoch 17/100 | Batch 1800/18922 | KD Loss: 4.7246 | Base Loss: 0.8021
Epoch 17/100 | Batch 2000/18922 | KD Loss: 4.6622 | Base Loss: 0.5823
Epoch 17/100 | Batch 2200/18922 | KD Loss: 4.6417 | Base Loss: 0.6446
Epoch 17/100 | Batch 2400/18922 | KD Loss: 5.1682 | Base Loss: 0.8375
Epoch 17/100 | Batch 2600/18922 | KD Loss: 5.0613 | Base Loss: 0.7624
Epoch 17/100 | Batch 2800/18922 | KD Loss: 4.7945 | Base Loss: 0.7606
Epoch 17/100 | Batch 3000/18922 | KD Loss: 4.9498 | Base Loss: 0.7279
Epoch 17/100 | Batch 3200/18922 | KD Loss: 4.6998 | Base Loss: 0.6940
Epoch 17/100 | Batch 3400/18922 | KD Loss: 4.5790 | Base Loss: 0.6575
Epoch 17/100 | Batch 3600/18922 | KD Loss: 4.9352 | Base Loss: 0.9799
Epoch 17/100 | Batch 3800/18922 | KD Loss: 4.8452 | Base Loss: 0.7271
Epoch 17/100 | Batch 4000/18922 | KD Loss: 5.1990 | Base Loss: 0.7819
Epoch 17/100 | Batch 4200/18922 | KD Loss: 4.8400 | Base Loss: 0.7547
Epoch 17/100 | Batch 4400/18922 | KD Loss: 4.7350 | Base Loss: 0.6710
Epoch 17/100 | Batch 4600/18922 | KD Loss: 4.5536 | Base Loss: 0.7961
Epoch 17/100 | Batch 4800/18922 | KD Loss: 4.7062 | Base Loss: 0.7047
Epoch 17/100 | Batch 5000/18922 | KD Loss: 4.8055 | Base Loss: 0.6987
Epoch 17/100 | Batch 5200/18922 | KD Loss: 5.1467 | Base Loss: 0.7747
Epoch 17/100 | Batch 5400/18922 | KD Loss: 4.8189 | Base Loss: 0.7265
Epoch 17/100 | Batch 5600/18922 | KD Loss: 5.2243 | Base Loss: 0.7485
Epoch 17/100 | Batch 5800/18922 | KD Loss: 4.8609 | Base Loss: 0.7351
Epoch 17/100 | Batch 6000/18922 | KD Loss: 5.2868 | Base Loss: 0.7268
Epoch 17/100 | Batch 6200/18922 | KD Loss: 4.9972 | Base Loss: 0.8155
Epoch 17/100 | Batch 6400/18922 | KD Loss: 4.9223 | Base Loss: 0.9143
Epoch 17/100 | Batch 6600/18922 | KD Loss: 4.7842 | Base Loss: 0.7321
Epoch 17/100 | Batch 6800/18922 | KD Loss: 5.0981 | Base Loss: 0.7604
Epoch 17/100 | Batch 7000/18922 | KD Loss: 4.6913 | Base Loss: 0.8261
Epoch 17/100 | Batch 7200/18922 | KD Loss: 4.7002 | Base Loss: 0.7224
Epoch 17/100 | Batch 7400/18922 | KD Loss: 5.0603 | Base Loss: 0.8221
Epoch 17/100 | Batch 7600/18922 | KD Loss: 4.8381 | Base Loss: 0.8118
Epoch 17/100 | Batch 7800/18922 | KD Loss: 4.8144 | Base Loss: 0.7831
Epoch 17/100 | Batch 8000/18922 | KD Loss: 4.8667 | Base Loss: 0.8719
Epoch 17/100 | Batch 8200/18922 | KD Loss: 4.5624 | Base Loss: 0.6595
Epoch 17/100 | Batch 8400/18922 | KD Loss: 4.7980 | Base Loss: 0.8175
Epoch 17/100 | Batch 8600/18922 | KD Loss: 5.0143 | Base Loss: 0.8655
Epoch 17/100 | Batch 8800/18922 | KD Loss: 4.7200 | Base Loss: 0.7712
Epoch 17/100 | Batch 9000/18922 | KD Loss: 5.0950 | Base Loss: 0.7211
Epoch 17/100 | Batch 9200/18922 | KD Loss: 4.9203 | Base Loss: 0.7990
Epoch 17/100 | Batch 9400/18922 | KD Loss: 4.7020 | Base Loss: 0.7298
Epoch 17/100 | Batch 9600/18922 | KD Loss: 4.9893 | Base Loss: 0.7566
Epoch 17/100 | Batch 9800/18922 | KD Loss: 5.3675 | Base Loss: 0.9366
Epoch 17/100 | Batch 10000/18922 | KD Loss: 4.9681 | Base Loss: 0.8326
Epoch 17/100 | Batch 10200/18922 | KD Loss: 4.8950 | Base Loss: 0.7333
Epoch 17/100 | Batch 10400/18922 | KD Loss: 4.9824 | Base Loss: 0.8967
Epoch 17/100 | Batch 10600/18922 | KD Loss: 4.6899 | Base Loss: 0.5951
Epoch 17/100 | Batch 10800/18922 | KD Loss: 4.6150 | Base Loss: 0.6770
Epoch 17/100 | Batch 11000/18922 | KD Loss: 4.9544 | Base Loss: 0.6422
Epoch 17/100 | Batch 11200/18922 | KD Loss: 4.8589 | Base Loss: 0.8048
Epoch 17/100 | Batch 11400/18922 | KD Loss: 5.0121 | Base Loss: 0.7494
Epoch 17/100 | Batch 11600/18922 | KD Loss: 5.0697 | Base Loss: 0.8611
Epoch 17/100 | Batch 11800/18922 | KD Loss: 4.8256 | Base Loss: 0.8809
Epoch 17/100 | Batch 12000/18922 | KD Loss: 5.1338 | Base Loss: 0.7277
Epoch 17/100 | Batch 12200/18922 | KD Loss: 4.9244 | Base Loss: 0.7204
Epoch 17/100 | Batch 12400/18922 | KD Loss: 5.0266 | Base Loss: 0.7211
Epoch 17/100 | Batch 12600/18922 | KD Loss: 4.7770 | Base Loss: 0.6434
Epoch 17/100 | Batch 12800/18922 | KD Loss: 5.0735 | Base Loss: 0.8815
Epoch 17/100 | Batch 13000/18922 | KD Loss: 4.8278 | Base Loss: 0.7663
Epoch 17/100 | Batch 13200/18922 | KD Loss: 4.9583 | Base Loss: 0.8399
Epoch 17/100 | Batch 13400/18922 | KD Loss: 5.1259 | Base Loss: 0.7879
Epoch 17/100 | Batch 13600/18922 | KD Loss: 5.0087 | Base Loss: 0.7757
Epoch 17/100 | Batch 13800/18922 | KD Loss: 4.7300 | Base Loss: 0.7201
Epoch 17/100 | Batch 14000/18922 | KD Loss: 4.7556 | Base Loss: 0.7123
Epoch 17/100 | Batch 14200/18922 | KD Loss: 4.6101 | Base Loss: 0.8063
Epoch 17/100 | Batch 14400/18922 | KD Loss: 5.0823 | Base Loss: 0.8026
Epoch 17/100 | Batch 14600/18922 | KD Loss: 5.0808 | Base Loss: 0.7561
Epoch 17/100 | Batch 14800/18922 | KD Loss: 4.7001 | Base Loss: 0.6598
Epoch 17/100 | Batch 15000/18922 | KD Loss: 4.9925 | Base Loss: 0.8998
Epoch 17/100 | Batch 15200/18922 | KD Loss: 4.8542 | Base Loss: 0.7146
Epoch 17/100 | Batch 15400/18922 | KD Loss: 5.4660 | Base Loss: 0.7722
Epoch 17/100 | Batch 15600/18922 | KD Loss: 4.8058 | Base Loss: 0.9299
Epoch 17/100 | Batch 15800/18922 | KD Loss: 4.7684 | Base Loss: 0.6995
Epoch 17/100 | Batch 16000/18922 | KD Loss: 4.8193 | Base Loss: 0.8153
Epoch 17/100 | Batch 16200/18922 | KD Loss: 4.8478 | Base Loss: 0.7116
Epoch 17/100 | Batch 16400/18922 | KD Loss: 4.5729 | Base Loss: 0.6784
Epoch 17/100 | Batch 16600/18922 | KD Loss: 4.9177 | Base Loss: 0.8364
Epoch 17/100 | Batch 16800/18922 | KD Loss: 4.8253 | Base Loss: 0.8647
Epoch 17/100 | Batch 17000/18922 | KD Loss: 5.1384 | Base Loss: 0.8855
Epoch 17/100 | Batch 17200/18922 | KD Loss: 5.0191 | Base Loss: 0.8786
Epoch 17/100 | Batch 17400/18922 | KD Loss: 4.8238 | Base Loss: 0.7032
Epoch 17/100 | Batch 17600/18922 | KD Loss: 5.0487 | Base Loss: 0.8862
Epoch 17/100 | Batch 17800/18922 | KD Loss: 5.1448 | Base Loss: 0.8570
Epoch 17/100 | Batch 18000/18922 | KD Loss: 5.1790 | Base Loss: 0.7642
Epoch 17/100 | Batch 18200/18922 | KD Loss: 5.0072 | Base Loss: 0.8104
Epoch 17/100 | Batch 18400/18922 | KD Loss: 5.5371 | Base Loss: 0.9039
Epoch 17/100 | Batch 18600/18922 | KD Loss: 5.1107 | Base Loss: 0.9045
Epoch 17/100 | Batch 18800/18922 | KD Loss: 4.9048 | Base Loss: 0.7527
====> Epoch 17 Average KD Loss: 4.9320 | LR: 0.000200
Epoch 18/100 | Batch 0/18922 | KD Loss: 5.0793 | Base Loss: 0.7641
Epoch 18/100 | Batch 200/18922 | KD Loss: 4.9093 | Base Loss: 0.8178
Epoch 18/100 | Batch 400/18922 | KD Loss: 4.8893 | Base Loss: 0.8146
Epoch 18/100 | Batch 600/18922 | KD Loss: 4.8119 | Base Loss: 0.7213
Epoch 18/100 | Batch 800/18922 | KD Loss: 4.7558 | Base Loss: 0.7134
Epoch 18/100 | Batch 1000/18922 | KD Loss: 5.1418 | Base Loss: 0.7922
Epoch 18/100 | Batch 1200/18922 | KD Loss: 5.1194 | Base Loss: 0.8616
Epoch 18/100 | Batch 1400/18922 | KD Loss: 4.7280 | Base Loss: 0.7184
Epoch 18/100 | Batch 1600/18922 | KD Loss: 5.0795 | Base Loss: 0.8380
Epoch 18/100 | Batch 1800/18922 | KD Loss: 4.6503 | Base Loss: 0.6923
Epoch 18/100 | Batch 2000/18922 | KD Loss: 4.8667 | Base Loss: 0.8746
Epoch 18/100 | Batch 2200/18922 | KD Loss: 4.8177 | Base Loss: 0.7639
Epoch 18/100 | Batch 2400/18922 | KD Loss: 4.8720 | Base Loss: 0.6776
Epoch 18/100 | Batch 2600/18922 | KD Loss: 4.5331 | Base Loss: 0.7634
Epoch 18/100 | Batch 2800/18922 | KD Loss: 5.1193 | Base Loss: 0.7761
Epoch 18/100 | Batch 3000/18922 | KD Loss: 5.3473 | Base Loss: 0.8252
Epoch 18/100 | Batch 3200/18922 | KD Loss: 5.1279 | Base Loss: 0.8384
Epoch 18/100 | Batch 3400/18922 | KD Loss: 5.0734 | Base Loss: 0.8669
Epoch 18/100 | Batch 3600/18922 | KD Loss: 4.9540 | Base Loss: 0.6804
Epoch 18/100 | Batch 3800/18922 | KD Loss: 5.1686 | Base Loss: 0.9473
Epoch 18/100 | Batch 4000/18922 | KD Loss: 4.9444 | Base Loss: 0.8261
Epoch 18/100 | Batch 4200/18922 | KD Loss: 4.8485 | Base Loss: 0.7060
Epoch 18/100 | Batch 4400/18922 | KD Loss: 4.9668 | Base Loss: 0.9102
Epoch 18/100 | Batch 4600/18922 | KD Loss: 4.7308 | Base Loss: 0.6966
Epoch 18/100 | Batch 4800/18922 | KD Loss: 5.0790 | Base Loss: 0.8090
Epoch 18/100 | Batch 5000/18922 | KD Loss: 4.5888 | Base Loss: 0.7667
Epoch 18/100 | Batch 5200/18922 | KD Loss: 5.1524 | Base Loss: 0.8830
Epoch 18/100 | Batch 5400/18922 | KD Loss: 5.0159 | Base Loss: 0.9079
Epoch 18/100 | Batch 5600/18922 | KD Loss: 4.7770 | Base Loss: 0.8673
Epoch 18/100 | Batch 5800/18922 | KD Loss: 5.0287 | Base Loss: 0.7939
Epoch 18/100 | Batch 6000/18922 | KD Loss: 4.9920 | Base Loss: 0.8609
Epoch 18/100 | Batch 6200/18922 | KD Loss: 4.8530 | Base Loss: 0.7609
Epoch 18/100 | Batch 6400/18922 | KD Loss: 4.7406 | Base Loss: 0.7783
Epoch 18/100 | Batch 6600/18922 | KD Loss: 4.9780 | Base Loss: 0.8544
Epoch 18/100 | Batch 6800/18922 | KD Loss: 4.9970 | Base Loss: 0.9020
Epoch 18/100 | Batch 7000/18922 | KD Loss: 5.1417 | Base Loss: 0.9883
Epoch 18/100 | Batch 7200/18922 | KD Loss: 4.8437 | Base Loss: 0.7166
Epoch 18/100 | Batch 7400/18922 | KD Loss: 4.7437 | Base Loss: 0.7456
Epoch 18/100 | Batch 7600/18922 | KD Loss: 5.1390 | Base Loss: 0.7403
Epoch 18/100 | Batch 7800/18922 | KD Loss: 5.1674 | Base Loss: 0.8823
Epoch 18/100 | Batch 8000/18922 | KD Loss: 5.1505 | Base Loss: 0.8999
Epoch 18/100 | Batch 8200/18922 | KD Loss: 5.1547 | Base Loss: 0.6276
Epoch 18/100 | Batch 8400/18922 | KD Loss: 5.0760 | Base Loss: 0.9323
Epoch 18/100 | Batch 8600/18922 | KD Loss: 4.9699 | Base Loss: 0.8068
Epoch 18/100 | Batch 8800/18922 | KD Loss: 5.0494 | Base Loss: 0.7696
Epoch 18/100 | Batch 9000/18922 | KD Loss: 4.9197 | Base Loss: 0.7546
Epoch 18/100 | Batch 9200/18922 | KD Loss: 4.6257 | Base Loss: 0.4809
Epoch 18/100 | Batch 9400/18922 | KD Loss: 5.0199 | Base Loss: 0.8488
Epoch 18/100 | Batch 9600/18922 | KD Loss: 5.3528 | Base Loss: 0.7618
Epoch 18/100 | Batch 9800/18922 | KD Loss: 4.7721 | Base Loss: 0.8729
Epoch 18/100 | Batch 10000/18922 | KD Loss: 4.7040 | Base Loss: 0.6460
Epoch 18/100 | Batch 10200/18922 | KD Loss: 4.8843 | Base Loss: 0.7338
Epoch 18/100 | Batch 10400/18922 | KD Loss: 4.8923 | Base Loss: 0.6672
Epoch 18/100 | Batch 10600/18922 | KD Loss: 4.9223 | Base Loss: 0.7251
Epoch 18/100 | Batch 10800/18922 | KD Loss: 5.1705 | Base Loss: 0.8321
Epoch 18/100 | Batch 11000/18922 | KD Loss: 5.0732 | Base Loss: 0.7956
Epoch 18/100 | Batch 11200/18922 | KD Loss: 5.0226 | Base Loss: 0.9376
Epoch 18/100 | Batch 11400/18922 | KD Loss: 5.0291 | Base Loss: 0.8320
Epoch 18/100 | Batch 11600/18922 | KD Loss: 4.5986 | Base Loss: 0.7164
Epoch 18/100 | Batch 11800/18922 | KD Loss: 5.0340 | Base Loss: 0.9918
Epoch 18/100 | Batch 12000/18922 | KD Loss: 4.9020 | Base Loss: 0.7974
Epoch 18/100 | Batch 12200/18922 | KD Loss: 4.8504 | Base Loss: 0.7159
Epoch 18/100 | Batch 12400/18922 | KD Loss: 5.0669 | Base Loss: 0.7998
Epoch 18/100 | Batch 12600/18922 | KD Loss: 4.6547 | Base Loss: 0.9521
Epoch 18/100 | Batch 12800/18922 | KD Loss: 5.2113 | Base Loss: 0.7693
Epoch 18/100 | Batch 13000/18922 | KD Loss: 4.6674 | Base Loss: 0.6266
Epoch 18/100 | Batch 13200/18922 | KD Loss: 5.0227 | Base Loss: 0.9401
Epoch 18/100 | Batch 13400/18922 | KD Loss: 5.0912 | Base Loss: 0.8281
Epoch 18/100 | Batch 13600/18922 | KD Loss: 5.1758 | Base Loss: 0.9156
Epoch 18/100 | Batch 13800/18922 | KD Loss: 5.0419 | Base Loss: 0.8874
Epoch 18/100 | Batch 14000/18922 | KD Loss: 4.8043 | Base Loss: 0.6736
Epoch 18/100 | Batch 14200/18922 | KD Loss: 5.1976 | Base Loss: 0.8127
Epoch 18/100 | Batch 14400/18922 | KD Loss: 4.6568 | Base Loss: 0.6944
Epoch 18/100 | Batch 14600/18922 | KD Loss: 4.9832 | Base Loss: 0.8665
Epoch 18/100 | Batch 14800/18922 | KD Loss: 4.6835 | Base Loss: 0.5890
Epoch 18/100 | Batch 15000/18922 | KD Loss: 5.3050 | Base Loss: 1.0172
Epoch 18/100 | Batch 15200/18922 | KD Loss: 4.6739 | Base Loss: 0.7378
Epoch 18/100 | Batch 15400/18922 | KD Loss: 4.3008 | Base Loss: 0.5591
Epoch 18/100 | Batch 15600/18922 | KD Loss: 4.7058 | Base Loss: 0.8376
Epoch 18/100 | Batch 15800/18922 | KD Loss: 4.9658 | Base Loss: 0.6174
Epoch 18/100 | Batch 16000/18922 | KD Loss: 4.8813 | Base Loss: 0.6230
Epoch 18/100 | Batch 16200/18922 | KD Loss: 4.9697 | Base Loss: 0.7546
Epoch 18/100 | Batch 16400/18922 | KD Loss: 4.9250 | Base Loss: 0.9238
Epoch 18/100 | Batch 16600/18922 | KD Loss: 4.8785 | Base Loss: 0.7034
Epoch 18/100 | Batch 16800/18922 | KD Loss: 4.8164 | Base Loss: 0.7735
Epoch 18/100 | Batch 17000/18922 | KD Loss: 4.5848 | Base Loss: 0.7162
Epoch 18/100 | Batch 17200/18922 | KD Loss: 4.7371 | Base Loss: 0.5592
Epoch 18/100 | Batch 17400/18922 | KD Loss: 4.9360 | Base Loss: 0.6622
Epoch 18/100 | Batch 17600/18922 | KD Loss: 4.5320 | Base Loss: 0.6634
Epoch 18/100 | Batch 17800/18922 | KD Loss: 5.1879 | Base Loss: 0.7910
Epoch 18/100 | Batch 18000/18922 | KD Loss: 4.5167 | Base Loss: 0.6881
Epoch 18/100 | Batch 18200/18922 | KD Loss: 4.6237 | Base Loss: 0.8188
Epoch 18/100 | Batch 18400/18922 | KD Loss: 4.9839 | Base Loss: 0.8738
Epoch 18/100 | Batch 18600/18922 | KD Loss: 4.9302 | Base Loss: 0.8840
Epoch 18/100 | Batch 18800/18922 | KD Loss: 4.8283 | Base Loss: 0.7636
====> Epoch 18 Average KD Loss: 4.9254 | LR: 0.000200
Epoch 19/100 | Batch 0/18922 | KD Loss: 4.5557 | Base Loss: 0.6180
Epoch 19/100 | Batch 200/18922 | KD Loss: 5.1329 | Base Loss: 0.9014
Epoch 19/100 | Batch 400/18922 | KD Loss: 4.4102 | Base Loss: 0.6060
Epoch 19/100 | Batch 600/18922 | KD Loss: 4.6592 | Base Loss: 0.7379
Epoch 19/100 | Batch 800/18922 | KD Loss: 4.8831 | Base Loss: 0.7263
Epoch 19/100 | Batch 1000/18922 | KD Loss: 5.0415 | Base Loss: 0.9237
Epoch 19/100 | Batch 1200/18922 | KD Loss: 5.0662 | Base Loss: 0.8459
Epoch 19/100 | Batch 1400/18922 | KD Loss: 4.4844 | Base Loss: 0.5683
Epoch 19/100 | Batch 1600/18922 | KD Loss: 4.6511 | Base Loss: 0.6333
Epoch 19/100 | Batch 1800/18922 | KD Loss: 4.5292 | Base Loss: 0.6521
Epoch 19/100 | Batch 2000/18922 | KD Loss: 4.9136 | Base Loss: 0.7183
Epoch 19/100 | Batch 2200/18922 | KD Loss: 4.8812 | Base Loss: 0.7345
Epoch 19/100 | Batch 2400/18922 | KD Loss: 4.7236 | Base Loss: 0.7687
Epoch 19/100 | Batch 2600/18922 | KD Loss: 4.8385 | Base Loss: 0.6536
Epoch 19/100 | Batch 2800/18922 | KD Loss: 4.8002 | Base Loss: 0.8050
Epoch 19/100 | Batch 3000/18922 | KD Loss: 5.2476 | Base Loss: 0.8789
Epoch 19/100 | Batch 3200/18922 | KD Loss: 4.8612 | Base Loss: 0.7295
Epoch 19/100 | Batch 3400/18922 | KD Loss: 4.9550 | Base Loss: 0.9662
Epoch 19/100 | Batch 3600/18922 | KD Loss: 5.2993 | Base Loss: 0.8839
Epoch 19/100 | Batch 3800/18922 | KD Loss: 5.3242 | Base Loss: 0.7832
Epoch 19/100 | Batch 4000/18922 | KD Loss: 5.0127 | Base Loss: 0.7160
Epoch 19/100 | Batch 4200/18922 | KD Loss: 4.3902 | Base Loss: 0.6168
Epoch 19/100 | Batch 4400/18922 | KD Loss: 4.4305 | Base Loss: 0.5960
Epoch 19/100 | Batch 4600/18922 | KD Loss: 4.9599 | Base Loss: 0.6493
Epoch 19/100 | Batch 4800/18922 | KD Loss: 4.8718 | Base Loss: 0.7000
Epoch 19/100 | Batch 5000/18922 | KD Loss: 4.4469 | Base Loss: 0.5879
Epoch 19/100 | Batch 5200/18922 | KD Loss: 4.8086 | Base Loss: 0.8426
Epoch 19/100 | Batch 5400/18922 | KD Loss: 4.7399 | Base Loss: 0.7835
Epoch 19/100 | Batch 5600/18922 | KD Loss: 5.2381 | Base Loss: 0.9977
Epoch 19/100 | Batch 5800/18922 | KD Loss: 5.1860 | Base Loss: 1.1095
Epoch 19/100 | Batch 6000/18922 | KD Loss: 5.0042 | Base Loss: 0.6926
Epoch 19/100 | Batch 6200/18922 | KD Loss: 5.1904 | Base Loss: 0.8496
Epoch 19/100 | Batch 6400/18922 | KD Loss: 4.9866 | Base Loss: 0.7286
Epoch 19/100 | Batch 6600/18922 | KD Loss: 4.9501 | Base Loss: 0.7671
Epoch 19/100 | Batch 6800/18922 | KD Loss: 4.8078 | Base Loss: 0.7959
Epoch 19/100 | Batch 7000/18922 | KD Loss: 4.7104 | Base Loss: 0.7246
Epoch 19/100 | Batch 7200/18922 | KD Loss: 4.9919 | Base Loss: 0.6416
Epoch 19/100 | Batch 7400/18922 | KD Loss: 5.2700 | Base Loss: 0.8162
Epoch 19/100 | Batch 7600/18922 | KD Loss: 5.1281 | Base Loss: 0.7456
Epoch 19/100 | Batch 7800/18922 | KD Loss: 4.9891 | Base Loss: 0.7293
Epoch 19/100 | Batch 8000/18922 | KD Loss: 5.3225 | Base Loss: 0.9444
Epoch 19/100 | Batch 8200/18922 | KD Loss: 4.7818 | Base Loss: 0.8138
Epoch 19/100 | Batch 8400/18922 | KD Loss: 5.1159 | Base Loss: 0.9881
Epoch 19/100 | Batch 8600/18922 | KD Loss: 4.8419 | Base Loss: 0.7921
Epoch 19/100 | Batch 8800/18922 | KD Loss: 5.0564 | Base Loss: 0.8102
Epoch 19/100 | Batch 9000/18922 | KD Loss: 4.9956 | Base Loss: 1.0096
Epoch 19/100 | Batch 9200/18922 | KD Loss: 5.0521 | Base Loss: 0.7735
Epoch 19/100 | Batch 9400/18922 | KD Loss: 4.9719 | Base Loss: 0.8579
Epoch 19/100 | Batch 9600/18922 | KD Loss: 4.9570 | Base Loss: 0.8435
Epoch 19/100 | Batch 9800/18922 | KD Loss: 5.2147 | Base Loss: 0.9345
Epoch 19/100 | Batch 10000/18922 | KD Loss: 4.6665 | Base Loss: 0.6057
Epoch 19/100 | Batch 10200/18922 | KD Loss: 4.8810 | Base Loss: 0.7534
Epoch 19/100 | Batch 10400/18922 | KD Loss: 4.7247 | Base Loss: 0.7523
Epoch 19/100 | Batch 10600/18922 | KD Loss: 4.9212 | Base Loss: 0.8288
Epoch 19/100 | Batch 10800/18922 | KD Loss: 5.5449 | Base Loss: 0.9951
Epoch 19/100 | Batch 11000/18922 | KD Loss: 4.8780 | Base Loss: 0.7247
Epoch 19/100 | Batch 11200/18922 | KD Loss: 4.9653 | Base Loss: 0.7763
Epoch 19/100 | Batch 11400/18922 | KD Loss: 4.9303 | Base Loss: 0.7846
Epoch 19/100 | Batch 11600/18922 | KD Loss: 4.5938 | Base Loss: 0.6552
Epoch 19/100 | Batch 11800/18922 | KD Loss: 4.7469 | Base Loss: 0.7804
Epoch 19/100 | Batch 12000/18922 | KD Loss: 5.0422 | Base Loss: 0.8564
Epoch 19/100 | Batch 12200/18922 | KD Loss: 4.8321 | Base Loss: 0.7183
Epoch 19/100 | Batch 12400/18922 | KD Loss: 4.8674 | Base Loss: 0.8583
Epoch 19/100 | Batch 12600/18922 | KD Loss: 4.9393 | Base Loss: 0.7438
Epoch 19/100 | Batch 12800/18922 | KD Loss: 4.7471 | Base Loss: 0.6893
Epoch 19/100 | Batch 13000/18922 | KD Loss: 4.4968 | Base Loss: 0.6538
Epoch 19/100 | Batch 13200/18922 | KD Loss: 4.8205 | Base Loss: 0.7416
Epoch 19/100 | Batch 13400/18922 | KD Loss: 5.2719 | Base Loss: 0.7709
Epoch 19/100 | Batch 13600/18922 | KD Loss: 5.1509 | Base Loss: 0.9206
Epoch 19/100 | Batch 13800/18922 | KD Loss: 4.8238 | Base Loss: 0.6168
Epoch 19/100 | Batch 14000/18922 | KD Loss: 5.2443 | Base Loss: 0.8295
Epoch 19/100 | Batch 14200/18922 | KD Loss: 4.6036 | Base Loss: 0.7088
Epoch 19/100 | Batch 14400/18922 | KD Loss: 5.1423 | Base Loss: 0.9471
Epoch 19/100 | Batch 14600/18922 | KD Loss: 4.9212 | Base Loss: 0.8853
Epoch 19/100 | Batch 14800/18922 | KD Loss: 5.3922 | Base Loss: 0.9427
Epoch 19/100 | Batch 15000/18922 | KD Loss: 4.7550 | Base Loss: 0.7012
Epoch 19/100 | Batch 15200/18922 | KD Loss: 4.8761 | Base Loss: 0.8727
Epoch 19/100 | Batch 15400/18922 | KD Loss: 4.8103 | Base Loss: 0.7934
Epoch 19/100 | Batch 15600/18922 | KD Loss: 4.9980 | Base Loss: 0.8005
Epoch 19/100 | Batch 15800/18922 | KD Loss: 5.1192 | Base Loss: 0.8375
Epoch 19/100 | Batch 16000/18922 | KD Loss: 4.9482 | Base Loss: 0.6601
Epoch 19/100 | Batch 16200/18922 | KD Loss: 5.0133 | Base Loss: 0.9382
Epoch 19/100 | Batch 16400/18922 | KD Loss: 5.3213 | Base Loss: 0.8387
Epoch 19/100 | Batch 16600/18922 | KD Loss: 4.6838 | Base Loss: 0.6834
Epoch 19/100 | Batch 16800/18922 | KD Loss: 4.9457 | Base Loss: 0.6206
Epoch 19/100 | Batch 17000/18922 | KD Loss: 5.1153 | Base Loss: 0.7764
Epoch 19/100 | Batch 17200/18922 | KD Loss: 4.9836 | Base Loss: 0.7980
Epoch 19/100 | Batch 17400/18922 | KD Loss: 4.6978 | Base Loss: 0.7664
Epoch 19/100 | Batch 17600/18922 | KD Loss: 4.8590 | Base Loss: 0.8638
Epoch 19/100 | Batch 17800/18922 | KD Loss: 5.1384 | Base Loss: 0.8150
Epoch 19/100 | Batch 18000/18922 | KD Loss: 5.0394 | Base Loss: 0.8180
Epoch 19/100 | Batch 18200/18922 | KD Loss: 5.1396 | Base Loss: 0.8956
Epoch 19/100 | Batch 18400/18922 | KD Loss: 4.8540 | Base Loss: 0.7550
Epoch 19/100 | Batch 18600/18922 | KD Loss: 5.0540 | Base Loss: 0.9504
Epoch 19/100 | Batch 18800/18922 | KD Loss: 4.7950 | Base Loss: 0.7394
====> Epoch 19 Average KD Loss: 4.9187 | LR: 0.000200
Epoch 20/100 | Batch 0/18922 | KD Loss: 4.8552 | Base Loss: 0.8588
Epoch 20/100 | Batch 200/18922 | KD Loss: 4.8797 | Base Loss: 0.8283
Epoch 20/100 | Batch 400/18922 | KD Loss: 4.9208 | Base Loss: 0.8825
Epoch 20/100 | Batch 600/18922 | KD Loss: 4.7567 | Base Loss: 0.6527
Epoch 20/100 | Batch 800/18922 | KD Loss: 4.7540 | Base Loss: 0.7232
Epoch 20/100 | Batch 1000/18922 | KD Loss: 4.8160 | Base Loss: 0.6592
Epoch 20/100 | Batch 1200/18922 | KD Loss: 4.7484 | Base Loss: 0.8602
Epoch 20/100 | Batch 1400/18922 | KD Loss: 5.0339 | Base Loss: 0.9541
Epoch 20/100 | Batch 1600/18922 | KD Loss: 4.8232 | Base Loss: 0.8738
Epoch 20/100 | Batch 1800/18922 | KD Loss: 4.7648 | Base Loss: 0.7442
Epoch 20/100 | Batch 2000/18922 | KD Loss: 4.8939 | Base Loss: 0.9157
Epoch 20/100 | Batch 2200/18922 | KD Loss: 4.6331 | Base Loss: 0.8056
Epoch 20/100 | Batch 2400/18922 | KD Loss: 4.8165 | Base Loss: 0.8418
Epoch 20/100 | Batch 2600/18922 | KD Loss: 4.8874 | Base Loss: 0.6628
Epoch 20/100 | Batch 2800/18922 | KD Loss: 5.1155 | Base Loss: 0.8636
Epoch 20/100 | Batch 3000/18922 | KD Loss: 4.7634 | Base Loss: 0.6359
Epoch 20/100 | Batch 3200/18922 | KD Loss: 5.1661 | Base Loss: 0.8834
Epoch 20/100 | Batch 3400/18922 | KD Loss: 4.7871 | Base Loss: 0.7235
Epoch 20/100 | Batch 3600/18922 | KD Loss: 5.3181 | Base Loss: 0.8740
Epoch 20/100 | Batch 3800/18922 | KD Loss: 5.2894 | Base Loss: 0.8986
Epoch 20/100 | Batch 4000/18922 | KD Loss: 4.9491 | Base Loss: 0.6915
Epoch 20/100 | Batch 4200/18922 | KD Loss: 4.8552 | Base Loss: 0.6977
Epoch 20/100 | Batch 4400/18922 | KD Loss: 4.7207 | Base Loss: 0.8284
Epoch 20/100 | Batch 4600/18922 | KD Loss: 4.7769 | Base Loss: 0.6975
Epoch 20/100 | Batch 4800/18922 | KD Loss: 4.7039 | Base Loss: 0.6461
Epoch 20/100 | Batch 5000/18922 | KD Loss: 4.7887 | Base Loss: 0.7426
Epoch 20/100 | Batch 5200/18922 | KD Loss: 5.0406 | Base Loss: 0.7322
Epoch 20/100 | Batch 5400/18922 | KD Loss: 5.1266 | Base Loss: 0.6997
Epoch 20/100 | Batch 5600/18922 | KD Loss: 4.7923 | Base Loss: 0.7823
Epoch 20/100 | Batch 5800/18922 | KD Loss: 4.9755 | Base Loss: 0.7248
Epoch 20/100 | Batch 6000/18922 | KD Loss: 4.7303 | Base Loss: 0.6049
Epoch 20/100 | Batch 6200/18922 | KD Loss: 5.1663 | Base Loss: 0.9888
Epoch 20/100 | Batch 6400/18922 | KD Loss: 4.6786 | Base Loss: 0.6704
Epoch 20/100 | Batch 6600/18922 | KD Loss: 4.8188 | Base Loss: 0.6931
Epoch 20/100 | Batch 6800/18922 | KD Loss: 4.9444 | Base Loss: 0.8845
Epoch 20/100 | Batch 7000/18922 | KD Loss: 5.0653 | Base Loss: 0.8091
Epoch 20/100 | Batch 7200/18922 | KD Loss: 4.9411 | Base Loss: 0.8592
Epoch 20/100 | Batch 7400/18922 | KD Loss: 4.8014 | Base Loss: 0.6753
Epoch 20/100 | Batch 7600/18922 | KD Loss: 4.7368 | Base Loss: 0.8202
Epoch 20/100 | Batch 7800/18922 | KD Loss: 4.9054 | Base Loss: 0.8505
Epoch 20/100 | Batch 8000/18922 | KD Loss: 4.7844 | Base Loss: 0.7798
Epoch 20/100 | Batch 8200/18922 | KD Loss: 4.9888 | Base Loss: 0.8231
Epoch 20/100 | Batch 8400/18922 | KD Loss: 5.0309 | Base Loss: 0.8905
Epoch 20/100 | Batch 8600/18922 | KD Loss: 4.8581 | Base Loss: 0.8478
Epoch 20/100 | Batch 8800/18922 | KD Loss: 4.9199 | Base Loss: 0.8255
Epoch 20/100 | Batch 9000/18922 | KD Loss: 4.6477 | Base Loss: 0.5501
Epoch 20/100 | Batch 9200/18922 | KD Loss: 4.7189 | Base Loss: 0.6900
Epoch 20/100 | Batch 9400/18922 | KD Loss: 5.1444 | Base Loss: 0.8215
Epoch 20/100 | Batch 9600/18922 | KD Loss: 5.0799 | Base Loss: 0.7505
Epoch 20/100 | Batch 9800/18922 | KD Loss: 5.0546 | Base Loss: 0.9734
Epoch 20/100 | Batch 10000/18922 | KD Loss: 4.7616 | Base Loss: 0.8291
Epoch 20/100 | Batch 10200/18922 | KD Loss: 4.9318 | Base Loss: 0.8136
Epoch 20/100 | Batch 10400/18922 | KD Loss: 4.7463 | Base Loss: 0.7085
Epoch 20/100 | Batch 10600/18922 | KD Loss: 5.2596 | Base Loss: 0.8269
Epoch 20/100 | Batch 10800/18922 | KD Loss: 4.9911 | Base Loss: 0.7684
Epoch 20/100 | Batch 11000/18922 | KD Loss: 4.9011 | Base Loss: 0.7617
Epoch 20/100 | Batch 11200/18922 | KD Loss: 5.0288 | Base Loss: 0.8701
Epoch 20/100 | Batch 11400/18922 | KD Loss: 4.7928 | Base Loss: 0.6584
Epoch 20/100 | Batch 11600/18922 | KD Loss: 4.9170 | Base Loss: 0.8695
Epoch 20/100 | Batch 11800/18922 | KD Loss: 4.8846 | Base Loss: 0.9252
Epoch 20/100 | Batch 12000/18922 | KD Loss: 5.0136 | Base Loss: 0.6458
Epoch 20/100 | Batch 12200/18922 | KD Loss: 5.0403 | Base Loss: 0.7959
Epoch 20/100 | Batch 12400/18922 | KD Loss: 5.0337 | Base Loss: 0.7844
Epoch 20/100 | Batch 12600/18922 | KD Loss: 4.8618 | Base Loss: 0.7767
Epoch 20/100 | Batch 12800/18922 | KD Loss: 5.0082 | Base Loss: 0.6757
Epoch 20/100 | Batch 13000/18922 | KD Loss: 4.8937 | Base Loss: 0.7145
Epoch 20/100 | Batch 13200/18922 | KD Loss: 5.2557 | Base Loss: 0.9163
Epoch 20/100 | Batch 13400/18922 | KD Loss: 4.9209 | Base Loss: 0.7968
Epoch 20/100 | Batch 13600/18922 | KD Loss: 4.8498 | Base Loss: 0.6497
Epoch 20/100 | Batch 13800/18922 | KD Loss: 4.9788 | Base Loss: 0.7170
Epoch 20/100 | Batch 14000/18922 | KD Loss: 4.9589 | Base Loss: 0.6739
Epoch 20/100 | Batch 14200/18922 | KD Loss: 5.0941 | Base Loss: 0.7108
Epoch 20/100 | Batch 14400/18922 | KD Loss: 4.7265 | Base Loss: 0.7830
Epoch 20/100 | Batch 14600/18922 | KD Loss: 4.7502 | Base Loss: 0.6718
Epoch 20/100 | Batch 14800/18922 | KD Loss: 5.1014 | Base Loss: 0.8314
Epoch 20/100 | Batch 15000/18922 | KD Loss: 4.8833 | Base Loss: 0.8258
Epoch 20/100 | Batch 15200/18922 | KD Loss: 4.9774 | Base Loss: 0.7521
Epoch 20/100 | Batch 15400/18922 | KD Loss: 5.3823 | Base Loss: 0.8217
Epoch 20/100 | Batch 15600/18922 | KD Loss: 5.1826 | Base Loss: 0.8372
Epoch 20/100 | Batch 15800/18922 | KD Loss: 5.0589 | Base Loss: 0.6972
Epoch 20/100 | Batch 16000/18922 | KD Loss: 5.0535 | Base Loss: 0.5962
Epoch 20/100 | Batch 16200/18922 | KD Loss: 4.9899 | Base Loss: 0.8232
Epoch 20/100 | Batch 16400/18922 | KD Loss: 4.6382 | Base Loss: 0.6594
Epoch 20/100 | Batch 16600/18922 | KD Loss: 5.0523 | Base Loss: 0.8225
Epoch 20/100 | Batch 16800/18922 | KD Loss: 4.7265 | Base Loss: 0.7330
Epoch 20/100 | Batch 17000/18922 | KD Loss: 4.8385 | Base Loss: 0.6722
Epoch 20/100 | Batch 17200/18922 | KD Loss: 4.6104 | Base Loss: 0.7895
Epoch 20/100 | Batch 17400/18922 | KD Loss: 4.6522 | Base Loss: 0.6354
Epoch 20/100 | Batch 17600/18922 | KD Loss: 5.1650 | Base Loss: 0.9981
Epoch 20/100 | Batch 17800/18922 | KD Loss: 5.0174 | Base Loss: 0.9579
Epoch 20/100 | Batch 18000/18922 | KD Loss: 5.1347 | Base Loss: 0.7401
Epoch 20/100 | Batch 18200/18922 | KD Loss: 4.9889 | Base Loss: 0.7631
Epoch 20/100 | Batch 18400/18922 | KD Loss: 4.8162 | Base Loss: 0.7155
Epoch 20/100 | Batch 18600/18922 | KD Loss: 5.0482 | Base Loss: 0.9058
Epoch 20/100 | Batch 18800/18922 | KD Loss: 4.9878 | Base Loss: 0.8368
====> Epoch 20 Average KD Loss: 4.9125 | LR: 0.000200
Epoch 21/100 | Batch 0/18922 | KD Loss: 5.0991 | Base Loss: 0.7575
Epoch 21/100 | Batch 200/18922 | KD Loss: 4.7446 | Base Loss: 0.7484
Epoch 21/100 | Batch 400/18922 | KD Loss: 4.6266 | Base Loss: 0.7640
Epoch 21/100 | Batch 600/18922 | KD Loss: 5.2877 | Base Loss: 0.9694
Epoch 21/100 | Batch 800/18922 | KD Loss: 4.4387 | Base Loss: 0.6094
Epoch 21/100 | Batch 1000/18922 | KD Loss: 5.0510 | Base Loss: 0.8867
Epoch 21/100 | Batch 1200/18922 | KD Loss: 4.7502 | Base Loss: 0.6785
Epoch 21/100 | Batch 1400/18922 | KD Loss: 4.8429 | Base Loss: 0.7138
Epoch 21/100 | Batch 1600/18922 | KD Loss: 5.3224 | Base Loss: 0.7607
Epoch 21/100 | Batch 1800/18922 | KD Loss: 4.9210 | Base Loss: 0.8316
Epoch 21/100 | Batch 2000/18922 | KD Loss: 4.8351 | Base Loss: 0.9237
Epoch 21/100 | Batch 2200/18922 | KD Loss: 4.9896 | Base Loss: 0.7975
Epoch 21/100 | Batch 2400/18922 | KD Loss: 4.6918 | Base Loss: 0.7620
Epoch 21/100 | Batch 2600/18922 | KD Loss: 4.9477 | Base Loss: 0.7600
Epoch 21/100 | Batch 2800/18922 | KD Loss: 5.0019 | Base Loss: 0.7671
Epoch 21/100 | Batch 3000/18922 | KD Loss: 5.1350 | Base Loss: 0.8436
Epoch 21/100 | Batch 3200/18922 | KD Loss: 4.7135 | Base Loss: 0.7314
Epoch 21/100 | Batch 3400/18922 | KD Loss: 4.9895 | Base Loss: 0.8591
Epoch 21/100 | Batch 3600/18922 | KD Loss: 4.9886 | Base Loss: 0.8409
Epoch 21/100 | Batch 3800/18922 | KD Loss: 5.0131 | Base Loss: 0.7879
Epoch 21/100 | Batch 4000/18922 | KD Loss: 5.0444 | Base Loss: 0.6834
Epoch 21/100 | Batch 4200/18922 | KD Loss: 5.0142 | Base Loss: 0.7495
Epoch 21/100 | Batch 4400/18922 | KD Loss: 4.6254 | Base Loss: 0.7854
Epoch 21/100 | Batch 4600/18922 | KD Loss: 4.7155 | Base Loss: 0.7099
Epoch 21/100 | Batch 4800/18922 | KD Loss: 4.7912 | Base Loss: 0.6783
Epoch 21/100 | Batch 5000/18922 | KD Loss: 4.9865 | Base Loss: 0.8692
Epoch 21/100 | Batch 5200/18922 | KD Loss: 4.9155 | Base Loss: 0.7967
Epoch 21/100 | Batch 5400/18922 | KD Loss: 5.0930 | Base Loss: 0.8096
Epoch 21/100 | Batch 5600/18922 | KD Loss: 5.2623 | Base Loss: 0.7892
Epoch 21/100 | Batch 5800/18922 | KD Loss: 5.0012 | Base Loss: 0.8379
Epoch 21/100 | Batch 6000/18922 | KD Loss: 4.7388 | Base Loss: 0.7797
Epoch 21/100 | Batch 6200/18922 | KD Loss: 4.7622 | Base Loss: 0.6919
Epoch 21/100 | Batch 6400/18922 | KD Loss: 5.1725 | Base Loss: 0.7596
Epoch 21/100 | Batch 6600/18922 | KD Loss: 4.8702 | Base Loss: 0.6125
Epoch 21/100 | Batch 6800/18922 | KD Loss: 4.9090 | Base Loss: 0.6492
Epoch 21/100 | Batch 7000/18922 | KD Loss: 4.4994 | Base Loss: 0.5612
Epoch 21/100 | Batch 7200/18922 | KD Loss: 4.6731 | Base Loss: 0.6872
Epoch 21/100 | Batch 7400/18922 | KD Loss: 4.5773 | Base Loss: 0.6793
Epoch 21/100 | Batch 7600/18922 | KD Loss: 5.0693 | Base Loss: 0.7926
Epoch 21/100 | Batch 7800/18922 | KD Loss: 4.7346 | Base Loss: 0.7657
Epoch 21/100 | Batch 8000/18922 | KD Loss: 5.0413 | Base Loss: 0.9073
Epoch 21/100 | Batch 8200/18922 | KD Loss: 4.8601 | Base Loss: 0.8263
Epoch 21/100 | Batch 8400/18922 | KD Loss: 5.1456 | Base Loss: 0.8508
Epoch 21/100 | Batch 8600/18922 | KD Loss: 4.5098 | Base Loss: 0.7177
Epoch 21/100 | Batch 8800/18922 | KD Loss: 4.6880 | Base Loss: 0.5449
Epoch 21/100 | Batch 9000/18922 | KD Loss: 4.9488 | Base Loss: 0.7113
Epoch 21/100 | Batch 9200/18922 | KD Loss: 4.4783 | Base Loss: 0.5228
Epoch 21/100 | Batch 9400/18922 | KD Loss: 4.7631 | Base Loss: 0.6935
Epoch 21/100 | Batch 9600/18922 | KD Loss: 4.8844 | Base Loss: 0.7133
Epoch 21/100 | Batch 9800/18922 | KD Loss: 5.1404 | Base Loss: 0.7624
Epoch 21/100 | Batch 10000/18922 | KD Loss: 4.9570 | Base Loss: 0.7875
Epoch 21/100 | Batch 10200/18922 | KD Loss: 4.7097 | Base Loss: 0.7228
Epoch 21/100 | Batch 10400/18922 | KD Loss: 5.2231 | Base Loss: 0.9659
Epoch 21/100 | Batch 10600/18922 | KD Loss: 4.9036 | Base Loss: 0.7651
Epoch 21/100 | Batch 10800/18922 | KD Loss: 4.7454 | Base Loss: 0.7686
Epoch 21/100 | Batch 11000/18922 | KD Loss: 4.8973 | Base Loss: 0.7908
Epoch 21/100 | Batch 11200/18922 | KD Loss: 4.7728 | Base Loss: 0.8520
Epoch 21/100 | Batch 11400/18922 | KD Loss: 5.0879 | Base Loss: 0.8191
Epoch 21/100 | Batch 11600/18922 | KD Loss: 5.0646 | Base Loss: 0.7553
Epoch 21/100 | Batch 11800/18922 | KD Loss: 5.1457 | Base Loss: 0.8671
Epoch 21/100 | Batch 12000/18922 | KD Loss: 4.7754 | Base Loss: 0.7495
Epoch 21/100 | Batch 12200/18922 | KD Loss: 4.9658 | Base Loss: 0.6451
Epoch 21/100 | Batch 12400/18922 | KD Loss: 4.8230 | Base Loss: 0.8317
Epoch 21/100 | Batch 12600/18922 | KD Loss: 4.8273 | Base Loss: 0.7526
Epoch 21/100 | Batch 12800/18922 | KD Loss: 4.9439 | Base Loss: 0.8252
Epoch 21/100 | Batch 13000/18922 | KD Loss: 4.6673 | Base Loss: 0.6554
Epoch 21/100 | Batch 13200/18922 | KD Loss: 4.5633 | Base Loss: 0.5844
Epoch 21/100 | Batch 13400/18922 | KD Loss: 4.4813 | Base Loss: 0.6264
Epoch 21/100 | Batch 13600/18922 | KD Loss: 4.6596 | Base Loss: 0.6066
Epoch 21/100 | Batch 13800/18922 | KD Loss: 4.7061 | Base Loss: 0.7224
Epoch 21/100 | Batch 14000/18922 | KD Loss: 4.8875 | Base Loss: 0.8533
Epoch 21/100 | Batch 14200/18922 | KD Loss: 4.5773 | Base Loss: 0.6695
Epoch 21/100 | Batch 14400/18922 | KD Loss: 4.7177 | Base Loss: 0.7273
Epoch 21/100 | Batch 14600/18922 | KD Loss: 5.0621 | Base Loss: 1.0155
Epoch 21/100 | Batch 14800/18922 | KD Loss: 4.7537 | Base Loss: 0.6752
Epoch 21/100 | Batch 15000/18922 | KD Loss: 4.7129 | Base Loss: 0.7310
Epoch 21/100 | Batch 15200/18922 | KD Loss: 5.1998 | Base Loss: 0.8495
Epoch 21/100 | Batch 15400/18922 | KD Loss: 4.6766 | Base Loss: 0.8326
Epoch 21/100 | Batch 15600/18922 | KD Loss: 5.2481 | Base Loss: 0.9552
Epoch 21/100 | Batch 15800/18922 | KD Loss: 4.9410 | Base Loss: 0.6928
Epoch 21/100 | Batch 16000/18922 | KD Loss: 4.9244 | Base Loss: 0.7806
Epoch 21/100 | Batch 16200/18922 | KD Loss: 4.8920 | Base Loss: 0.8250
Epoch 21/100 | Batch 16400/18922 | KD Loss: 4.7044 | Base Loss: 0.6797
Epoch 21/100 | Batch 16600/18922 | KD Loss: 5.0487 | Base Loss: 0.7474
Epoch 21/100 | Batch 16800/18922 | KD Loss: 4.7054 | Base Loss: 0.7387
Epoch 21/100 | Batch 17000/18922 | KD Loss: 4.8715 | Base Loss: 0.7208
Epoch 21/100 | Batch 17200/18922 | KD Loss: 5.1879 | Base Loss: 0.8773
Epoch 21/100 | Batch 17400/18922 | KD Loss: 4.7183 | Base Loss: 0.7733
Epoch 21/100 | Batch 17600/18922 | KD Loss: 5.0951 | Base Loss: 0.7717
Epoch 21/100 | Batch 17800/18922 | KD Loss: 5.1514 | Base Loss: 0.8745
Epoch 21/100 | Batch 18000/18922 | KD Loss: 4.7554 | Base Loss: 0.7947
Epoch 21/100 | Batch 18200/18922 | KD Loss: 4.8795 | Base Loss: 0.8322
Epoch 21/100 | Batch 18400/18922 | KD Loss: 4.8141 | Base Loss: 0.7090
Epoch 21/100 | Batch 18600/18922 | KD Loss: 5.0864 | Base Loss: 0.7699
Epoch 21/100 | Batch 18800/18922 | KD Loss: 4.8148 | Base Loss: 0.8099
====> Epoch 21 Average KD Loss: 4.9066 | LR: 0.000200
Epoch 22/100 | Batch 0/18922 | KD Loss: 5.2733 | Base Loss: 0.9338
Epoch 22/100 | Batch 200/18922 | KD Loss: 5.3048 | Base Loss: 0.9791
Epoch 22/100 | Batch 400/18922 | KD Loss: 5.2745 | Base Loss: 0.6801
Epoch 22/100 | Batch 600/18922 | KD Loss: 4.7897 | Base Loss: 0.8119
Epoch 22/100 | Batch 800/18922 | KD Loss: 4.7728 | Base Loss: 0.7184
Epoch 22/100 | Batch 1000/18922 | KD Loss: 4.6652 | Base Loss: 0.8433
Epoch 22/100 | Batch 1200/18922 | KD Loss: 5.4356 | Base Loss: 1.0690
Epoch 22/100 | Batch 1400/18922 | KD Loss: 4.8715 | Base Loss: 0.7927
Epoch 22/100 | Batch 1600/18922 | KD Loss: 4.9253 | Base Loss: 0.7755
Epoch 22/100 | Batch 1800/18922 | KD Loss: 5.1516 | Base Loss: 0.7476
Epoch 22/100 | Batch 2000/18922 | KD Loss: 5.1096 | Base Loss: 0.9063
Epoch 22/100 | Batch 2200/18922 | KD Loss: 5.3116 | Base Loss: 0.7887
Epoch 22/100 | Batch 2400/18922 | KD Loss: 4.7710 | Base Loss: 0.8644
Epoch 22/100 | Batch 2600/18922 | KD Loss: 4.9468 | Base Loss: 0.8868
Epoch 22/100 | Batch 2800/18922 | KD Loss: 4.5420 | Base Loss: 0.7189
Epoch 22/100 | Batch 3000/18922 | KD Loss: 4.9352 | Base Loss: 0.7425
Epoch 22/100 | Batch 3200/18922 | KD Loss: 4.8616 | Base Loss: 0.7651
Epoch 22/100 | Batch 3400/18922 | KD Loss: 5.1335 | Base Loss: 1.0281
Epoch 22/100 | Batch 3600/18922 | KD Loss: 4.8964 | Base Loss: 0.8103
Epoch 22/100 | Batch 3800/18922 | KD Loss: 5.2391 | Base Loss: 0.8765
Epoch 22/100 | Batch 4000/18922 | KD Loss: 5.0027 | Base Loss: 0.6708
Epoch 22/100 | Batch 4200/18922 | KD Loss: 5.4252 | Base Loss: 1.0079
Epoch 22/100 | Batch 4400/18922 | KD Loss: 4.9438 | Base Loss: 0.8169
Epoch 22/100 | Batch 4600/18922 | KD Loss: 4.8353 | Base Loss: 0.7824
Epoch 22/100 | Batch 4800/18922 | KD Loss: 4.8776 | Base Loss: 0.8968
Epoch 22/100 | Batch 5000/18922 | KD Loss: 4.6455 | Base Loss: 0.7146
Epoch 22/100 | Batch 5200/18922 | KD Loss: 4.4346 | Base Loss: 0.6041
Epoch 22/100 | Batch 5400/18922 | KD Loss: 4.7269 | Base Loss: 0.7076
Epoch 22/100 | Batch 5600/18922 | KD Loss: 4.8504 | Base Loss: 0.7741
Epoch 22/100 | Batch 5800/18922 | KD Loss: 4.6554 | Base Loss: 0.7180
Epoch 22/100 | Batch 6000/18922 | KD Loss: 4.7980 | Base Loss: 0.7036
Epoch 22/100 | Batch 6200/18922 | KD Loss: 4.7640 | Base Loss: 0.7037
Epoch 22/100 | Batch 6400/18922 | KD Loss: 4.9617 | Base Loss: 0.7445
Epoch 22/100 | Batch 6600/18922 | KD Loss: 4.6441 | Base Loss: 0.8661
Epoch 22/100 | Batch 6800/18922 | KD Loss: 4.7024 | Base Loss: 0.8409
Epoch 22/100 | Batch 7000/18922 | KD Loss: 5.3718 | Base Loss: 0.8298
Epoch 22/100 | Batch 7200/18922 | KD Loss: 4.9937 | Base Loss: 0.7637
Epoch 22/100 | Batch 7400/18922 | KD Loss: 4.5702 | Base Loss: 0.6182
Epoch 22/100 | Batch 7600/18922 | KD Loss: 5.0562 | Base Loss: 0.9671
Epoch 22/100 | Batch 7800/18922 | KD Loss: 4.8733 | Base Loss: 0.8694
Epoch 22/100 | Batch 8000/18922 | KD Loss: 5.0969 | Base Loss: 0.8706
Epoch 22/100 | Batch 8200/18922 | KD Loss: 4.8744 | Base Loss: 0.9152
Epoch 22/100 | Batch 8400/18922 | KD Loss: 5.0140 | Base Loss: 0.6901
Epoch 22/100 | Batch 8600/18922 | KD Loss: 4.5108 | Base Loss: 0.5979
Epoch 22/100 | Batch 8800/18922 | KD Loss: 4.6003 | Base Loss: 0.6298
Epoch 22/100 | Batch 9000/18922 | KD Loss: 5.0602 | Base Loss: 0.7031
Epoch 22/100 | Batch 9200/18922 | KD Loss: 4.8149 | Base Loss: 0.8596
Epoch 22/100 | Batch 9400/18922 | KD Loss: 4.7438 | Base Loss: 0.6906
Epoch 22/100 | Batch 9600/18922 | KD Loss: 4.8057 | Base Loss: 0.7002
Epoch 22/100 | Batch 9800/18922 | KD Loss: 4.9750 | Base Loss: 0.6640
Epoch 22/100 | Batch 10000/18922 | KD Loss: 5.0163 | Base Loss: 0.8512
Epoch 22/100 | Batch 10200/18922 | KD Loss: 4.7154 | Base Loss: 0.7795
Epoch 22/100 | Batch 10400/18922 | KD Loss: 4.7129 | Base Loss: 0.8160
Epoch 22/100 | Batch 10600/18922 | KD Loss: 4.7686 | Base Loss: 0.7702
Epoch 22/100 | Batch 10800/18922 | KD Loss: 4.6929 | Base Loss: 0.7503
Epoch 22/100 | Batch 11000/18922 | KD Loss: 5.0098 | Base Loss: 0.9569
Epoch 22/100 | Batch 11200/18922 | KD Loss: 4.9593 | Base Loss: 0.7243
Epoch 22/100 | Batch 11400/18922 | KD Loss: 5.2130 | Base Loss: 0.8897
Epoch 22/100 | Batch 11600/18922 | KD Loss: 5.0036 | Base Loss: 0.7814
Epoch 22/100 | Batch 11800/18922 | KD Loss: 4.5196 | Base Loss: 0.6314
Epoch 22/100 | Batch 12000/18922 | KD Loss: 4.6520 | Base Loss: 0.7421
Epoch 22/100 | Batch 12200/18922 | KD Loss: 4.6988 | Base Loss: 0.6358
Epoch 22/100 | Batch 12400/18922 | KD Loss: 4.8845 | Base Loss: 0.6881
Epoch 22/100 | Batch 12600/18922 | KD Loss: 4.8211 | Base Loss: 0.7213
Epoch 22/100 | Batch 12800/18922 | KD Loss: 4.9330 | Base Loss: 0.6716
Epoch 22/100 | Batch 13000/18922 | KD Loss: 5.0524 | Base Loss: 0.7877
Epoch 22/100 | Batch 13200/18922 | KD Loss: 4.8588 | Base Loss: 0.7881
Epoch 22/100 | Batch 13400/18922 | KD Loss: 4.9180 | Base Loss: 0.8088
Epoch 22/100 | Batch 13600/18922 | KD Loss: 5.1713 | Base Loss: 0.6990
Epoch 22/100 | Batch 13800/18922 | KD Loss: 4.8171 | Base Loss: 0.7076
Epoch 22/100 | Batch 14000/18922 | KD Loss: 4.7688 | Base Loss: 0.6492
Epoch 22/100 | Batch 14200/18922 | KD Loss: 4.5780 | Base Loss: 0.6658
Epoch 22/100 | Batch 14400/18922 | KD Loss: 4.9336 | Base Loss: 0.9165
Epoch 22/100 | Batch 14600/18922 | KD Loss: 5.0143 | Base Loss: 0.8569
Epoch 22/100 | Batch 14800/18922 | KD Loss: 4.6966 | Base Loss: 0.6364
Epoch 22/100 | Batch 15000/18922 | KD Loss: 4.8311 | Base Loss: 0.7020
Epoch 22/100 | Batch 15200/18922 | KD Loss: 5.0424 | Base Loss: 0.8431
Epoch 22/100 | Batch 15400/18922 | KD Loss: 4.9005 | Base Loss: 0.8091
Epoch 22/100 | Batch 15600/18922 | KD Loss: 5.1674 | Base Loss: 0.8954
Epoch 22/100 | Batch 15800/18922 | KD Loss: 4.9005 | Base Loss: 0.7374
Epoch 22/100 | Batch 16000/18922 | KD Loss: 5.1578 | Base Loss: 0.8953
Epoch 22/100 | Batch 16200/18922 | KD Loss: 4.8645 | Base Loss: 0.6269
Epoch 22/100 | Batch 16400/18922 | KD Loss: 4.7935 | Base Loss: 0.8008
Epoch 22/100 | Batch 16600/18922 | KD Loss: 4.9026 | Base Loss: 0.8280
Epoch 22/100 | Batch 16800/18922 | KD Loss: 5.1145 | Base Loss: 0.8132
Epoch 22/100 | Batch 17000/18922 | KD Loss: 4.8725 | Base Loss: 0.6473
Epoch 22/100 | Batch 17200/18922 | KD Loss: 4.8583 | Base Loss: 0.6516
Epoch 22/100 | Batch 17400/18922 | KD Loss: 5.0240 | Base Loss: 0.8280
Epoch 22/100 | Batch 17600/18922 | KD Loss: 5.1401 | Base Loss: 0.7582
Epoch 22/100 | Batch 17800/18922 | KD Loss: 5.0159 | Base Loss: 0.7943
Epoch 22/100 | Batch 18000/18922 | KD Loss: 4.6270 | Base Loss: 0.6459
Epoch 22/100 | Batch 18200/18922 | KD Loss: 5.0127 | Base Loss: 0.6973
Epoch 22/100 | Batch 18400/18922 | KD Loss: 5.5122 | Base Loss: 1.0004
Epoch 22/100 | Batch 18600/18922 | KD Loss: 4.7444 | Base Loss: 0.7088
Epoch 22/100 | Batch 18800/18922 | KD Loss: 4.6038 | Base Loss: 0.7895
====> Epoch 22 Average KD Loss: 4.9025 | LR: 0.000200
Epoch 23/100 | Batch 0/18922 | KD Loss: 4.8425 | Base Loss: 0.6724
Epoch 23/100 | Batch 200/18922 | KD Loss: 4.5226 | Base Loss: 0.6962
Epoch 23/100 | Batch 400/18922 | KD Loss: 5.0130 | Base Loss: 0.7479
Epoch 23/100 | Batch 600/18922 | KD Loss: 4.8653 | Base Loss: 0.7703
Epoch 23/100 | Batch 800/18922 | KD Loss: 4.9289 | Base Loss: 0.8143
Epoch 23/100 | Batch 1000/18922 | KD Loss: 4.8510 | Base Loss: 0.8671
Epoch 23/100 | Batch 1200/18922 | KD Loss: 4.7438 | Base Loss: 0.7767
Epoch 23/100 | Batch 1400/18922 | KD Loss: 4.9155 | Base Loss: 0.8584
Epoch 23/100 | Batch 1600/18922 | KD Loss: 4.7563 | Base Loss: 0.6210
Epoch 23/100 | Batch 1800/18922 | KD Loss: 4.9806 | Base Loss: 0.7383
Epoch 23/100 | Batch 2000/18922 | KD Loss: 4.7313 | Base Loss: 0.7872
Epoch 23/100 | Batch 2200/18922 | KD Loss: 4.9467 | Base Loss: 0.7173
Epoch 23/100 | Batch 2400/18922 | KD Loss: 4.7762 | Base Loss: 0.7781
Epoch 23/100 | Batch 2600/18922 | KD Loss: 4.9408 | Base Loss: 0.6862
Epoch 23/100 | Batch 2800/18922 | KD Loss: 4.6949 | Base Loss: 0.6256
Epoch 23/100 | Batch 3000/18922 | KD Loss: 5.0254 | Base Loss: 0.7697
Epoch 23/100 | Batch 3200/18922 | KD Loss: 4.5544 | Base Loss: 0.5106
Epoch 23/100 | Batch 3400/18922 | KD Loss: 4.8233 | Base Loss: 0.6894
Epoch 23/100 | Batch 3600/18922 | KD Loss: 5.0614 | Base Loss: 0.7435
Epoch 23/100 | Batch 3800/18922 | KD Loss: 4.7449 | Base Loss: 0.7701
Epoch 23/100 | Batch 4000/18922 | KD Loss: 4.9023 | Base Loss: 0.8006
Epoch 23/100 | Batch 4200/18922 | KD Loss: 4.8643 | Base Loss: 0.6436
Epoch 23/100 | Batch 4400/18922 | KD Loss: 5.1390 | Base Loss: 0.8894
Epoch 23/100 | Batch 4600/18922 | KD Loss: 4.8468 | Base Loss: 0.7860
Epoch 23/100 | Batch 4800/18922 | KD Loss: 4.9294 | Base Loss: 0.7656
Epoch 23/100 | Batch 5000/18922 | KD Loss: 5.0246 | Base Loss: 0.8907
Epoch 23/100 | Batch 5200/18922 | KD Loss: 4.7791 | Base Loss: 0.6686
Epoch 23/100 | Batch 5400/18922 | KD Loss: 4.8018 | Base Loss: 0.6352
Epoch 23/100 | Batch 5600/18922 | KD Loss: 4.9748 | Base Loss: 0.8747
Epoch 23/100 | Batch 5800/18922 | KD Loss: 5.0904 | Base Loss: 0.8822
Epoch 23/100 | Batch 6000/18922 | KD Loss: 4.4814 | Base Loss: 0.7191
Epoch 23/100 | Batch 6200/18922 | KD Loss: 5.0773 | Base Loss: 0.5937
Epoch 23/100 | Batch 6400/18922 | KD Loss: 4.4924 | Base Loss: 0.7212
Epoch 23/100 | Batch 6600/18922 | KD Loss: 4.8913 | Base Loss: 0.7586
Epoch 23/100 | Batch 6800/18922 | KD Loss: 4.7578 | Base Loss: 0.7789
Epoch 23/100 | Batch 7000/18922 | KD Loss: 5.3717 | Base Loss: 0.7522
Epoch 23/100 | Batch 7200/18922 | KD Loss: 4.8478 | Base Loss: 0.6625
Epoch 23/100 | Batch 7400/18922 | KD Loss: 4.6418 | Base Loss: 0.6793
Epoch 23/100 | Batch 7600/18922 | KD Loss: 4.9582 | Base Loss: 0.8764
Epoch 23/100 | Batch 7800/18922 | KD Loss: 4.9763 | Base Loss: 0.7485
Epoch 23/100 | Batch 8000/18922 | KD Loss: 5.0862 | Base Loss: 0.8453
Epoch 23/100 | Batch 8200/18922 | KD Loss: 5.1918 | Base Loss: 0.7820
Epoch 23/100 | Batch 8400/18922 | KD Loss: 5.3487 | Base Loss: 0.7657
Epoch 23/100 | Batch 8600/18922 | KD Loss: 4.6958 | Base Loss: 0.7285
Epoch 23/100 | Batch 8800/18922 | KD Loss: 5.2182 | Base Loss: 0.7727
Epoch 23/100 | Batch 9000/18922 | KD Loss: 4.9383 | Base Loss: 0.8789
Epoch 23/100 | Batch 9200/18922 | KD Loss: 4.9301 | Base Loss: 0.9459
Epoch 23/100 | Batch 9400/18922 | KD Loss: 4.8994 | Base Loss: 0.8514
Epoch 23/100 | Batch 9600/18922 | KD Loss: 5.0326 | Base Loss: 0.8174
Epoch 23/100 | Batch 9800/18922 | KD Loss: 5.1231 | Base Loss: 0.7460
Epoch 23/100 | Batch 10000/18922 | KD Loss: 4.8814 | Base Loss: 0.5778
Epoch 23/100 | Batch 10200/18922 | KD Loss: 4.8004 | Base Loss: 0.8229
Epoch 23/100 | Batch 10400/18922 | KD Loss: 5.2946 | Base Loss: 0.9437
Epoch 23/100 | Batch 10600/18922 | KD Loss: 5.1044 | Base Loss: 0.8477
Epoch 23/100 | Batch 10800/18922 | KD Loss: 5.0391 | Base Loss: 0.7955
Epoch 23/100 | Batch 11000/18922 | KD Loss: 4.8684 | Base Loss: 0.8701
Epoch 23/100 | Batch 11200/18922 | KD Loss: 4.9363 | Base Loss: 0.7807
Epoch 23/100 | Batch 11400/18922 | KD Loss: 4.6756 | Base Loss: 0.6786
Epoch 23/100 | Batch 11600/18922 | KD Loss: 4.7889 | Base Loss: 0.6793
Epoch 23/100 | Batch 11800/18922 | KD Loss: 4.7647 | Base Loss: 0.8503
Epoch 23/100 | Batch 12000/18922 | KD Loss: 4.5801 | Base Loss: 0.7049
Epoch 23/100 | Batch 12200/18922 | KD Loss: 4.4219 | Base Loss: 0.6233
Epoch 23/100 | Batch 12400/18922 | KD Loss: 4.8391 | Base Loss: 0.7700
Epoch 23/100 | Batch 12600/18922 | KD Loss: 4.8046 | Base Loss: 0.7837
Epoch 23/100 | Batch 12800/18922 | KD Loss: 4.7988 | Base Loss: 0.8800
Epoch 23/100 | Batch 13000/18922 | KD Loss: 5.0147 | Base Loss: 0.7592
Epoch 23/100 | Batch 13200/18922 | KD Loss: 5.1394 | Base Loss: 0.9098
Epoch 23/100 | Batch 13400/18922 | KD Loss: 4.9321 | Base Loss: 0.9574
Epoch 23/100 | Batch 13600/18922 | KD Loss: 4.7205 | Base Loss: 0.6761
Epoch 23/100 | Batch 13800/18922 | KD Loss: 4.9998 | Base Loss: 0.7189
Epoch 23/100 | Batch 14000/18922 | KD Loss: 4.8459 | Base Loss: 0.7702
Epoch 23/100 | Batch 14200/18922 | KD Loss: 5.1912 | Base Loss: 0.7142
Epoch 23/100 | Batch 14400/18922 | KD Loss: 4.9868 | Base Loss: 0.8434
Epoch 23/100 | Batch 14600/18922 | KD Loss: 4.8438 | Base Loss: 0.7506
Epoch 23/100 | Batch 14800/18922 | KD Loss: 4.7900 | Base Loss: 0.8208
Epoch 23/100 | Batch 15000/18922 | KD Loss: 5.2282 | Base Loss: 1.0287
Epoch 23/100 | Batch 15200/18922 | KD Loss: 4.7204 | Base Loss: 0.8342
Epoch 23/100 | Batch 15400/18922 | KD Loss: 5.0461 | Base Loss: 0.7650
Epoch 23/100 | Batch 15600/18922 | KD Loss: 5.3342 | Base Loss: 0.7802
Epoch 23/100 | Batch 15800/18922 | KD Loss: 4.5941 | Base Loss: 0.7518
Epoch 23/100 | Batch 16000/18922 | KD Loss: 5.0662 | Base Loss: 0.7819
Epoch 23/100 | Batch 16200/18922 | KD Loss: 4.9556 | Base Loss: 0.9288
Epoch 23/100 | Batch 16400/18922 | KD Loss: 4.8642 | Base Loss: 0.6570
Epoch 23/100 | Batch 16600/18922 | KD Loss: 4.9566 | Base Loss: 0.6756
Epoch 23/100 | Batch 16800/18922 | KD Loss: 4.9890 | Base Loss: 0.9181
Epoch 23/100 | Batch 17000/18922 | KD Loss: 4.7508 | Base Loss: 0.7245
Epoch 23/100 | Batch 17200/18922 | KD Loss: 4.9216 | Base Loss: 0.7546
Epoch 23/100 | Batch 17400/18922 | KD Loss: 4.8751 | Base Loss: 0.6895
Epoch 23/100 | Batch 17600/18922 | KD Loss: 5.1069 | Base Loss: 0.6327
Epoch 23/100 | Batch 17800/18922 | KD Loss: 4.6809 | Base Loss: 0.6942
Epoch 23/100 | Batch 18000/18922 | KD Loss: 4.8021 | Base Loss: 0.8088
Epoch 23/100 | Batch 18200/18922 | KD Loss: 5.0529 | Base Loss: 0.7151
Epoch 23/100 | Batch 18400/18922 | KD Loss: 5.2071 | Base Loss: 0.6948
Epoch 23/100 | Batch 18600/18922 | KD Loss: 4.7417 | Base Loss: 0.9233
Epoch 23/100 | Batch 18800/18922 | KD Loss: 5.0708 | Base Loss: 0.8558
====> Epoch 23 Average KD Loss: 4.8979 | LR: 0.000200
Epoch 24/100 | Batch 0/18922 | KD Loss: 4.7295 | Base Loss: 0.7220
Epoch 24/100 | Batch 200/18922 | KD Loss: 4.7239 | Base Loss: 0.8586
Epoch 24/100 | Batch 400/18922 | KD Loss: 4.7797 | Base Loss: 0.7591
Epoch 24/100 | Batch 600/18922 | KD Loss: 5.0466 | Base Loss: 0.8535
Epoch 24/100 | Batch 800/18922 | KD Loss: 4.7996 | Base Loss: 0.7915
Epoch 24/100 | Batch 1000/18922 | KD Loss: 4.6124 | Base Loss: 0.6502
Epoch 24/100 | Batch 1200/18922 | KD Loss: 5.4329 | Base Loss: 0.9957
Epoch 24/100 | Batch 1400/18922 | KD Loss: 4.6752 | Base Loss: 0.7807
Epoch 24/100 | Batch 1600/18922 | KD Loss: 4.5832 | Base Loss: 0.7633
Epoch 24/100 | Batch 1800/18922 | KD Loss: 4.8977 | Base Loss: 0.8047
Epoch 24/100 | Batch 2000/18922 | KD Loss: 4.8115 | Base Loss: 0.6427
Epoch 24/100 | Batch 2200/18922 | KD Loss: 4.6057 | Base Loss: 0.6031
Epoch 24/100 | Batch 2400/18922 | KD Loss: 4.9156 | Base Loss: 0.9116
Epoch 24/100 | Batch 2600/18922 | KD Loss: 4.9983 | Base Loss: 0.7054
Epoch 24/100 | Batch 2800/18922 | KD Loss: 4.8936 | Base Loss: 0.6199
Epoch 24/100 | Batch 3000/18922 | KD Loss: 5.2520 | Base Loss: 0.8086
Epoch 24/100 | Batch 3200/18922 | KD Loss: 4.9197 | Base Loss: 0.7371
Epoch 24/100 | Batch 3400/18922 | KD Loss: 4.5336 | Base Loss: 0.7405
Epoch 24/100 | Batch 3600/18922 | KD Loss: 4.9347 | Base Loss: 0.6818
Epoch 24/100 | Batch 3800/18922 | KD Loss: 5.1855 | Base Loss: 0.7505
Epoch 24/100 | Batch 4000/18922 | KD Loss: 4.7240 | Base Loss: 0.5547
Epoch 24/100 | Batch 4200/18922 | KD Loss: 5.0784 | Base Loss: 0.7873
Epoch 24/100 | Batch 4400/18922 | KD Loss: 4.9347 | Base Loss: 0.6963
Epoch 24/100 | Batch 4600/18922 | KD Loss: 4.9605 | Base Loss: 0.8022
Epoch 24/100 | Batch 4800/18922 | KD Loss: 4.8296 | Base Loss: 0.7495
Epoch 24/100 | Batch 5000/18922 | KD Loss: 5.2572 | Base Loss: 0.8453
Epoch 24/100 | Batch 5200/18922 | KD Loss: 5.0815 | Base Loss: 0.8792
Epoch 24/100 | Batch 5400/18922 | KD Loss: 4.8188 | Base Loss: 0.7534
Epoch 24/100 | Batch 5600/18922 | KD Loss: 5.4070 | Base Loss: 0.8263
Epoch 24/100 | Batch 5800/18922 | KD Loss: 4.8093 | Base Loss: 0.6190
Epoch 24/100 | Batch 6000/18922 | KD Loss: 4.7943 | Base Loss: 0.6544
Epoch 24/100 | Batch 6200/18922 | KD Loss: 4.9194 | Base Loss: 0.9091
Epoch 24/100 | Batch 6400/18922 | KD Loss: 5.0382 | Base Loss: 0.9011
Epoch 24/100 | Batch 6600/18922 | KD Loss: 4.8304 | Base Loss: 0.8125
Epoch 24/100 | Batch 6800/18922 | KD Loss: 4.8332 | Base Loss: 0.7563
Epoch 24/100 | Batch 7000/18922 | KD Loss: 4.7348 | Base Loss: 0.8481
Epoch 24/100 | Batch 7200/18922 | KD Loss: 5.0546 | Base Loss: 1.0216
Epoch 24/100 | Batch 7400/18922 | KD Loss: 4.9372 | Base Loss: 0.8248
Epoch 24/100 | Batch 7600/18922 | KD Loss: 4.9397 | Base Loss: 0.6297
Epoch 24/100 | Batch 7800/18922 | KD Loss: 4.7541 | Base Loss: 0.7712
Epoch 24/100 | Batch 8000/18922 | KD Loss: 5.1397 | Base Loss: 1.0916
Epoch 24/100 | Batch 8200/18922 | KD Loss: 4.9634 | Base Loss: 0.8832
Epoch 24/100 | Batch 8400/18922 | KD Loss: 4.8234 | Base Loss: 0.8066
Epoch 24/100 | Batch 8600/18922 | KD Loss: 4.5071 | Base Loss: 0.5692
Epoch 24/100 | Batch 8800/18922 | KD Loss: 4.6654 | Base Loss: 0.7424
Epoch 24/100 | Batch 9000/18922 | KD Loss: 5.1160 | Base Loss: 0.8393
Epoch 24/100 | Batch 9200/18922 | KD Loss: 4.8347 | Base Loss: 0.6213
Epoch 24/100 | Batch 9400/18922 | KD Loss: 5.1143 | Base Loss: 0.9367
Epoch 24/100 | Batch 9600/18922 | KD Loss: 5.1809 | Base Loss: 0.7980
Epoch 24/100 | Batch 9800/18922 | KD Loss: 5.2226 | Base Loss: 0.7967
Epoch 24/100 | Batch 10000/18922 | KD Loss: 4.8888 | Base Loss: 0.9374
Epoch 24/100 | Batch 10200/18922 | KD Loss: 4.8365 | Base Loss: 0.7547
Epoch 24/100 | Batch 10400/18922 | KD Loss: 4.9591 | Base Loss: 0.8850
Epoch 24/100 | Batch 10600/18922 | KD Loss: 4.9437 | Base Loss: 0.5659
Epoch 24/100 | Batch 10800/18922 | KD Loss: 5.1142 | Base Loss: 0.7388
Epoch 24/100 | Batch 11000/18922 | KD Loss: 4.9165 | Base Loss: 0.7347
Epoch 24/100 | Batch 11200/18922 | KD Loss: 5.2697 | Base Loss: 0.7295
Epoch 24/100 | Batch 11400/18922 | KD Loss: 4.8522 | Base Loss: 0.8028
Epoch 24/100 | Batch 11600/18922 | KD Loss: 4.6313 | Base Loss: 0.7976
Epoch 24/100 | Batch 11800/18922 | KD Loss: 5.1728 | Base Loss: 0.9368
Epoch 24/100 | Batch 12000/18922 | KD Loss: 5.0974 | Base Loss: 0.7164
Epoch 24/100 | Batch 12200/18922 | KD Loss: 5.1255 | Base Loss: 0.7519
Epoch 24/100 | Batch 12400/18922 | KD Loss: 4.7961 | Base Loss: 0.7895
Epoch 24/100 | Batch 12600/18922 | KD Loss: 5.0111 | Base Loss: 0.7601
Epoch 24/100 | Batch 12800/18922 | KD Loss: 4.9278 | Base Loss: 0.8038
Epoch 24/100 | Batch 13000/18922 | KD Loss: 4.9103 | Base Loss: 0.8425
Epoch 24/100 | Batch 13200/18922 | KD Loss: 4.7736 | Base Loss: 0.6433
Epoch 24/100 | Batch 13400/18922 | KD Loss: 5.3155 | Base Loss: 0.8085
Epoch 24/100 | Batch 13600/18922 | KD Loss: 4.9239 | Base Loss: 0.8635
Epoch 24/100 | Batch 13800/18922 | KD Loss: 4.8180 | Base Loss: 0.7887
Epoch 24/100 | Batch 14000/18922 | KD Loss: 4.8655 | Base Loss: 0.8942
Epoch 24/100 | Batch 14200/18922 | KD Loss: 4.7216 | Base Loss: 0.8026
Epoch 24/100 | Batch 14400/18922 | KD Loss: 5.4751 | Base Loss: 0.9972
Epoch 24/100 | Batch 14600/18922 | KD Loss: 5.0371 | Base Loss: 0.8488
Epoch 24/100 | Batch 14800/18922 | KD Loss: 4.6501 | Base Loss: 0.7871
Epoch 24/100 | Batch 15000/18922 | KD Loss: 4.8759 | Base Loss: 0.7988
Epoch 24/100 | Batch 15200/18922 | KD Loss: 5.0150 | Base Loss: 0.6845
Epoch 24/100 | Batch 15400/18922 | KD Loss: 4.6068 | Base Loss: 0.6272
Epoch 24/100 | Batch 15600/18922 | KD Loss: 4.6481 | Base Loss: 0.6660
Epoch 24/100 | Batch 15800/18922 | KD Loss: 4.7593 | Base Loss: 0.7222
Epoch 24/100 | Batch 16000/18922 | KD Loss: 5.0639 | Base Loss: 0.7597
Epoch 24/100 | Batch 16200/18922 | KD Loss: 4.8134 | Base Loss: 0.7108
Epoch 24/100 | Batch 16400/18922 | KD Loss: 4.6055 | Base Loss: 0.6423
Epoch 24/100 | Batch 16600/18922 | KD Loss: 4.6265 | Base Loss: 0.6648
Epoch 24/100 | Batch 16800/18922 | KD Loss: 5.0946 | Base Loss: 0.8613
Epoch 24/100 | Batch 17000/18922 | KD Loss: 5.1792 | Base Loss: 0.8312
Epoch 24/100 | Batch 17200/18922 | KD Loss: 4.5183 | Base Loss: 0.5997
Epoch 24/100 | Batch 17400/18922 | KD Loss: 4.7027 | Base Loss: 0.7435
Epoch 24/100 | Batch 17600/18922 | KD Loss: 5.0406 | Base Loss: 0.9789
Epoch 24/100 | Batch 17800/18922 | KD Loss: 4.7257 | Base Loss: 0.7539
Epoch 24/100 | Batch 18000/18922 | KD Loss: 4.9891 | Base Loss: 0.8056
Epoch 24/100 | Batch 18200/18922 | KD Loss: 4.9179 | Base Loss: 0.7122
Epoch 24/100 | Batch 18400/18922 | KD Loss: 5.0647 | Base Loss: 0.7803
Epoch 24/100 | Batch 18600/18922 | KD Loss: 5.1050 | Base Loss: 0.9943
Epoch 24/100 | Batch 18800/18922 | KD Loss: 4.5470 | Base Loss: 0.6462
====> Epoch 24 Average KD Loss: 4.8937 | LR: 0.000200
Epoch 25/100 | Batch 0/18922 | KD Loss: 4.9122 | Base Loss: 0.9173
Epoch 25/100 | Batch 200/18922 | KD Loss: 4.9986 | Base Loss: 0.8930
Epoch 25/100 | Batch 400/18922 | KD Loss: 4.9079 | Base Loss: 0.8317
Epoch 25/100 | Batch 600/18922 | KD Loss: 4.9366 | Base Loss: 0.7912
Epoch 25/100 | Batch 800/18922 | KD Loss: 4.9086 | Base Loss: 0.6184
Epoch 25/100 | Batch 1000/18922 | KD Loss: 4.6290 | Base Loss: 0.6481
Epoch 25/100 | Batch 1200/18922 | KD Loss: 4.4368 | Base Loss: 0.6596
Epoch 25/100 | Batch 1400/18922 | KD Loss: 4.8506 | Base Loss: 0.8051
Epoch 25/100 | Batch 1600/18922 | KD Loss: 4.6018 | Base Loss: 0.6441
Epoch 25/100 | Batch 1800/18922 | KD Loss: 4.5783 | Base Loss: 0.5456
Epoch 25/100 | Batch 2000/18922 | KD Loss: 4.8023 | Base Loss: 0.8267
Epoch 25/100 | Batch 2200/18922 | KD Loss: 5.1000 | Base Loss: 0.7853
Epoch 25/100 | Batch 2400/18922 | KD Loss: 5.0058 | Base Loss: 0.7164
Epoch 25/100 | Batch 2600/18922 | KD Loss: 4.9885 | Base Loss: 0.7673
Epoch 25/100 | Batch 2800/18922 | KD Loss: 4.7949 | Base Loss: 0.6547
Epoch 25/100 | Batch 3000/18922 | KD Loss: 4.6668 | Base Loss: 0.6590
Epoch 25/100 | Batch 3200/18922 | KD Loss: 4.6836 | Base Loss: 0.5991
Epoch 25/100 | Batch 3400/18922 | KD Loss: 4.5855 | Base Loss: 0.8052
Epoch 25/100 | Batch 3600/18922 | KD Loss: 4.9308 | Base Loss: 0.7667
Epoch 25/100 | Batch 3800/18922 | KD Loss: 4.3634 | Base Loss: 0.6487
Epoch 25/100 | Batch 4000/18922 | KD Loss: 4.8098 | Base Loss: 0.9397
Epoch 25/100 | Batch 4200/18922 | KD Loss: 4.8396 | Base Loss: 0.7310
Epoch 25/100 | Batch 4400/18922 | KD Loss: 4.9168 | Base Loss: 0.7764
Epoch 25/100 | Batch 4600/18922 | KD Loss: 4.6181 | Base Loss: 0.7196
Epoch 25/100 | Batch 4800/18922 | KD Loss: 5.2421 | Base Loss: 0.8281
Epoch 25/100 | Batch 5000/18922 | KD Loss: 4.8940 | Base Loss: 0.8332
Epoch 25/100 | Batch 5200/18922 | KD Loss: 4.7918 | Base Loss: 0.6960
Epoch 25/100 | Batch 5400/18922 | KD Loss: 4.7577 | Base Loss: 0.7532
Epoch 25/100 | Batch 5600/18922 | KD Loss: 4.7377 | Base Loss: 0.7587
Epoch 25/100 | Batch 5800/18922 | KD Loss: 4.6938 | Base Loss: 0.7329
Epoch 25/100 | Batch 6000/18922 | KD Loss: 4.7119 | Base Loss: 0.6342
Epoch 25/100 | Batch 6200/18922 | KD Loss: 4.7823 | Base Loss: 0.6708
Epoch 25/100 | Batch 6400/18922 | KD Loss: 5.1532 | Base Loss: 0.8565
Epoch 25/100 | Batch 6600/18922 | KD Loss: 4.7664 | Base Loss: 0.6970
Epoch 25/100 | Batch 6800/18922 | KD Loss: 5.1622 | Base Loss: 0.7598
Epoch 25/100 | Batch 7000/18922 | KD Loss: 4.7776 | Base Loss: 0.9237
Epoch 25/100 | Batch 7200/18922 | KD Loss: 4.8725 | Base Loss: 0.6947
Epoch 25/100 | Batch 7400/18922 | KD Loss: 4.7200 | Base Loss: 0.8667
Epoch 25/100 | Batch 7600/18922 | KD Loss: 4.9113 | Base Loss: 0.8622
Epoch 25/100 | Batch 7800/18922 | KD Loss: 5.0911 | Base Loss: 0.6971
Epoch 25/100 | Batch 8000/18922 | KD Loss: 4.6836 | Base Loss: 0.6726
Epoch 25/100 | Batch 8200/18922 | KD Loss: 4.8070 | Base Loss: 0.6761
Epoch 25/100 | Batch 8400/18922 | KD Loss: 4.6633 | Base Loss: 0.6730
Epoch 25/100 | Batch 8600/18922 | KD Loss: 5.0176 | Base Loss: 0.8604
Epoch 25/100 | Batch 8800/18922 | KD Loss: 5.1496 | Base Loss: 0.7191
Epoch 25/100 | Batch 9000/18922 | KD Loss: 4.8838 | Base Loss: 0.8863
Epoch 25/100 | Batch 9200/18922 | KD Loss: 4.6429 | Base Loss: 0.6477
Epoch 25/100 | Batch 9400/18922 | KD Loss: 5.1192 | Base Loss: 0.7443
Epoch 25/100 | Batch 9600/18922 | KD Loss: 4.7815 | Base Loss: 0.7376
Epoch 25/100 | Batch 9800/18922 | KD Loss: 4.8904 | Base Loss: 0.8318
Epoch 25/100 | Batch 10000/18922 | KD Loss: 4.7959 | Base Loss: 0.6437
Epoch 25/100 | Batch 10200/18922 | KD Loss: 4.8716 | Base Loss: 0.6676
Epoch 25/100 | Batch 10400/18922 | KD Loss: 4.7513 | Base Loss: 0.6860
Epoch 25/100 | Batch 10600/18922 | KD Loss: 4.5985 | Base Loss: 0.7400
Epoch 25/100 | Batch 10800/18922 | KD Loss: 4.8554 | Base Loss: 0.9115
Epoch 25/100 | Batch 11000/18922 | KD Loss: 5.1588 | Base Loss: 0.8369
Epoch 25/100 | Batch 11200/18922 | KD Loss: 4.7979 | Base Loss: 0.6559
Epoch 25/100 | Batch 11400/18922 | KD Loss: 4.7342 | Base Loss: 0.8238
Epoch 25/100 | Batch 11600/18922 | KD Loss: 4.9992 | Base Loss: 0.6537
Epoch 25/100 | Batch 11800/18922 | KD Loss: 4.4954 | Base Loss: 0.5800
Epoch 25/100 | Batch 12000/18922 | KD Loss: 4.7573 | Base Loss: 0.7705
Epoch 25/100 | Batch 12200/18922 | KD Loss: 4.6943 | Base Loss: 0.6432
Epoch 25/100 | Batch 12400/18922 | KD Loss: 4.9968 | Base Loss: 0.8918
Epoch 25/100 | Batch 12600/18922 | KD Loss: 5.0638 | Base Loss: 0.8467
Epoch 25/100 | Batch 12800/18922 | KD Loss: 5.0179 | Base Loss: 0.8273
Epoch 25/100 | Batch 13000/18922 | KD Loss: 4.6489 | Base Loss: 0.6303
Epoch 25/100 | Batch 13200/18922 | KD Loss: 4.9839 | Base Loss: 0.7846
Epoch 25/100 | Batch 13400/18922 | KD Loss: 4.8195 | Base Loss: 0.7623
Epoch 25/100 | Batch 13600/18922 | KD Loss: 4.7985 | Base Loss: 0.6417
Epoch 25/100 | Batch 13800/18922 | KD Loss: 5.0156 | Base Loss: 0.7355
Epoch 25/100 | Batch 14000/18922 | KD Loss: 4.9198 | Base Loss: 0.7993
Epoch 25/100 | Batch 14200/18922 | KD Loss: 4.7988 | Base Loss: 0.7308
Epoch 25/100 | Batch 14400/18922 | KD Loss: 4.6686 | Base Loss: 0.6213
Epoch 25/100 | Batch 14600/18922 | KD Loss: 5.0213 | Base Loss: 0.8024
Epoch 25/100 | Batch 14800/18922 | KD Loss: 4.6875 | Base Loss: 0.6801
Epoch 25/100 | Batch 15000/18922 | KD Loss: 5.1072 | Base Loss: 0.9097
Epoch 25/100 | Batch 15200/18922 | KD Loss: 4.9013 | Base Loss: 0.8351
Epoch 25/100 | Batch 15400/18922 | KD Loss: 4.7223 | Base Loss: 0.7441
Epoch 25/100 | Batch 15600/18922 | KD Loss: 4.7266 | Base Loss: 0.7453
Epoch 25/100 | Batch 15800/18922 | KD Loss: 4.6683 | Base Loss: 0.5512
Epoch 25/100 | Batch 16000/18922 | KD Loss: 4.9725 | Base Loss: 0.7853
Epoch 25/100 | Batch 16200/18922 | KD Loss: 5.0437 | Base Loss: 0.9896
Epoch 25/100 | Batch 16400/18922 | KD Loss: 4.9525 | Base Loss: 0.8931
Epoch 25/100 | Batch 16600/18922 | KD Loss: 4.9184 | Base Loss: 0.7331
Epoch 25/100 | Batch 16800/18922 | KD Loss: 5.0907 | Base Loss: 0.8361
Epoch 25/100 | Batch 17000/18922 | KD Loss: 4.8612 | Base Loss: 0.8706
Epoch 25/100 | Batch 17200/18922 | KD Loss: 5.0954 | Base Loss: 0.9335
Epoch 25/100 | Batch 17400/18922 | KD Loss: 4.7848 | Base Loss: 0.7838
Epoch 25/100 | Batch 17600/18922 | KD Loss: 5.3109 | Base Loss: 0.9353
Epoch 25/100 | Batch 17800/18922 | KD Loss: 4.9657 | Base Loss: 0.7393
Epoch 25/100 | Batch 18000/18922 | KD Loss: 5.0888 | Base Loss: 0.7537
Epoch 25/100 | Batch 18200/18922 | KD Loss: 5.1746 | Base Loss: 0.8291
Epoch 25/100 | Batch 18400/18922 | KD Loss: 4.6984 | Base Loss: 0.8255
Epoch 25/100 | Batch 18600/18922 | KD Loss: 5.3931 | Base Loss: 1.1861
Epoch 25/100 | Batch 18800/18922 | KD Loss: 4.9395 | Base Loss: 0.7137
====> Epoch 25 Average KD Loss: 4.8906 | LR: 0.000200
Epoch 26/100 | Batch 0/18922 | KD Loss: 4.8150 | Base Loss: 0.7817
Epoch 26/100 | Batch 200/18922 | KD Loss: 4.9745 | Base Loss: 0.8459
Epoch 26/100 | Batch 400/18922 | KD Loss: 5.1644 | Base Loss: 0.8911
Epoch 26/100 | Batch 600/18922 | KD Loss: 4.7998 | Base Loss: 0.7819
Epoch 26/100 | Batch 800/18922 | KD Loss: 4.8748 | Base Loss: 0.7149
Epoch 26/100 | Batch 1000/18922 | KD Loss: 4.7859 | Base Loss: 0.7398
Epoch 26/100 | Batch 1200/18922 | KD Loss: 5.1909 | Base Loss: 0.7725
Epoch 26/100 | Batch 1400/18922 | KD Loss: 4.6590 | Base Loss: 0.7887
Epoch 26/100 | Batch 1600/18922 | KD Loss: 4.8262 | Base Loss: 0.7307
Epoch 26/100 | Batch 1800/18922 | KD Loss: 4.9631 | Base Loss: 0.6388
Epoch 26/100 | Batch 2000/18922 | KD Loss: 4.7844 | Base Loss: 0.7932
Epoch 26/100 | Batch 2200/18922 | KD Loss: 4.8437 | Base Loss: 0.8132
Epoch 26/100 | Batch 2400/18922 | KD Loss: 5.0138 | Base Loss: 0.9410
Epoch 26/100 | Batch 2600/18922 | KD Loss: 4.7561 | Base Loss: 0.7861
Epoch 26/100 | Batch 2800/18922 | KD Loss: 4.8289 | Base Loss: 0.7892
Epoch 26/100 | Batch 3000/18922 | KD Loss: 5.3920 | Base Loss: 0.9721
Epoch 26/100 | Batch 3200/18922 | KD Loss: 4.7985 | Base Loss: 0.8088
Epoch 26/100 | Batch 3400/18922 | KD Loss: 4.8449 | Base Loss: 0.7598
Epoch 26/100 | Batch 3600/18922 | KD Loss: 4.9701 | Base Loss: 0.6988
Epoch 26/100 | Batch 3800/18922 | KD Loss: 5.1668 | Base Loss: 0.7513
Epoch 26/100 | Batch 4000/18922 | KD Loss: 4.5779 | Base Loss: 0.6568
Epoch 26/100 | Batch 4200/18922 | KD Loss: 4.5781 | Base Loss: 0.6751
Epoch 26/100 | Batch 4400/18922 | KD Loss: 5.0223 | Base Loss: 0.9590
Epoch 26/100 | Batch 4600/18922 | KD Loss: 4.9667 | Base Loss: 0.7936
Epoch 26/100 | Batch 4800/18922 | KD Loss: 4.7777 | Base Loss: 0.7094
Epoch 26/100 | Batch 5000/18922 | KD Loss: 4.9179 | Base Loss: 0.7944
Epoch 26/100 | Batch 5200/18922 | KD Loss: 4.8457 | Base Loss: 0.8025
Epoch 26/100 | Batch 5400/18922 | KD Loss: 4.9575 | Base Loss: 0.7103
Epoch 26/100 | Batch 5600/18922 | KD Loss: 5.1263 | Base Loss: 0.8192
Epoch 26/100 | Batch 5800/18922 | KD Loss: 4.7574 | Base Loss: 0.8905
Epoch 26/100 | Batch 6000/18922 | KD Loss: 4.8916 | Base Loss: 0.8019
Epoch 26/100 | Batch 6200/18922 | KD Loss: 5.0657 | Base Loss: 0.7755
Epoch 26/100 | Batch 6400/18922 | KD Loss: 5.0282 | Base Loss: 0.8689
Epoch 26/100 | Batch 6600/18922 | KD Loss: 4.8243 | Base Loss: 0.8241
Epoch 26/100 | Batch 6800/18922 | KD Loss: 4.8382 | Base Loss: 0.7672
Epoch 26/100 | Batch 7000/18922 | KD Loss: 4.8466 | Base Loss: 0.7433
Epoch 26/100 | Batch 7200/18922 | KD Loss: 4.7112 | Base Loss: 0.7212
Epoch 26/100 | Batch 7400/18922 | KD Loss: 4.7707 | Base Loss: 0.6099
Epoch 26/100 | Batch 7600/18922 | KD Loss: 5.0608 | Base Loss: 0.7611
Epoch 26/100 | Batch 7800/18922 | KD Loss: 4.7251 | Base Loss: 0.8485
Epoch 26/100 | Batch 8000/18922 | KD Loss: 4.9985 | Base Loss: 1.0128
Epoch 26/100 | Batch 8200/18922 | KD Loss: 4.9410 | Base Loss: 0.7086
Epoch 26/100 | Batch 8400/18922 | KD Loss: 4.7436 | Base Loss: 0.6093
Epoch 26/100 | Batch 8600/18922 | KD Loss: 4.7638 | Base Loss: 0.7289
Epoch 26/100 | Batch 8800/18922 | KD Loss: 4.9676 | Base Loss: 0.7343
Epoch 26/100 | Batch 9000/18922 | KD Loss: 4.9614 | Base Loss: 0.7469
Epoch 26/100 | Batch 9200/18922 | KD Loss: 5.5092 | Base Loss: 1.1179
Epoch 26/100 | Batch 9400/18922 | KD Loss: 5.1656 | Base Loss: 0.8740
Epoch 26/100 | Batch 9600/18922 | KD Loss: 5.0008 | Base Loss: 0.7316
Epoch 26/100 | Batch 9800/18922 | KD Loss: 4.5763 | Base Loss: 0.7640
Epoch 26/100 | Batch 10000/18922 | KD Loss: 4.8571 | Base Loss: 0.6839
Epoch 26/100 | Batch 10200/18922 | KD Loss: 4.8347 | Base Loss: 0.7444
Epoch 26/100 | Batch 10400/18922 | KD Loss: 4.8802 | Base Loss: 0.8025
Epoch 26/100 | Batch 10600/18922 | KD Loss: 4.6785 | Base Loss: 0.6578
Epoch 26/100 | Batch 10800/18922 | KD Loss: 5.1387 | Base Loss: 0.8046
Epoch 26/100 | Batch 11000/18922 | KD Loss: 4.8257 | Base Loss: 0.7399
Epoch 26/100 | Batch 11200/18922 | KD Loss: 4.4507 | Base Loss: 0.7432
Epoch 26/100 | Batch 11400/18922 | KD Loss: 4.9747 | Base Loss: 0.8335
Epoch 26/100 | Batch 11600/18922 | KD Loss: 4.6092 | Base Loss: 0.9119
Epoch 26/100 | Batch 11800/18922 | KD Loss: 5.1623 | Base Loss: 0.9325
Epoch 26/100 | Batch 12000/18922 | KD Loss: 4.9698 | Base Loss: 0.9650
Epoch 26/100 | Batch 12200/18922 | KD Loss: 5.1720 | Base Loss: 0.8806
Epoch 26/100 | Batch 12400/18922 | KD Loss: 4.7375 | Base Loss: 0.6456
Epoch 26/100 | Batch 12600/18922 | KD Loss: 4.9266 | Base Loss: 0.7827
Epoch 26/100 | Batch 12800/18922 | KD Loss: 4.9981 | Base Loss: 0.8944
Epoch 26/100 | Batch 13000/18922 | KD Loss: 4.6328 | Base Loss: 0.5705
Epoch 26/100 | Batch 13200/18922 | KD Loss: 4.9345 | Base Loss: 0.8334
Epoch 26/100 | Batch 13400/18922 | KD Loss: 4.8234 | Base Loss: 0.7542
Epoch 26/100 | Batch 13600/18922 | KD Loss: 4.7966 | Base Loss: 0.8464
Epoch 26/100 | Batch 13800/18922 | KD Loss: 5.0358 | Base Loss: 0.9345
Epoch 26/100 | Batch 14000/18922 | KD Loss: 4.9897 | Base Loss: 0.7616
Epoch 26/100 | Batch 14200/18922 | KD Loss: 4.6083 | Base Loss: 0.6954
Epoch 26/100 | Batch 14400/18922 | KD Loss: 4.7480 | Base Loss: 0.8314
Epoch 26/100 | Batch 14600/18922 | KD Loss: 4.3983 | Base Loss: 0.6301
Epoch 26/100 | Batch 14800/18922 | KD Loss: 5.0458 | Base Loss: 0.6483
Epoch 26/100 | Batch 15000/18922 | KD Loss: 5.3355 | Base Loss: 0.7808
Epoch 26/100 | Batch 15200/18922 | KD Loss: 4.6860 | Base Loss: 0.7435
Epoch 26/100 | Batch 15400/18922 | KD Loss: 4.8121 | Base Loss: 0.6812
Epoch 26/100 | Batch 15600/18922 | KD Loss: 4.8035 | Base Loss: 0.8759
Epoch 26/100 | Batch 15800/18922 | KD Loss: 4.6584 | Base Loss: 0.7038
Epoch 26/100 | Batch 16000/18922 | KD Loss: 5.0615 | Base Loss: 0.8596
Epoch 26/100 | Batch 16200/18922 | KD Loss: 4.8574 | Base Loss: 0.8620
Epoch 26/100 | Batch 16400/18922 | KD Loss: 4.6652 | Base Loss: 0.6384
Epoch 26/100 | Batch 16600/18922 | KD Loss: 5.0076 | Base Loss: 0.7364
Epoch 26/100 | Batch 16800/18922 | KD Loss: 5.1723 | Base Loss: 0.7776
Epoch 26/100 | Batch 17000/18922 | KD Loss: 4.8470 | Base Loss: 0.6623
Epoch 26/100 | Batch 17200/18922 | KD Loss: 4.9002 | Base Loss: 0.7669
Epoch 26/100 | Batch 17400/18922 | KD Loss: 4.9582 | Base Loss: 0.9437
Epoch 26/100 | Batch 17600/18922 | KD Loss: 4.9595 | Base Loss: 0.7983
Epoch 26/100 | Batch 17800/18922 | KD Loss: 4.7360 | Base Loss: 0.7258
Epoch 26/100 | Batch 18000/18922 | KD Loss: 4.4948 | Base Loss: 0.6956
Epoch 26/100 | Batch 18200/18922 | KD Loss: 4.8755 | Base Loss: 0.7279
Epoch 26/100 | Batch 18400/18922 | KD Loss: 4.6991 | Base Loss: 0.7529
Epoch 26/100 | Batch 18600/18922 | KD Loss: 5.3186 | Base Loss: 1.0567
Epoch 26/100 | Batch 18800/18922 | KD Loss: 5.0555 | Base Loss: 0.8975
====> Epoch 26 Average KD Loss: 4.8851 | LR: 0.000200
Epoch 27/100 | Batch 0/18922 | KD Loss: 4.5240 | Base Loss: 0.6863
Epoch 27/100 | Batch 200/18922 | KD Loss: 4.7824 | Base Loss: 0.7607
Epoch 27/100 | Batch 400/18922 | KD Loss: 4.7294 | Base Loss: 0.7409
Epoch 27/100 | Batch 600/18922 | KD Loss: 4.8486 | Base Loss: 0.8365
Epoch 27/100 | Batch 800/18922 | KD Loss: 5.4191 | Base Loss: 0.8375
Epoch 27/100 | Batch 1000/18922 | KD Loss: 4.6049 | Base Loss: 0.5912
Epoch 27/100 | Batch 1200/18922 | KD Loss: 5.2530 | Base Loss: 1.0021
Epoch 27/100 | Batch 1400/18922 | KD Loss: 4.6010 | Base Loss: 0.7656
Epoch 27/100 | Batch 1600/18922 | KD Loss: 4.6404 | Base Loss: 0.7029
Epoch 27/100 | Batch 1800/18922 | KD Loss: 4.7798 | Base Loss: 0.7010
Epoch 27/100 | Batch 2000/18922 | KD Loss: 4.7313 | Base Loss: 0.7891
Epoch 27/100 | Batch 2200/18922 | KD Loss: 5.0512 | Base Loss: 0.7677
Epoch 27/100 | Batch 2400/18922 | KD Loss: 5.0918 | Base Loss: 0.7635
Epoch 27/100 | Batch 2600/18922 | KD Loss: 4.8548 | Base Loss: 0.6740
Epoch 27/100 | Batch 2800/18922 | KD Loss: 4.8786 | Base Loss: 0.8666
Epoch 27/100 | Batch 3000/18922 | KD Loss: 4.9820 | Base Loss: 0.6504
Epoch 27/100 | Batch 3200/18922 | KD Loss: 5.1495 | Base Loss: 0.8943
Epoch 27/100 | Batch 3400/18922 | KD Loss: 4.7373 | Base Loss: 0.8559
Epoch 27/100 | Batch 3600/18922 | KD Loss: 4.8306 | Base Loss: 0.7556
Epoch 27/100 | Batch 3800/18922 | KD Loss: 4.8312 | Base Loss: 0.7723
Epoch 27/100 | Batch 4000/18922 | KD Loss: 4.4111 | Base Loss: 0.7274
Epoch 27/100 | Batch 4200/18922 | KD Loss: 5.2968 | Base Loss: 0.9429
Epoch 27/100 | Batch 4400/18922 | KD Loss: 4.8937 | Base Loss: 0.9032
Epoch 27/100 | Batch 4600/18922 | KD Loss: 4.9534 | Base Loss: 0.8400
Epoch 27/100 | Batch 4800/18922 | KD Loss: 5.0563 | Base Loss: 0.7356
Epoch 27/100 | Batch 5000/18922 | KD Loss: 4.7777 | Base Loss: 0.7395
Epoch 27/100 | Batch 5200/18922 | KD Loss: 4.8052 | Base Loss: 0.9427
Epoch 27/100 | Batch 5400/18922 | KD Loss: 5.1725 | Base Loss: 0.8754
Epoch 27/100 | Batch 5600/18922 | KD Loss: 4.6624 | Base Loss: 0.7479
Epoch 27/100 | Batch 5800/18922 | KD Loss: 4.7110 | Base Loss: 0.6227
Epoch 27/100 | Batch 6000/18922 | KD Loss: 4.4982 | Base Loss: 0.6422
Epoch 27/100 | Batch 6200/18922 | KD Loss: 5.0443 | Base Loss: 0.8706
Epoch 27/100 | Batch 6400/18922 | KD Loss: 5.2626 | Base Loss: 0.7449
Epoch 27/100 | Batch 6600/18922 | KD Loss: 4.9404 | Base Loss: 0.7491
Epoch 27/100 | Batch 6800/18922 | KD Loss: 5.0856 | Base Loss: 0.8428
Epoch 27/100 | Batch 7000/18922 | KD Loss: 4.4801 | Base Loss: 0.5512
Epoch 27/100 | Batch 7200/18922 | KD Loss: 4.7487 | Base Loss: 0.6179
Epoch 27/100 | Batch 7400/18922 | KD Loss: 4.8040 | Base Loss: 0.8351
Epoch 27/100 | Batch 7600/18922 | KD Loss: 4.6582 | Base Loss: 0.7073
Epoch 27/100 | Batch 7800/18922 | KD Loss: 4.6033 | Base Loss: 0.6596
Epoch 27/100 | Batch 8000/18922 | KD Loss: 4.9135 | Base Loss: 0.6279
Epoch 27/100 | Batch 8200/18922 | KD Loss: 5.1808 | Base Loss: 1.0607
Epoch 27/100 | Batch 8400/18922 | KD Loss: 4.9632 | Base Loss: 0.6094
Epoch 27/100 | Batch 8600/18922 | KD Loss: 4.6872 | Base Loss: 0.7422
Epoch 27/100 | Batch 8800/18922 | KD Loss: 4.7691 | Base Loss: 0.7645
Epoch 27/100 | Batch 9000/18922 | KD Loss: 4.7305 | Base Loss: 0.6495
Epoch 27/100 | Batch 9200/18922 | KD Loss: 4.4112 | Base Loss: 0.6980
Epoch 27/100 | Batch 9400/18922 | KD Loss: 4.6008 | Base Loss: 0.6645
Epoch 27/100 | Batch 9600/18922 | KD Loss: 5.0277 | Base Loss: 0.9433
Epoch 27/100 | Batch 9800/18922 | KD Loss: 5.2070 | Base Loss: 0.8118
Epoch 27/100 | Batch 10000/18922 | KD Loss: 4.6799 | Base Loss: 0.6638
Epoch 27/100 | Batch 10200/18922 | KD Loss: 4.7923 | Base Loss: 0.7753
Epoch 27/100 | Batch 10400/18922 | KD Loss: 5.0082 | Base Loss: 0.7824
Epoch 27/100 | Batch 10600/18922 | KD Loss: 4.9005 | Base Loss: 0.8016
Epoch 27/100 | Batch 10800/18922 | KD Loss: 4.6934 | Base Loss: 0.5366
Epoch 27/100 | Batch 11000/18922 | KD Loss: 5.3171 | Base Loss: 0.7977
Epoch 27/100 | Batch 11200/18922 | KD Loss: 4.9821 | Base Loss: 0.8498
Epoch 27/100 | Batch 11400/18922 | KD Loss: 5.0441 | Base Loss: 0.9113
Epoch 27/100 | Batch 11600/18922 | KD Loss: 4.7296 | Base Loss: 0.6044
Epoch 27/100 | Batch 11800/18922 | KD Loss: 4.8247 | Base Loss: 0.7275
Epoch 27/100 | Batch 12000/18922 | KD Loss: 4.6339 | Base Loss: 0.6083
Epoch 27/100 | Batch 12200/18922 | KD Loss: 4.8887 | Base Loss: 0.7782
Epoch 27/100 | Batch 12400/18922 | KD Loss: 4.8040 | Base Loss: 0.8348
Epoch 27/100 | Batch 12600/18922 | KD Loss: 4.7600 | Base Loss: 0.6959
Epoch 27/100 | Batch 12800/18922 | KD Loss: 4.9240 | Base Loss: 0.6966
Epoch 27/100 | Batch 13000/18922 | KD Loss: 5.2773 | Base Loss: 0.8658
Epoch 27/100 | Batch 13200/18922 | KD Loss: 5.2202 | Base Loss: 0.8712
Epoch 27/100 | Batch 13400/18922 | KD Loss: 4.9353 | Base Loss: 0.8074
Epoch 27/100 | Batch 13600/18922 | KD Loss: 4.7736 | Base Loss: 0.7522
Epoch 27/100 | Batch 13800/18922 | KD Loss: 4.7897 | Base Loss: 0.6642
Epoch 27/100 | Batch 14000/18922 | KD Loss: 4.8061 | Base Loss: 0.7914
Epoch 27/100 | Batch 14200/18922 | KD Loss: 4.5722 | Base Loss: 0.6865
Epoch 27/100 | Batch 14400/18922 | KD Loss: 4.7864 | Base Loss: 0.8306
Epoch 27/100 | Batch 14600/18922 | KD Loss: 4.8551 | Base Loss: 0.8488
Epoch 27/100 | Batch 14800/18922 | KD Loss: 4.9110 | Base Loss: 0.6440
Epoch 27/100 | Batch 15000/18922 | KD Loss: 5.1573 | Base Loss: 0.7026
Epoch 27/100 | Batch 15200/18922 | KD Loss: 5.1003 | Base Loss: 1.0091
Epoch 27/100 | Batch 15400/18922 | KD Loss: 5.1377 | Base Loss: 0.8622
Epoch 27/100 | Batch 15600/18922 | KD Loss: 4.7261 | Base Loss: 0.7473
Epoch 27/100 | Batch 15800/18922 | KD Loss: 5.4309 | Base Loss: 0.9267
Epoch 27/100 | Batch 16000/18922 | KD Loss: 4.7998 | Base Loss: 0.7326
Epoch 27/100 | Batch 16200/18922 | KD Loss: 5.1980 | Base Loss: 0.8077
Epoch 27/100 | Batch 16400/18922 | KD Loss: 5.1848 | Base Loss: 0.7521
Epoch 27/100 | Batch 16600/18922 | KD Loss: 4.7000 | Base Loss: 0.8324
Epoch 27/100 | Batch 16800/18922 | KD Loss: 5.1955 | Base Loss: 0.8106
Epoch 27/100 | Batch 17000/18922 | KD Loss: 4.8595 | Base Loss: 0.7217
Epoch 27/100 | Batch 17200/18922 | KD Loss: 5.0280 | Base Loss: 0.7983
Epoch 27/100 | Batch 17400/18922 | KD Loss: 4.7902 | Base Loss: 0.8233
Epoch 27/100 | Batch 17600/18922 | KD Loss: 4.5676 | Base Loss: 0.5101
Epoch 27/100 | Batch 17800/18922 | KD Loss: 4.7776 | Base Loss: 0.7785
Epoch 27/100 | Batch 18000/18922 | KD Loss: 4.5328 | Base Loss: 0.6073
Epoch 27/100 | Batch 18200/18922 | KD Loss: 4.8312 | Base Loss: 0.6643
Epoch 27/100 | Batch 18400/18922 | KD Loss: 4.9145 | Base Loss: 0.8955
Epoch 27/100 | Batch 18600/18922 | KD Loss: 4.8931 | Base Loss: 0.6669
Epoch 27/100 | Batch 18800/18922 | KD Loss: 4.6415 | Base Loss: 0.6193
====> Epoch 27 Average KD Loss: 4.8837 | LR: 0.000200
Epoch 28/100 | Batch 0/18922 | KD Loss: 4.6024 | Base Loss: 0.7294
Epoch 28/100 | Batch 200/18922 | KD Loss: 4.8990 | Base Loss: 0.7523
Epoch 28/100 | Batch 400/18922 | KD Loss: 4.8803 | Base Loss: 0.8219
Epoch 28/100 | Batch 600/18922 | KD Loss: 4.6369 | Base Loss: 0.8202
Epoch 28/100 | Batch 800/18922 | KD Loss: 4.6233 | Base Loss: 0.7843
Epoch 28/100 | Batch 1000/18922 | KD Loss: 4.9219 | Base Loss: 0.6617
Epoch 28/100 | Batch 1200/18922 | KD Loss: 5.0491 | Base Loss: 0.8719
Epoch 28/100 | Batch 1400/18922 | KD Loss: 4.9064 | Base Loss: 0.8376
Epoch 28/100 | Batch 1600/18922 | KD Loss: 4.8060 | Base Loss: 0.7975
Epoch 28/100 | Batch 1800/18922 | KD Loss: 5.0220 | Base Loss: 0.6827
Epoch 28/100 | Batch 2000/18922 | KD Loss: 4.8592 | Base Loss: 0.7426
Epoch 28/100 | Batch 2200/18922 | KD Loss: 4.7838 | Base Loss: 0.7038
Epoch 28/100 | Batch 2400/18922 | KD Loss: 5.1892 | Base Loss: 0.9945
Epoch 28/100 | Batch 2600/18922 | KD Loss: 4.8422 | Base Loss: 0.8059
Epoch 28/100 | Batch 2800/18922 | KD Loss: 4.7481 | Base Loss: 0.6442
Epoch 28/100 | Batch 3000/18922 | KD Loss: 5.2149 | Base Loss: 0.9900
Epoch 28/100 | Batch 3200/18922 | KD Loss: 4.9043 | Base Loss: 0.7194
Epoch 28/100 | Batch 3400/18922 | KD Loss: 4.8268 | Base Loss: 0.9172
Epoch 28/100 | Batch 3600/18922 | KD Loss: 4.9444 | Base Loss: 0.7668
Epoch 28/100 | Batch 3800/18922 | KD Loss: 4.6033 | Base Loss: 0.7364
Epoch 28/100 | Batch 4000/18922 | KD Loss: 4.6773 | Base Loss: 0.7771
Epoch 28/100 | Batch 4200/18922 | KD Loss: 4.7011 | Base Loss: 0.8625
Epoch 28/100 | Batch 4400/18922 | KD Loss: 5.1002 | Base Loss: 0.9094
Epoch 28/100 | Batch 4600/18922 | KD Loss: 5.0857 | Base Loss: 0.8773
Epoch 28/100 | Batch 4800/18922 | KD Loss: 4.9561 | Base Loss: 0.9477
Epoch 28/100 | Batch 5000/18922 | KD Loss: 5.0791 | Base Loss: 0.9438
Epoch 28/100 | Batch 5200/18922 | KD Loss: 5.0257 | Base Loss: 0.7415
Epoch 28/100 | Batch 5400/18922 | KD Loss: 5.1455 | Base Loss: 0.9026
Epoch 28/100 | Batch 5600/18922 | KD Loss: 4.9146 | Base Loss: 0.7017
Epoch 28/100 | Batch 5800/18922 | KD Loss: 4.8211 | Base Loss: 0.8776
Epoch 28/100 | Batch 6000/18922 | KD Loss: 4.7160 | Base Loss: 0.6794
Epoch 28/100 | Batch 6200/18922 | KD Loss: 5.3331 | Base Loss: 0.8960
Epoch 28/100 | Batch 6400/18922 | KD Loss: 4.7208 | Base Loss: 0.6480
Epoch 28/100 | Batch 6600/18922 | KD Loss: 4.8445 | Base Loss: 0.8197
Epoch 28/100 | Batch 6800/18922 | KD Loss: 4.6433 | Base Loss: 0.6496
Epoch 28/100 | Batch 7000/18922 | KD Loss: 4.9535 | Base Loss: 0.6834
Epoch 28/100 | Batch 7200/18922 | KD Loss: 4.9189 | Base Loss: 0.9217
Epoch 28/100 | Batch 7400/18922 | KD Loss: 4.7941 | Base Loss: 0.8206
Epoch 28/100 | Batch 7600/18922 | KD Loss: 4.8617 | Base Loss: 0.6625
Epoch 28/100 | Batch 7800/18922 | KD Loss: 4.9364 | Base Loss: 0.8348
Epoch 28/100 | Batch 8000/18922 | KD Loss: 4.6564 | Base Loss: 0.7688
Epoch 28/100 | Batch 8200/18922 | KD Loss: 4.7170 | Base Loss: 0.7330
Epoch 28/100 | Batch 8400/18922 | KD Loss: 4.8428 | Base Loss: 0.8006
Epoch 28/100 | Batch 8600/18922 | KD Loss: 4.6988 | Base Loss: 0.6230
Epoch 28/100 | Batch 8800/18922 | KD Loss: 5.0244 | Base Loss: 0.6402
Epoch 28/100 | Batch 9000/18922 | KD Loss: 4.4715 | Base Loss: 0.6080
Epoch 28/100 | Batch 9200/18922 | KD Loss: 4.6336 | Base Loss: 0.8801
Epoch 28/100 | Batch 9400/18922 | KD Loss: 4.8603 | Base Loss: 0.7392
Epoch 28/100 | Batch 9600/18922 | KD Loss: 4.9899 | Base Loss: 0.7540
Epoch 28/100 | Batch 9800/18922 | KD Loss: 4.7912 | Base Loss: 0.9236
Epoch 28/100 | Batch 10000/18922 | KD Loss: 4.3599 | Base Loss: 0.5165
Epoch 28/100 | Batch 10200/18922 | KD Loss: 4.7051 | Base Loss: 0.8258
Epoch 28/100 | Batch 10400/18922 | KD Loss: 4.8598 | Base Loss: 0.8598
Epoch 28/100 | Batch 10600/18922 | KD Loss: 4.6046 | Base Loss: 0.8513
Epoch 28/100 | Batch 10800/18922 | KD Loss: 4.6635 | Base Loss: 0.8474
Epoch 28/100 | Batch 11000/18922 | KD Loss: 5.0907 | Base Loss: 0.9131
Epoch 28/100 | Batch 11200/18922 | KD Loss: 4.9426 | Base Loss: 0.6732
Epoch 28/100 | Batch 11400/18922 | KD Loss: 4.8951 | Base Loss: 0.7131
Epoch 28/100 | Batch 11600/18922 | KD Loss: 5.1355 | Base Loss: 0.7839
Epoch 28/100 | Batch 11800/18922 | KD Loss: 4.8644 | Base Loss: 0.8345
Epoch 28/100 | Batch 12000/18922 | KD Loss: 5.0081 | Base Loss: 0.8736
Epoch 28/100 | Batch 12200/18922 | KD Loss: 4.6048 | Base Loss: 0.5737
Epoch 28/100 | Batch 12400/18922 | KD Loss: 4.8803 | Base Loss: 0.9106
Epoch 28/100 | Batch 12600/18922 | KD Loss: 4.5051 | Base Loss: 0.5109
Epoch 28/100 | Batch 12800/18922 | KD Loss: 4.8961 | Base Loss: 0.7789
Epoch 28/100 | Batch 13000/18922 | KD Loss: 5.0698 | Base Loss: 0.8931
Epoch 28/100 | Batch 13200/18922 | KD Loss: 5.0323 | Base Loss: 0.9941
Epoch 28/100 | Batch 13400/18922 | KD Loss: 4.8286 | Base Loss: 0.6672
Epoch 28/100 | Batch 13600/18922 | KD Loss: 4.4508 | Base Loss: 0.7591
Epoch 28/100 | Batch 13800/18922 | KD Loss: 5.1722 | Base Loss: 0.8716
Epoch 28/100 | Batch 14000/18922 | KD Loss: 4.7670 | Base Loss: 0.8439
Epoch 28/100 | Batch 14200/18922 | KD Loss: 4.9165 | Base Loss: 0.8010
Epoch 28/100 | Batch 14400/18922 | KD Loss: 5.3084 | Base Loss: 0.9911
Epoch 28/100 | Batch 14600/18922 | KD Loss: 4.9519 | Base Loss: 0.7969
Epoch 28/100 | Batch 14800/18922 | KD Loss: 5.0080 | Base Loss: 0.9160
Epoch 28/100 | Batch 15000/18922 | KD Loss: 5.0793 | Base Loss: 0.7684
Epoch 28/100 | Batch 15200/18922 | KD Loss: 4.7628 | Base Loss: 0.6487
Epoch 28/100 | Batch 15400/18922 | KD Loss: 4.5985 | Base Loss: 0.7527
Epoch 28/100 | Batch 15600/18922 | KD Loss: 5.0485 | Base Loss: 0.8389
Epoch 28/100 | Batch 15800/18922 | KD Loss: 4.6855 | Base Loss: 0.8453
Epoch 28/100 | Batch 16000/18922 | KD Loss: 5.0674 | Base Loss: 0.7674
Epoch 28/100 | Batch 16200/18922 | KD Loss: 5.1116 | Base Loss: 0.8997
Epoch 28/100 | Batch 16400/18922 | KD Loss: 4.7399 | Base Loss: 0.7510
Epoch 28/100 | Batch 16600/18922 | KD Loss: 4.2898 | Base Loss: 0.6123
Epoch 28/100 | Batch 16800/18922 | KD Loss: 5.0649 | Base Loss: 0.8157
Epoch 28/100 | Batch 17000/18922 | KD Loss: 5.0926 | Base Loss: 0.8423
Epoch 28/100 | Batch 17200/18922 | KD Loss: 4.9318 | Base Loss: 0.8755
Epoch 28/100 | Batch 17400/18922 | KD Loss: 4.8331 | Base Loss: 0.6995
Epoch 28/100 | Batch 17600/18922 | KD Loss: 4.8834 | Base Loss: 0.8273
Epoch 28/100 | Batch 17800/18922 | KD Loss: 5.0817 | Base Loss: 0.7598
Epoch 28/100 | Batch 18000/18922 | KD Loss: 5.2694 | Base Loss: 0.9759
Epoch 28/100 | Batch 18200/18922 | KD Loss: 5.0144 | Base Loss: 0.8882
Epoch 28/100 | Batch 18400/18922 | KD Loss: 4.9174 | Base Loss: 0.8291
Epoch 28/100 | Batch 18600/18922 | KD Loss: 4.8845 | Base Loss: 0.5705
Epoch 28/100 | Batch 18800/18922 | KD Loss: 4.5008 | Base Loss: 0.6738
====> Epoch 28 Average KD Loss: 4.8796 | LR: 0.000200
Epoch 29/100 | Batch 0/18922 | KD Loss: 4.9365 | Base Loss: 0.8221
Epoch 29/100 | Batch 200/18922 | KD Loss: 4.5252 | Base Loss: 0.6340
Epoch 29/100 | Batch 400/18922 | KD Loss: 4.7285 | Base Loss: 0.8732
Epoch 29/100 | Batch 600/18922 | KD Loss: 4.8938 | Base Loss: 0.8403
Epoch 29/100 | Batch 800/18922 | KD Loss: 5.0178 | Base Loss: 0.6259
Epoch 29/100 | Batch 1000/18922 | KD Loss: 4.4062 | Base Loss: 0.6786
Epoch 29/100 | Batch 1200/18922 | KD Loss: 5.2113 | Base Loss: 0.9089
Epoch 29/100 | Batch 1400/18922 | KD Loss: 5.0659 | Base Loss: 0.8909
Epoch 29/100 | Batch 1600/18922 | KD Loss: 4.8498 | Base Loss: 0.7294
Epoch 29/100 | Batch 1800/18922 | KD Loss: 4.8376 | Base Loss: 0.7892
Epoch 29/100 | Batch 2000/18922 | KD Loss: 4.9055 | Base Loss: 0.8487
Epoch 29/100 | Batch 2200/18922 | KD Loss: 4.6902 | Base Loss: 0.7612
Epoch 29/100 | Batch 2400/18922 | KD Loss: 5.0105 | Base Loss: 0.8663
Epoch 29/100 | Batch 2600/18922 | KD Loss: 5.1592 | Base Loss: 0.8538
Epoch 29/100 | Batch 2800/18922 | KD Loss: 5.1078 | Base Loss: 1.0047
Epoch 29/100 | Batch 3000/18922 | KD Loss: 4.4799 | Base Loss: 0.6369
Epoch 29/100 | Batch 3200/18922 | KD Loss: 5.3683 | Base Loss: 1.0197
Epoch 29/100 | Batch 3400/18922 | KD Loss: 4.8073 | Base Loss: 0.7600
Epoch 29/100 | Batch 3600/18922 | KD Loss: 4.9512 | Base Loss: 0.8028
Epoch 29/100 | Batch 3800/18922 | KD Loss: 5.2747 | Base Loss: 0.9861
Epoch 29/100 | Batch 4000/18922 | KD Loss: 4.5322 | Base Loss: 0.7573
Epoch 29/100 | Batch 4200/18922 | KD Loss: 5.0193 | Base Loss: 0.9241
Epoch 29/100 | Batch 4400/18922 | KD Loss: 4.8753 | Base Loss: 0.9254
Epoch 29/100 | Batch 4600/18922 | KD Loss: 4.8007 | Base Loss: 0.7994
Epoch 29/100 | Batch 4800/18922 | KD Loss: 4.8600 | Base Loss: 0.8425
Epoch 29/100 | Batch 5000/18922 | KD Loss: 5.2098 | Base Loss: 0.6987
Epoch 29/100 | Batch 5200/18922 | KD Loss: 4.8123 | Base Loss: 0.7493
Epoch 29/100 | Batch 5400/18922 | KD Loss: 4.9145 | Base Loss: 0.7173
Epoch 29/100 | Batch 5600/18922 | KD Loss: 4.7339 | Base Loss: 0.8151
Epoch 29/100 | Batch 5800/18922 | KD Loss: 4.8294 | Base Loss: 0.8277
Epoch 29/100 | Batch 6000/18922 | KD Loss: 4.9812 | Base Loss: 0.8435
Epoch 29/100 | Batch 6200/18922 | KD Loss: 4.5708 | Base Loss: 0.6258
Epoch 29/100 | Batch 6400/18922 | KD Loss: 5.1682 | Base Loss: 0.8442
Epoch 29/100 | Batch 6600/18922 | KD Loss: 5.1475 | Base Loss: 0.8479
Epoch 29/100 | Batch 6800/18922 | KD Loss: 4.7868 | Base Loss: 0.7009
Epoch 29/100 | Batch 7000/18922 | KD Loss: 4.8807 | Base Loss: 0.8824
Epoch 29/100 | Batch 7200/18922 | KD Loss: 4.8604 | Base Loss: 0.8183
Epoch 29/100 | Batch 7400/18922 | KD Loss: 4.8965 | Base Loss: 0.7413
Epoch 29/100 | Batch 7600/18922 | KD Loss: 4.9888 | Base Loss: 0.7154
Epoch 29/100 | Batch 7800/18922 | KD Loss: 5.1432 | Base Loss: 0.8314
Epoch 29/100 | Batch 8000/18922 | KD Loss: 5.0020 | Base Loss: 0.8637
Epoch 29/100 | Batch 8200/18922 | KD Loss: 5.0401 | Base Loss: 0.6517
Epoch 29/100 | Batch 8400/18922 | KD Loss: 4.5211 | Base Loss: 0.6965
Epoch 29/100 | Batch 8600/18922 | KD Loss: 4.6716 | Base Loss: 0.8271
Epoch 29/100 | Batch 8800/18922 | KD Loss: 4.5103 | Base Loss: 0.6125
Epoch 29/100 | Batch 9000/18922 | KD Loss: 4.8029 | Base Loss: 0.6100
Epoch 29/100 | Batch 9200/18922 | KD Loss: 5.1806 | Base Loss: 0.8004
Epoch 29/100 | Batch 9400/18922 | KD Loss: 4.8858 | Base Loss: 0.7207
Epoch 29/100 | Batch 9600/18922 | KD Loss: 4.9115 | Base Loss: 0.7547
Epoch 29/100 | Batch 9800/18922 | KD Loss: 5.5767 | Base Loss: 0.8703
Epoch 29/100 | Batch 10000/18922 | KD Loss: 5.6235 | Base Loss: 0.9265
Epoch 29/100 | Batch 10200/18922 | KD Loss: 4.6483 | Base Loss: 0.7993
Epoch 29/100 | Batch 10400/18922 | KD Loss: 4.7822 | Base Loss: 0.8777
Epoch 29/100 | Batch 10600/18922 | KD Loss: 4.7194 | Base Loss: 0.7215
Epoch 29/100 | Batch 10800/18922 | KD Loss: 4.4866 | Base Loss: 0.6796
Epoch 29/100 | Batch 11000/18922 | KD Loss: 5.0165 | Base Loss: 0.6667
Epoch 29/100 | Batch 11200/18922 | KD Loss: 4.6374 | Base Loss: 0.7177
Epoch 29/100 | Batch 11400/18922 | KD Loss: 4.7825 | Base Loss: 0.6015
Epoch 29/100 | Batch 11600/18922 | KD Loss: 4.6373 | Base Loss: 0.6739
Epoch 29/100 | Batch 11800/18922 | KD Loss: 4.9828 | Base Loss: 0.7800
Epoch 29/100 | Batch 12000/18922 | KD Loss: 5.2600 | Base Loss: 0.9496
Epoch 29/100 | Batch 12200/18922 | KD Loss: 4.8609 | Base Loss: 0.8135
Epoch 29/100 | Batch 12400/18922 | KD Loss: 5.0030 | Base Loss: 0.8347
Epoch 29/100 | Batch 12600/18922 | KD Loss: 4.9469 | Base Loss: 0.7755
Epoch 29/100 | Batch 12800/18922 | KD Loss: 5.1650 | Base Loss: 0.9211
Epoch 29/100 | Batch 13000/18922 | KD Loss: 4.9978 | Base Loss: 0.7572
Epoch 29/100 | Batch 13200/18922 | KD Loss: 5.0120 | Base Loss: 0.7911
Epoch 29/100 | Batch 13400/18922 | KD Loss: 4.7734 | Base Loss: 0.6972
Epoch 29/100 | Batch 13600/18922 | KD Loss: 4.5418 | Base Loss: 0.6442
Epoch 29/100 | Batch 13800/18922 | KD Loss: 4.8968 | Base Loss: 0.7950
Epoch 29/100 | Batch 14000/18922 | KD Loss: 4.8341 | Base Loss: 0.8545
Epoch 29/100 | Batch 14200/18922 | KD Loss: 5.0316 | Base Loss: 0.7730
Epoch 29/100 | Batch 14400/18922 | KD Loss: 4.6669 | Base Loss: 0.7220
Epoch 29/100 | Batch 14600/18922 | KD Loss: 4.8639 | Base Loss: 0.8104
Epoch 29/100 | Batch 14800/18922 | KD Loss: 4.5438 | Base Loss: 0.7511
Epoch 29/100 | Batch 15000/18922 | KD Loss: 5.0553 | Base Loss: 0.7896
Epoch 29/100 | Batch 15200/18922 | KD Loss: 4.8359 | Base Loss: 0.7635
Epoch 29/100 | Batch 15400/18922 | KD Loss: 4.9032 | Base Loss: 0.8813
Epoch 29/100 | Batch 15600/18922 | KD Loss: 4.9548 | Base Loss: 0.7942
Epoch 29/100 | Batch 15800/18922 | KD Loss: 4.9572 | Base Loss: 0.9039
Epoch 29/100 | Batch 16000/18922 | KD Loss: 4.7693 | Base Loss: 0.8450
Epoch 29/100 | Batch 16200/18922 | KD Loss: 4.7665 | Base Loss: 0.6371
Epoch 29/100 | Batch 16400/18922 | KD Loss: 5.0955 | Base Loss: 0.9478
Epoch 29/100 | Batch 16600/18922 | KD Loss: 5.2191 | Base Loss: 0.8548
Epoch 29/100 | Batch 16800/18922 | KD Loss: 4.9684 | Base Loss: 0.9099
Epoch 29/100 | Batch 17000/18922 | KD Loss: 5.4609 | Base Loss: 1.0048
Epoch 29/100 | Batch 17200/18922 | KD Loss: 4.5931 | Base Loss: 0.6641
Epoch 29/100 | Batch 17400/18922 | KD Loss: 5.0193 | Base Loss: 0.7575
Epoch 29/100 | Batch 17600/18922 | KD Loss: 4.7721 | Base Loss: 0.7936
Epoch 29/100 | Batch 17800/18922 | KD Loss: 5.0853 | Base Loss: 0.7787
Epoch 29/100 | Batch 18000/18922 | KD Loss: 4.8742 | Base Loss: 0.7056
Epoch 29/100 | Batch 18200/18922 | KD Loss: 4.6266 | Base Loss: 0.6454
Epoch 29/100 | Batch 18400/18922 | KD Loss: 5.2652 | Base Loss: 0.8031
Epoch 29/100 | Batch 18600/18922 | KD Loss: 4.8347 | Base Loss: 0.7674
Epoch 29/100 | Batch 18800/18922 | KD Loss: 4.9481 | Base Loss: 0.7172
====> Epoch 29 Average KD Loss: 4.8762 | LR: 0.000200
Epoch 30/100 | Batch 0/18922 | KD Loss: 4.8855 | Base Loss: 0.7269
Epoch 30/100 | Batch 200/18922 | KD Loss: 5.0071 | Base Loss: 0.8387
Epoch 30/100 | Batch 400/18922 | KD Loss: 4.9573 | Base Loss: 0.8102
Epoch 30/100 | Batch 600/18922 | KD Loss: 4.9742 | Base Loss: 0.8999
Epoch 30/100 | Batch 800/18922 | KD Loss: 4.7825 | Base Loss: 0.9220
Epoch 30/100 | Batch 1000/18922 | KD Loss: 4.5265 | Base Loss: 0.6921
Epoch 30/100 | Batch 1200/18922 | KD Loss: 5.0597 | Base Loss: 0.7701
Epoch 30/100 | Batch 1400/18922 | KD Loss: 4.8855 | Base Loss: 0.8480
Epoch 30/100 | Batch 1600/18922 | KD Loss: 4.8994 | Base Loss: 0.7040
Epoch 30/100 | Batch 1800/18922 | KD Loss: 4.7611 | Base Loss: 0.6571
Epoch 30/100 | Batch 2000/18922 | KD Loss: 4.8742 | Base Loss: 0.8907
Epoch 30/100 | Batch 2200/18922 | KD Loss: 4.8923 | Base Loss: 0.9646
Epoch 30/100 | Batch 2400/18922 | KD Loss: 4.8362 | Base Loss: 0.7215
Epoch 30/100 | Batch 2600/18922 | KD Loss: 4.6419 | Base Loss: 0.7338
Epoch 30/100 | Batch 2800/18922 | KD Loss: 4.5629 | Base Loss: 0.8108
Epoch 30/100 | Batch 3000/18922 | KD Loss: 4.7228 | Base Loss: 0.7175
Epoch 30/100 | Batch 3200/18922 | KD Loss: 4.6937 | Base Loss: 0.7585
Epoch 30/100 | Batch 3400/18922 | KD Loss: 4.8894 | Base Loss: 0.6858
Epoch 30/100 | Batch 3600/18922 | KD Loss: 4.7786 | Base Loss: 0.7917
Epoch 30/100 | Batch 3800/18922 | KD Loss: 5.6459 | Base Loss: 0.7307
Epoch 30/100 | Batch 4000/18922 | KD Loss: 4.9346 | Base Loss: 0.8734
Epoch 30/100 | Batch 4200/18922 | KD Loss: 4.7764 | Base Loss: 0.7492
Epoch 30/100 | Batch 4400/18922 | KD Loss: 4.8739 | Base Loss: 0.8443
Epoch 30/100 | Batch 4600/18922 | KD Loss: 4.4535 | Base Loss: 0.7049
Epoch 30/100 | Batch 4800/18922 | KD Loss: 5.3167 | Base Loss: 0.8328
Epoch 30/100 | Batch 5000/18922 | KD Loss: 5.2570 | Base Loss: 0.9229
Epoch 30/100 | Batch 5200/18922 | KD Loss: 4.7323 | Base Loss: 0.7229
Epoch 30/100 | Batch 5400/18922 | KD Loss: 5.3694 | Base Loss: 0.8347
Epoch 30/100 | Batch 5600/18922 | KD Loss: 4.8964 | Base Loss: 0.7594
Epoch 30/100 | Batch 5800/18922 | KD Loss: 5.2036 | Base Loss: 0.6585
Epoch 30/100 | Batch 6000/18922 | KD Loss: 4.8113 | Base Loss: 0.9378
Epoch 30/100 | Batch 6200/18922 | KD Loss: 4.9397 | Base Loss: 0.7852
Epoch 30/100 | Batch 6400/18922 | KD Loss: 4.8003 | Base Loss: 1.0549
Epoch 30/100 | Batch 6600/18922 | KD Loss: 4.7135 | Base Loss: 0.7643
Epoch 30/100 | Batch 6800/18922 | KD Loss: 4.6937 | Base Loss: 0.7328
Epoch 30/100 | Batch 7000/18922 | KD Loss: 4.8161 | Base Loss: 0.6412
Epoch 30/100 | Batch 7200/18922 | KD Loss: 4.9917 | Base Loss: 0.8438
Epoch 30/100 | Batch 7400/18922 | KD Loss: 4.7117 | Base Loss: 0.7860
Epoch 30/100 | Batch 7600/18922 | KD Loss: 4.7058 | Base Loss: 0.7644
Epoch 30/100 | Batch 7800/18922 | KD Loss: 4.7091 | Base Loss: 0.8199
Epoch 30/100 | Batch 8000/18922 | KD Loss: 4.7015 | Base Loss: 0.8110
Epoch 30/100 | Batch 8200/18922 | KD Loss: 4.7699 | Base Loss: 0.6981
Epoch 30/100 | Batch 8400/18922 | KD Loss: 5.0906 | Base Loss: 0.7934
Epoch 30/100 | Batch 8600/18922 | KD Loss: 4.6925 | Base Loss: 0.6878
Epoch 30/100 | Batch 8800/18922 | KD Loss: 4.8299 | Base Loss: 0.8996
Epoch 30/100 | Batch 9000/18922 | KD Loss: 4.8376 | Base Loss: 0.8618
Epoch 30/100 | Batch 9200/18922 | KD Loss: 4.6435 | Base Loss: 0.6866
Epoch 30/100 | Batch 9400/18922 | KD Loss: 4.9902 | Base Loss: 0.7664
Epoch 30/100 | Batch 9600/18922 | KD Loss: 4.9002 | Base Loss: 0.7875
Epoch 30/100 | Batch 9800/18922 | KD Loss: 4.4899 | Base Loss: 0.7888
Epoch 30/100 | Batch 10000/18922 | KD Loss: 4.4158 | Base Loss: 0.6708
Epoch 30/100 | Batch 10200/18922 | KD Loss: 4.5220 | Base Loss: 0.6820
Epoch 30/100 | Batch 10400/18922 | KD Loss: 5.1192 | Base Loss: 0.9418
Epoch 30/100 | Batch 10600/18922 | KD Loss: 4.6715 | Base Loss: 0.6043
Epoch 30/100 | Batch 10800/18922 | KD Loss: 4.9479 | Base Loss: 0.8742
Epoch 30/100 | Batch 11000/18922 | KD Loss: 5.0104 | Base Loss: 0.7720
Epoch 30/100 | Batch 11200/18922 | KD Loss: 4.4083 | Base Loss: 0.6682
Epoch 30/100 | Batch 11400/18922 | KD Loss: 4.5651 | Base Loss: 0.6420
Epoch 30/100 | Batch 11600/18922 | KD Loss: 4.9008 | Base Loss: 0.7752
Epoch 30/100 | Batch 11800/18922 | KD Loss: 4.8797 | Base Loss: 0.8415
Epoch 30/100 | Batch 12000/18922 | KD Loss: 4.7763 | Base Loss: 0.8794
Epoch 30/100 | Batch 12200/18922 | KD Loss: 4.7016 | Base Loss: 0.7566
Epoch 30/100 | Batch 12400/18922 | KD Loss: 4.9321 | Base Loss: 0.9361
Epoch 30/100 | Batch 12600/18922 | KD Loss: 4.8906 | Base Loss: 0.7800
Epoch 30/100 | Batch 12800/18922 | KD Loss: 4.9089 | Base Loss: 0.8241
Epoch 30/100 | Batch 13000/18922 | KD Loss: 4.6277 | Base Loss: 0.7092
Epoch 30/100 | Batch 13200/18922 | KD Loss: 4.6957 | Base Loss: 0.7557
Epoch 30/100 | Batch 13400/18922 | KD Loss: 4.7458 | Base Loss: 0.6193
Epoch 30/100 | Batch 13600/18922 | KD Loss: 4.8265 | Base Loss: 0.6827
Epoch 30/100 | Batch 13800/18922 | KD Loss: 4.6073 | Base Loss: 0.6082
Epoch 30/100 | Batch 14000/18922 | KD Loss: 4.7584 | Base Loss: 0.7030
Epoch 30/100 | Batch 14200/18922 | KD Loss: 5.0586 | Base Loss: 0.7907
Epoch 30/100 | Batch 14400/18922 | KD Loss: 4.9543 | Base Loss: 0.7643
Epoch 30/100 | Batch 14600/18922 | KD Loss: 4.5997 | Base Loss: 0.7908
Epoch 30/100 | Batch 14800/18922 | KD Loss: 4.8346 | Base Loss: 0.7857
Epoch 30/100 | Batch 15000/18922 | KD Loss: 5.1283 | Base Loss: 0.8561
Epoch 30/100 | Batch 15200/18922 | KD Loss: 4.7236 | Base Loss: 0.7082
Epoch 30/100 | Batch 15400/18922 | KD Loss: 4.5778 | Base Loss: 0.8040
Epoch 30/100 | Batch 15600/18922 | KD Loss: 5.0229 | Base Loss: 0.7097
Epoch 30/100 | Batch 15800/18922 | KD Loss: 5.1722 | Base Loss: 0.9228
Epoch 30/100 | Batch 16000/18922 | KD Loss: 5.2401 | Base Loss: 0.8951
Epoch 30/100 | Batch 16200/18922 | KD Loss: 4.6086 | Base Loss: 0.9483
Epoch 30/100 | Batch 16400/18922 | KD Loss: 4.3016 | Base Loss: 0.5512
Epoch 30/100 | Batch 16600/18922 | KD Loss: 5.1798 | Base Loss: 0.7795
Epoch 30/100 | Batch 16800/18922 | KD Loss: 5.1888 | Base Loss: 0.9433
Epoch 30/100 | Batch 17000/18922 | KD Loss: 4.9254 | Base Loss: 0.6914
Epoch 30/100 | Batch 17200/18922 | KD Loss: 5.1086 | Base Loss: 0.8246
Epoch 30/100 | Batch 17400/18922 | KD Loss: 5.0397 | Base Loss: 0.7535
Epoch 30/100 | Batch 17600/18922 | KD Loss: 4.7674 | Base Loss: 0.7375
Epoch 30/100 | Batch 17800/18922 | KD Loss: 5.0116 | Base Loss: 0.8110
Epoch 30/100 | Batch 18000/18922 | KD Loss: 4.9376 | Base Loss: 0.7956
Epoch 30/100 | Batch 18200/18922 | KD Loss: 5.3036 | Base Loss: 0.7722
Epoch 30/100 | Batch 18400/18922 | KD Loss: 5.0497 | Base Loss: 0.6478
Epoch 30/100 | Batch 18600/18922 | KD Loss: 4.9877 | Base Loss: 0.7101
Epoch 30/100 | Batch 18800/18922 | KD Loss: 4.1829 | Base Loss: 0.5833
====> Epoch 30 Average KD Loss: 4.8734 | LR: 0.000200
Epoch 31/100 | Batch 0/18922 | KD Loss: 5.1357 | Base Loss: 0.9323
Epoch 31/100 | Batch 200/18922 | KD Loss: 4.5960 | Base Loss: 0.8232
Epoch 31/100 | Batch 400/18922 | KD Loss: 4.7386 | Base Loss: 0.8276
Epoch 31/100 | Batch 600/18922 | KD Loss: 5.1170 | Base Loss: 0.8100
Epoch 31/100 | Batch 800/18922 | KD Loss: 5.0905 | Base Loss: 0.8696
Epoch 31/100 | Batch 1000/18922 | KD Loss: 5.2350 | Base Loss: 0.9308
Epoch 31/100 | Batch 1200/18922 | KD Loss: 4.8796 | Base Loss: 0.7201
Epoch 31/100 | Batch 1400/18922 | KD Loss: 4.5449 | Base Loss: 0.6280
Epoch 31/100 | Batch 1600/18922 | KD Loss: 4.7664 | Base Loss: 0.7934
Epoch 31/100 | Batch 1800/18922 | KD Loss: 5.2598 | Base Loss: 0.8280
Epoch 31/100 | Batch 2000/18922 | KD Loss: 4.9058 | Base Loss: 0.8309
Epoch 31/100 | Batch 2200/18922 | KD Loss: 4.7528 | Base Loss: 0.5973
Epoch 31/100 | Batch 2400/18922 | KD Loss: 5.1061 | Base Loss: 0.8343
Epoch 31/100 | Batch 2600/18922 | KD Loss: 4.6468 | Base Loss: 0.7186
Epoch 31/100 | Batch 2800/18922 | KD Loss: 5.0347 | Base Loss: 0.7428
Epoch 31/100 | Batch 3000/18922 | KD Loss: 5.0347 | Base Loss: 0.8371
Epoch 31/100 | Batch 3200/18922 | KD Loss: 4.8556 | Base Loss: 0.7759
Epoch 31/100 | Batch 3400/18922 | KD Loss: 4.9975 | Base Loss: 0.7744
Epoch 31/100 | Batch 3600/18922 | KD Loss: 4.5072 | Base Loss: 0.6653
Epoch 31/100 | Batch 3800/18922 | KD Loss: 4.7753 | Base Loss: 0.9655
Epoch 31/100 | Batch 4000/18922 | KD Loss: 4.8497 | Base Loss: 0.6138
Epoch 31/100 | Batch 4200/18922 | KD Loss: 4.6480 | Base Loss: 0.6286
Epoch 31/100 | Batch 4400/18922 | KD Loss: 4.4197 | Base Loss: 0.6383
Epoch 31/100 | Batch 4600/18922 | KD Loss: 5.3326 | Base Loss: 0.8136
Epoch 31/100 | Batch 4800/18922 | KD Loss: 4.7486 | Base Loss: 0.7387
Epoch 31/100 | Batch 5000/18922 | KD Loss: 4.9672 | Base Loss: 0.8303
Epoch 31/100 | Batch 5200/18922 | KD Loss: 4.8579 | Base Loss: 0.8540
Epoch 31/100 | Batch 5400/18922 | KD Loss: 4.7746 | Base Loss: 0.5698
Epoch 31/100 | Batch 5600/18922 | KD Loss: 4.5641 | Base Loss: 0.6461
Epoch 31/100 | Batch 5800/18922 | KD Loss: 4.3867 | Base Loss: 0.6312
Epoch 31/100 | Batch 6000/18922 | KD Loss: 4.8430 | Base Loss: 0.7347
Epoch 31/100 | Batch 6200/18922 | KD Loss: 4.9004 | Base Loss: 0.8291
Epoch 31/100 | Batch 6400/18922 | KD Loss: 5.1896 | Base Loss: 0.9148
Epoch 31/100 | Batch 6600/18922 | KD Loss: 4.9407 | Base Loss: 0.9576
Epoch 31/100 | Batch 6800/18922 | KD Loss: 5.0358 | Base Loss: 0.8754
Epoch 31/100 | Batch 7000/18922 | KD Loss: 4.6089 | Base Loss: 0.6555
Epoch 31/100 | Batch 7200/18922 | KD Loss: 4.7447 | Base Loss: 0.7199
Epoch 31/100 | Batch 7400/18922 | KD Loss: 4.5457 | Base Loss: 0.6393
Epoch 31/100 | Batch 7600/18922 | KD Loss: 4.7759 | Base Loss: 0.7958
Epoch 31/100 | Batch 7800/18922 | KD Loss: 4.8683 | Base Loss: 0.7830
Epoch 31/100 | Batch 8000/18922 | KD Loss: 4.6240 | Base Loss: 0.8349
Epoch 31/100 | Batch 8200/18922 | KD Loss: 4.8025 | Base Loss: 0.6953
Epoch 31/100 | Batch 8400/18922 | KD Loss: 4.8335 | Base Loss: 0.6844
Epoch 31/100 | Batch 8600/18922 | KD Loss: 5.0578 | Base Loss: 0.7248
Epoch 31/100 | Batch 8800/18922 | KD Loss: 4.8358 | Base Loss: 0.8512
Epoch 31/100 | Batch 9000/18922 | KD Loss: 4.8626 | Base Loss: 0.9507
Epoch 31/100 | Batch 9200/18922 | KD Loss: 4.9071 | Base Loss: 1.0648
Epoch 31/100 | Batch 9400/18922 | KD Loss: 4.9333 | Base Loss: 0.9355
Epoch 31/100 | Batch 9600/18922 | KD Loss: 4.8283 | Base Loss: 0.8648
Epoch 31/100 | Batch 9800/18922 | KD Loss: 5.0724 | Base Loss: 0.8820
Epoch 31/100 | Batch 10000/18922 | KD Loss: 4.6771 | Base Loss: 0.6288
Epoch 31/100 | Batch 10200/18922 | KD Loss: 5.2215 | Base Loss: 0.9495
Epoch 31/100 | Batch 10400/18922 | KD Loss: 4.4269 | Base Loss: 0.7392
Epoch 31/100 | Batch 10600/18922 | KD Loss: 4.5560 | Base Loss: 0.5641
Epoch 31/100 | Batch 10800/18922 | KD Loss: 4.9860 | Base Loss: 0.8692
Epoch 31/100 | Batch 11000/18922 | KD Loss: 4.7417 | Base Loss: 0.9224
Epoch 31/100 | Batch 11200/18922 | KD Loss: 5.2265 | Base Loss: 0.9065
Epoch 31/100 | Batch 11400/18922 | KD Loss: 4.7699 | Base Loss: 0.8024
Epoch 31/100 | Batch 11600/18922 | KD Loss: 4.7814 | Base Loss: 0.7275
Epoch 31/100 | Batch 11800/18922 | KD Loss: 4.9045 | Base Loss: 0.6867
Epoch 31/100 | Batch 12000/18922 | KD Loss: 4.7124 | Base Loss: 0.6351
Epoch 31/100 | Batch 12200/18922 | KD Loss: 4.9664 | Base Loss: 1.0421
Epoch 31/100 | Batch 12400/18922 | KD Loss: 4.9528 | Base Loss: 0.7151
Epoch 31/100 | Batch 12600/18922 | KD Loss: 4.9121 | Base Loss: 0.9147
Epoch 31/100 | Batch 12800/18922 | KD Loss: 4.7929 | Base Loss: 0.7543
Epoch 31/100 | Batch 13000/18922 | KD Loss: 4.5726 | Base Loss: 0.5596
Epoch 31/100 | Batch 13200/18922 | KD Loss: 4.6848 | Base Loss: 0.6687
Epoch 31/100 | Batch 13400/18922 | KD Loss: 4.9690 | Base Loss: 0.8249
Epoch 31/100 | Batch 13600/18922 | KD Loss: 4.8601 | Base Loss: 0.7166
Epoch 31/100 | Batch 13800/18922 | KD Loss: 5.0253 | Base Loss: 0.8896
Epoch 31/100 | Batch 14000/18922 | KD Loss: 5.0979 | Base Loss: 0.7675
Epoch 31/100 | Batch 14200/18922 | KD Loss: 4.8360 | Base Loss: 0.7216
Epoch 31/100 | Batch 14400/18922 | KD Loss: 4.7734 | Base Loss: 0.7115
Epoch 31/100 | Batch 14600/18922 | KD Loss: 4.6310 | Base Loss: 0.6322
Epoch 31/100 | Batch 14800/18922 | KD Loss: 5.1697 | Base Loss: 0.9029
Epoch 31/100 | Batch 15000/18922 | KD Loss: 5.2506 | Base Loss: 0.7715
Epoch 31/100 | Batch 15200/18922 | KD Loss: 4.6642 | Base Loss: 0.7144
Epoch 31/100 | Batch 15400/18922 | KD Loss: 4.7726 | Base Loss: 0.6469
Epoch 31/100 | Batch 15600/18922 | KD Loss: 4.5038 | Base Loss: 0.6551
Epoch 31/100 | Batch 15800/18922 | KD Loss: 4.7766 | Base Loss: 0.7444
Epoch 31/100 | Batch 16000/18922 | KD Loss: 4.6903 | Base Loss: 0.8000
Epoch 31/100 | Batch 16200/18922 | KD Loss: 4.7623 | Base Loss: 0.8026
Epoch 31/100 | Batch 16400/18922 | KD Loss: 4.6231 | Base Loss: 0.6804
Epoch 31/100 | Batch 16600/18922 | KD Loss: 4.8846 | Base Loss: 0.8486
Epoch 31/100 | Batch 16800/18922 | KD Loss: 4.9398 | Base Loss: 0.8943
Epoch 31/100 | Batch 17000/18922 | KD Loss: 4.8099 | Base Loss: 0.9606
Epoch 31/100 | Batch 17200/18922 | KD Loss: 4.8435 | Base Loss: 0.6740
Epoch 31/100 | Batch 17400/18922 | KD Loss: 4.8051 | Base Loss: 0.7151
Epoch 31/100 | Batch 17600/18922 | KD Loss: 4.7552 | Base Loss: 0.9076
Epoch 31/100 | Batch 17800/18922 | KD Loss: 4.9070 | Base Loss: 0.9001
Epoch 31/100 | Batch 18000/18922 | KD Loss: 4.5838 | Base Loss: 0.6577
Epoch 31/100 | Batch 18200/18922 | KD Loss: 4.8121 | Base Loss: 0.7480
Epoch 31/100 | Batch 18400/18922 | KD Loss: 4.7024 | Base Loss: 0.8049
Epoch 31/100 | Batch 18600/18922 | KD Loss: 4.9784 | Base Loss: 0.8951
Epoch 31/100 | Batch 18800/18922 | KD Loss: 4.9443 | Base Loss: 0.8786
====> Epoch 31 Average KD Loss: 4.8706 | LR: 0.000200
Epoch 32/100 | Batch 0/18922 | KD Loss: 4.6446 | Base Loss: 0.7716
Epoch 32/100 | Batch 200/18922 | KD Loss: 4.8469 | Base Loss: 0.8938
Epoch 32/100 | Batch 400/18922 | KD Loss: 4.9155 | Base Loss: 0.6512
Epoch 32/100 | Batch 600/18922 | KD Loss: 4.6285 | Base Loss: 0.7694
Epoch 32/100 | Batch 800/18922 | KD Loss: 4.8968 | Base Loss: 0.7346
Epoch 32/100 | Batch 1000/18922 | KD Loss: 4.9304 | Base Loss: 0.7809
Epoch 32/100 | Batch 1200/18922 | KD Loss: 4.9374 | Base Loss: 0.9136
Epoch 32/100 | Batch 1400/18922 | KD Loss: 5.0066 | Base Loss: 0.7313
Epoch 32/100 | Batch 1600/18922 | KD Loss: 5.1087 | Base Loss: 0.8058
Epoch 32/100 | Batch 1800/18922 | KD Loss: 4.8144 | Base Loss: 0.9085
Epoch 32/100 | Batch 2000/18922 | KD Loss: 4.6703 | Base Loss: 0.6847
Epoch 32/100 | Batch 2200/18922 | KD Loss: 4.7712 | Base Loss: 0.5865
Epoch 32/100 | Batch 2400/18922 | KD Loss: 5.0289 | Base Loss: 0.8666
Epoch 32/100 | Batch 2600/18922 | KD Loss: 4.9692 | Base Loss: 0.6811
Epoch 32/100 | Batch 2800/18922 | KD Loss: 4.9906 | Base Loss: 0.8341
Epoch 32/100 | Batch 3000/18922 | KD Loss: 4.7024 | Base Loss: 0.5504
Epoch 32/100 | Batch 3200/18922 | KD Loss: 4.9040 | Base Loss: 0.6827
Epoch 32/100 | Batch 3400/18922 | KD Loss: 5.0740 | Base Loss: 0.8310
Epoch 32/100 | Batch 3600/18922 | KD Loss: 5.2815 | Base Loss: 0.6893
Epoch 32/100 | Batch 3800/18922 | KD Loss: 4.5575 | Base Loss: 0.6170
Epoch 32/100 | Batch 4000/18922 | KD Loss: 4.4603 | Base Loss: 0.7386
Epoch 32/100 | Batch 4200/18922 | KD Loss: 4.8206 | Base Loss: 0.7204
Epoch 32/100 | Batch 4400/18922 | KD Loss: 4.8518 | Base Loss: 0.7791
Epoch 32/100 | Batch 4600/18922 | KD Loss: 4.5730 | Base Loss: 0.6359
Epoch 32/100 | Batch 4800/18922 | KD Loss: 4.8515 | Base Loss: 0.7021
Epoch 32/100 | Batch 5000/18922 | KD Loss: 5.0913 | Base Loss: 0.8112
Epoch 32/100 | Batch 5200/18922 | KD Loss: 5.2581 | Base Loss: 0.8947
Epoch 32/100 | Batch 5400/18922 | KD Loss: 4.6475 | Base Loss: 0.6639
Epoch 32/100 | Batch 5600/18922 | KD Loss: 4.9328 | Base Loss: 0.8492
Epoch 32/100 | Batch 5800/18922 | KD Loss: 5.1491 | Base Loss: 0.7769
Epoch 32/100 | Batch 6000/18922 | KD Loss: 4.4170 | Base Loss: 0.6880
Epoch 32/100 | Batch 6200/18922 | KD Loss: 5.1383 | Base Loss: 0.8559
Epoch 32/100 | Batch 6400/18922 | KD Loss: 5.1358 | Base Loss: 0.9446
Epoch 32/100 | Batch 6600/18922 | KD Loss: 4.6513 | Base Loss: 0.7634
Epoch 32/100 | Batch 6800/18922 | KD Loss: 4.9872 | Base Loss: 0.7019
Epoch 32/100 | Batch 7000/18922 | KD Loss: 4.8698 | Base Loss: 0.7327
Epoch 32/100 | Batch 7200/18922 | KD Loss: 4.7631 | Base Loss: 0.8377
Epoch 32/100 | Batch 7400/18922 | KD Loss: 4.7074 | Base Loss: 0.7675
Epoch 32/100 | Batch 7600/18922 | KD Loss: 5.4881 | Base Loss: 0.9807
Epoch 32/100 | Batch 7800/18922 | KD Loss: 4.7259 | Base Loss: 0.7101
Epoch 32/100 | Batch 8000/18922 | KD Loss: 5.3628 | Base Loss: 1.0916
Epoch 32/100 | Batch 8200/18922 | KD Loss: 5.0960 | Base Loss: 0.8541
Epoch 32/100 | Batch 8400/18922 | KD Loss: 4.9057 | Base Loss: 0.6709
Epoch 32/100 | Batch 8600/18922 | KD Loss: 5.0872 | Base Loss: 0.6674
Epoch 32/100 | Batch 8800/18922 | KD Loss: 4.6976 | Base Loss: 0.6567
Epoch 32/100 | Batch 9000/18922 | KD Loss: 4.7455 | Base Loss: 0.6862
Epoch 32/100 | Batch 9200/18922 | KD Loss: 4.5800 | Base Loss: 0.8028
Epoch 32/100 | Batch 9400/18922 | KD Loss: 5.0490 | Base Loss: 0.8868
Epoch 32/100 | Batch 9600/18922 | KD Loss: 5.4383 | Base Loss: 0.8389
Epoch 32/100 | Batch 9800/18922 | KD Loss: 4.9199 | Base Loss: 0.7047
Epoch 32/100 | Batch 10000/18922 | KD Loss: 4.7394 | Base Loss: 0.7878
Epoch 32/100 | Batch 10200/18922 | KD Loss: 4.6328 | Base Loss: 0.6132
Epoch 32/100 | Batch 10400/18922 | KD Loss: 4.7027 | Base Loss: 0.7470
Epoch 32/100 | Batch 10600/18922 | KD Loss: 4.8744 | Base Loss: 0.7323
Epoch 32/100 | Batch 10800/18922 | KD Loss: 4.8789 | Base Loss: 0.7261
Epoch 32/100 | Batch 11000/18922 | KD Loss: 4.9051 | Base Loss: 0.9364
Epoch 32/100 | Batch 11200/18922 | KD Loss: 4.7536 | Base Loss: 0.7254
Epoch 32/100 | Batch 11400/18922 | KD Loss: 4.9739 | Base Loss: 0.7597
Epoch 32/100 | Batch 11600/18922 | KD Loss: 4.8704 | Base Loss: 0.6842
Epoch 32/100 | Batch 11800/18922 | KD Loss: 5.2023 | Base Loss: 0.8028
Epoch 32/100 | Batch 12000/18922 | KD Loss: 4.5447 | Base Loss: 0.6578
Epoch 32/100 | Batch 12200/18922 | KD Loss: 4.6094 | Base Loss: 0.9145
Epoch 32/100 | Batch 12400/18922 | KD Loss: 5.2728 | Base Loss: 0.8538
Epoch 32/100 | Batch 12600/18922 | KD Loss: 4.4462 | Base Loss: 0.6150
Epoch 32/100 | Batch 12800/18922 | KD Loss: 4.8376 | Base Loss: 0.7404
Epoch 32/100 | Batch 13000/18922 | KD Loss: 4.8588 | Base Loss: 0.8210
Epoch 32/100 | Batch 13200/18922 | KD Loss: 5.0204 | Base Loss: 0.8023
Epoch 32/100 | Batch 13400/18922 | KD Loss: 5.2200 | Base Loss: 0.7236
Epoch 32/100 | Batch 13600/18922 | KD Loss: 4.8140 | Base Loss: 0.8524
Epoch 32/100 | Batch 13800/18922 | KD Loss: 4.7417 | Base Loss: 0.9275
Epoch 32/100 | Batch 14000/18922 | KD Loss: 5.0771 | Base Loss: 0.8698
Epoch 32/100 | Batch 14200/18922 | KD Loss: 4.8719 | Base Loss: 0.8594
Epoch 32/100 | Batch 14400/18922 | KD Loss: 5.0381 | Base Loss: 0.8178
Epoch 32/100 | Batch 14600/18922 | KD Loss: 4.9547 | Base Loss: 0.8787
Epoch 32/100 | Batch 14800/18922 | KD Loss: 4.9303 | Base Loss: 0.8094
Epoch 32/100 | Batch 15000/18922 | KD Loss: 4.8979 | Base Loss: 0.7570
Epoch 32/100 | Batch 15200/18922 | KD Loss: 5.0073 | Base Loss: 0.7193
Epoch 32/100 | Batch 15400/18922 | KD Loss: 4.5528 | Base Loss: 0.6298
Epoch 32/100 | Batch 15600/18922 | KD Loss: 4.5444 | Base Loss: 0.7322
Epoch 32/100 | Batch 15800/18922 | KD Loss: 5.1491 | Base Loss: 0.8967
Epoch 32/100 | Batch 16000/18922 | KD Loss: 4.6884 | Base Loss: 0.6598
Epoch 32/100 | Batch 16200/18922 | KD Loss: 4.9399 | Base Loss: 0.7140
Epoch 32/100 | Batch 16400/18922 | KD Loss: 5.0092 | Base Loss: 0.7965
Epoch 32/100 | Batch 16600/18922 | KD Loss: 4.2845 | Base Loss: 0.6494
Epoch 32/100 | Batch 16800/18922 | KD Loss: 4.9439 | Base Loss: 0.9309
Epoch 32/100 | Batch 17000/18922 | KD Loss: 5.2609 | Base Loss: 0.9094
Epoch 32/100 | Batch 17200/18922 | KD Loss: 5.0265 | Base Loss: 0.8288
Epoch 32/100 | Batch 17400/18922 | KD Loss: 4.8319 | Base Loss: 0.9114
Epoch 32/100 | Batch 17600/18922 | KD Loss: 4.9533 | Base Loss: 0.7976
Epoch 32/100 | Batch 17800/18922 | KD Loss: 4.6288 | Base Loss: 0.6974
Epoch 32/100 | Batch 18000/18922 | KD Loss: 4.8128 | Base Loss: 0.7038
Epoch 32/100 | Batch 18200/18922 | KD Loss: 4.6666 | Base Loss: 0.8544
Epoch 32/100 | Batch 18400/18922 | KD Loss: 4.6146 | Base Loss: 0.7892
Epoch 32/100 | Batch 18600/18922 | KD Loss: 5.1615 | Base Loss: 0.7175
Epoch 32/100 | Batch 18800/18922 | KD Loss: 4.7096 | Base Loss: 0.7857
====> Epoch 32 Average KD Loss: 4.8681 | LR: 0.000200
Epoch 33/100 | Batch 0/18922 | KD Loss: 4.4897 | Base Loss: 0.6637
Epoch 33/100 | Batch 200/18922 | KD Loss: 4.6791 | Base Loss: 0.5821
Epoch 33/100 | Batch 400/18922 | KD Loss: 4.7693 | Base Loss: 0.8501
Epoch 33/100 | Batch 600/18922 | KD Loss: 4.4366 | Base Loss: 0.7836
Epoch 33/100 | Batch 800/18922 | KD Loss: 4.9440 | Base Loss: 0.7833
Epoch 33/100 | Batch 1000/18922 | KD Loss: 4.7975 | Base Loss: 0.7539
Epoch 33/100 | Batch 1200/18922 | KD Loss: 4.7006 | Base Loss: 0.6048
Epoch 33/100 | Batch 1400/18922 | KD Loss: 5.1086 | Base Loss: 0.8823
Epoch 33/100 | Batch 1600/18922 | KD Loss: 4.7766 | Base Loss: 0.7277
Epoch 33/100 | Batch 1800/18922 | KD Loss: 5.0968 | Base Loss: 0.6817
Epoch 33/100 | Batch 2000/18922 | KD Loss: 5.0950 | Base Loss: 0.9113
Epoch 33/100 | Batch 2200/18922 | KD Loss: 4.6540 | Base Loss: 0.7004
Epoch 33/100 | Batch 2400/18922 | KD Loss: 4.8473 | Base Loss: 0.7596
Epoch 33/100 | Batch 2600/18922 | KD Loss: 4.5679 | Base Loss: 0.7183
Epoch 33/100 | Batch 2800/18922 | KD Loss: 4.5135 | Base Loss: 0.6581
Epoch 33/100 | Batch 3000/18922 | KD Loss: 4.7611 | Base Loss: 0.6385
Epoch 33/100 | Batch 3200/18922 | KD Loss: 4.6951 | Base Loss: 0.7099
Epoch 33/100 | Batch 3400/18922 | KD Loss: 4.6220 | Base Loss: 0.6524
Epoch 33/100 | Batch 3600/18922 | KD Loss: 5.1157 | Base Loss: 1.0124
Epoch 33/100 | Batch 3800/18922 | KD Loss: 4.6839 | Base Loss: 0.7355
Epoch 33/100 | Batch 4000/18922 | KD Loss: 4.4679 | Base Loss: 0.6744
Epoch 33/100 | Batch 4200/18922 | KD Loss: 4.8777 | Base Loss: 0.8258
Epoch 33/100 | Batch 4400/18922 | KD Loss: 4.9934 | Base Loss: 0.7881
Epoch 33/100 | Batch 4600/18922 | KD Loss: 4.7630 | Base Loss: 0.7578
Epoch 33/100 | Batch 4800/18922 | KD Loss: 4.8610 | Base Loss: 0.6316
Epoch 33/100 | Batch 5000/18922 | KD Loss: 4.9120 | Base Loss: 0.6807
Epoch 33/100 | Batch 5200/18922 | KD Loss: 4.9172 | Base Loss: 0.6119
Epoch 33/100 | Batch 5400/18922 | KD Loss: 5.1514 | Base Loss: 0.8955
Epoch 33/100 | Batch 5600/18922 | KD Loss: 4.6236 | Base Loss: 0.6080
Epoch 33/100 | Batch 5800/18922 | KD Loss: 4.6662 | Base Loss: 0.6819
Epoch 33/100 | Batch 6000/18922 | KD Loss: 5.0089 | Base Loss: 0.8063
Epoch 33/100 | Batch 6200/18922 | KD Loss: 4.6290 | Base Loss: 0.6820
Epoch 33/100 | Batch 6400/18922 | KD Loss: 4.7299 | Base Loss: 0.7724
Epoch 33/100 | Batch 6600/18922 | KD Loss: 5.0798 | Base Loss: 0.8262
Epoch 33/100 | Batch 6800/18922 | KD Loss: 5.0117 | Base Loss: 0.7960
Epoch 33/100 | Batch 7000/18922 | KD Loss: 4.9562 | Base Loss: 0.7931
Epoch 33/100 | Batch 7200/18922 | KD Loss: 4.8834 | Base Loss: 0.9824
Epoch 33/100 | Batch 7400/18922 | KD Loss: 4.8603 | Base Loss: 0.7316
Epoch 33/100 | Batch 7600/18922 | KD Loss: 4.8142 | Base Loss: 0.8093
Epoch 33/100 | Batch 7800/18922 | KD Loss: 4.7759 | Base Loss: 0.7193
Epoch 33/100 | Batch 8000/18922 | KD Loss: 4.6197 | Base Loss: 0.6246
Epoch 33/100 | Batch 8200/18922 | KD Loss: 4.8676 | Base Loss: 1.0022
Epoch 33/100 | Batch 8400/18922 | KD Loss: 5.4459 | Base Loss: 0.8754
Epoch 33/100 | Batch 8600/18922 | KD Loss: 4.9588 | Base Loss: 0.9162
Epoch 33/100 | Batch 8800/18922 | KD Loss: 4.9377 | Base Loss: 0.9404
Epoch 33/100 | Batch 9000/18922 | KD Loss: 4.9834 | Base Loss: 0.6286
Epoch 33/100 | Batch 9200/18922 | KD Loss: 4.6874 | Base Loss: 0.7834
Epoch 33/100 | Batch 9400/18922 | KD Loss: 5.2814 | Base Loss: 0.9025
Epoch 33/100 | Batch 9600/18922 | KD Loss: 4.6074 | Base Loss: 0.7908
Epoch 33/100 | Batch 9800/18922 | KD Loss: 4.6142 | Base Loss: 0.6666
Epoch 33/100 | Batch 10000/18922 | KD Loss: 4.7307 | Base Loss: 0.7613
Epoch 33/100 | Batch 10200/18922 | KD Loss: 5.0257 | Base Loss: 0.8066
Epoch 33/100 | Batch 10400/18922 | KD Loss: 5.5952 | Base Loss: 0.8553
Epoch 33/100 | Batch 10600/18922 | KD Loss: 5.0023 | Base Loss: 0.6886
Epoch 33/100 | Batch 10800/18922 | KD Loss: 4.7604 | Base Loss: 0.8476
Epoch 33/100 | Batch 11000/18922 | KD Loss: 4.8549 | Base Loss: 0.8399
Epoch 33/100 | Batch 11200/18922 | KD Loss: 5.0854 | Base Loss: 0.8958
Epoch 33/100 | Batch 11400/18922 | KD Loss: 4.7077 | Base Loss: 0.8607
Epoch 33/100 | Batch 11600/18922 | KD Loss: 4.7982 | Base Loss: 0.8101
Epoch 33/100 | Batch 11800/18922 | KD Loss: 4.6967 | Base Loss: 0.7519
Epoch 33/100 | Batch 12000/18922 | KD Loss: 4.7773 | Base Loss: 0.5584
Epoch 33/100 | Batch 12200/18922 | KD Loss: 4.9993 | Base Loss: 0.6872
Epoch 33/100 | Batch 12400/18922 | KD Loss: 4.8910 | Base Loss: 0.8641
Epoch 33/100 | Batch 12600/18922 | KD Loss: 4.8656 | Base Loss: 0.7484
Epoch 33/100 | Batch 12800/18922 | KD Loss: 5.2440 | Base Loss: 0.6803
Epoch 33/100 | Batch 13000/18922 | KD Loss: 4.8620 | Base Loss: 0.8270
Epoch 33/100 | Batch 13200/18922 | KD Loss: 4.8035 | Base Loss: 0.7310
Epoch 33/100 | Batch 13400/18922 | KD Loss: 4.5485 | Base Loss: 0.5279
Epoch 33/100 | Batch 13600/18922 | KD Loss: 4.6951 | Base Loss: 0.6744
Epoch 33/100 | Batch 13800/18922 | KD Loss: 5.0488 | Base Loss: 0.7197
Epoch 33/100 | Batch 14000/18922 | KD Loss: 5.0747 | Base Loss: 0.7479
Epoch 33/100 | Batch 14200/18922 | KD Loss: 4.8175 | Base Loss: 0.6801
Epoch 33/100 | Batch 14400/18922 | KD Loss: 4.7013 | Base Loss: 0.7524
Epoch 33/100 | Batch 14600/18922 | KD Loss: 4.7489 | Base Loss: 0.6476
Epoch 33/100 | Batch 14800/18922 | KD Loss: 4.8423 | Base Loss: 0.7003
Epoch 33/100 | Batch 15000/18922 | KD Loss: 4.6395 | Base Loss: 0.7435
Epoch 33/100 | Batch 15200/18922 | KD Loss: 5.0503 | Base Loss: 0.8884
Epoch 33/100 | Batch 15400/18922 | KD Loss: 5.1174 | Base Loss: 0.6420
Epoch 33/100 | Batch 15600/18922 | KD Loss: 4.8622 | Base Loss: 0.6999
Epoch 33/100 | Batch 15800/18922 | KD Loss: 4.7630 | Base Loss: 0.7825
Epoch 33/100 | Batch 16000/18922 | KD Loss: 5.0659 | Base Loss: 0.9107
Epoch 33/100 | Batch 16200/18922 | KD Loss: 4.4639 | Base Loss: 0.6731
Epoch 33/100 | Batch 16400/18922 | KD Loss: 4.9156 | Base Loss: 0.8810
Epoch 33/100 | Batch 16600/18922 | KD Loss: 4.9931 | Base Loss: 0.6562
Epoch 33/100 | Batch 16800/18922 | KD Loss: 4.9141 | Base Loss: 0.8462
Epoch 33/100 | Batch 17000/18922 | KD Loss: 4.9320 | Base Loss: 0.8251
Epoch 33/100 | Batch 17200/18922 | KD Loss: 4.6365 | Base Loss: 0.8207
Epoch 33/100 | Batch 17400/18922 | KD Loss: 5.0964 | Base Loss: 0.7527
Epoch 33/100 | Batch 17600/18922 | KD Loss: 4.4418 | Base Loss: 0.6460
Epoch 33/100 | Batch 17800/18922 | KD Loss: 4.3136 | Base Loss: 0.5692
Epoch 33/100 | Batch 18000/18922 | KD Loss: 4.6714 | Base Loss: 0.7923
Epoch 33/100 | Batch 18200/18922 | KD Loss: 4.8360 | Base Loss: 0.7305
Epoch 33/100 | Batch 18400/18922 | KD Loss: 4.8189 | Base Loss: 0.7511
Epoch 33/100 | Batch 18600/18922 | KD Loss: 4.5166 | Base Loss: 0.6149
Epoch 33/100 | Batch 18800/18922 | KD Loss: 4.6751 | Base Loss: 0.6734
====> Epoch 33 Average KD Loss: 4.8650 | LR: 0.000200
Epoch 34/100 | Batch 0/18922 | KD Loss: 5.0274 | Base Loss: 0.8181
Epoch 34/100 | Batch 200/18922 | KD Loss: 4.8535 | Base Loss: 0.7933
Epoch 34/100 | Batch 400/18922 | KD Loss: 4.9124 | Base Loss: 1.0050
Epoch 34/100 | Batch 600/18922 | KD Loss: 4.9123 | Base Loss: 0.8325
Epoch 34/100 | Batch 800/18922 | KD Loss: 4.9311 | Base Loss: 0.8319
Epoch 34/100 | Batch 1000/18922 | KD Loss: 4.7356 | Base Loss: 0.7962
Epoch 34/100 | Batch 1200/18922 | KD Loss: 5.1236 | Base Loss: 0.8017
Epoch 34/100 | Batch 1400/18922 | KD Loss: 4.5160 | Base Loss: 0.5973
Epoch 34/100 | Batch 1600/18922 | KD Loss: 4.7997 | Base Loss: 0.8649
Epoch 34/100 | Batch 1800/18922 | KD Loss: 5.0462 | Base Loss: 0.9493
Epoch 34/100 | Batch 2000/18922 | KD Loss: 4.7668 | Base Loss: 0.7323
Epoch 34/100 | Batch 2200/18922 | KD Loss: 5.1176 | Base Loss: 0.9061
Epoch 34/100 | Batch 2400/18922 | KD Loss: 4.8750 | Base Loss: 0.8665
Epoch 34/100 | Batch 2600/18922 | KD Loss: 5.0554 | Base Loss: 0.8785
Epoch 34/100 | Batch 2800/18922 | KD Loss: 5.0080 | Base Loss: 0.7772
Epoch 34/100 | Batch 3000/18922 | KD Loss: 4.8907 | Base Loss: 0.7635
Epoch 34/100 | Batch 3200/18922 | KD Loss: 4.9904 | Base Loss: 0.9342
Epoch 34/100 | Batch 3400/18922 | KD Loss: 4.4566 | Base Loss: 0.7977
Epoch 34/100 | Batch 3600/18922 | KD Loss: 4.6605 | Base Loss: 0.6070
Epoch 34/100 | Batch 3800/18922 | KD Loss: 4.8166 | Base Loss: 0.9323
Epoch 34/100 | Batch 4000/18922 | KD Loss: 4.9039 | Base Loss: 0.7202
Epoch 34/100 | Batch 4200/18922 | KD Loss: 4.9417 | Base Loss: 0.7870
Epoch 34/100 | Batch 4400/18922 | KD Loss: 4.8025 | Base Loss: 0.6229
Epoch 34/100 | Batch 4600/18922 | KD Loss: 4.9797 | Base Loss: 0.7904
Epoch 34/100 | Batch 4800/18922 | KD Loss: 4.8398 | Base Loss: 0.8248
Epoch 34/100 | Batch 5000/18922 | KD Loss: 5.0136 | Base Loss: 0.8889
Epoch 34/100 | Batch 5200/18922 | KD Loss: 4.6806 | Base Loss: 0.6875
Epoch 34/100 | Batch 5400/18922 | KD Loss: 4.8834 | Base Loss: 0.9176
Epoch 34/100 | Batch 5600/18922 | KD Loss: 4.6557 | Base Loss: 0.6700
Epoch 34/100 | Batch 5800/18922 | KD Loss: 4.9953 | Base Loss: 0.7857
Epoch 34/100 | Batch 6000/18922 | KD Loss: 5.7308 | Base Loss: 1.0053
Epoch 34/100 | Batch 6200/18922 | KD Loss: 4.6201 | Base Loss: 0.7250
Epoch 34/100 | Batch 6400/18922 | KD Loss: 4.9333 | Base Loss: 0.6390
Epoch 34/100 | Batch 6600/18922 | KD Loss: 4.6343 | Base Loss: 0.5982
Epoch 34/100 | Batch 6800/18922 | KD Loss: 4.9841 | Base Loss: 0.7421
Epoch 34/100 | Batch 7000/18922 | KD Loss: 4.7948 | Base Loss: 0.7023
Epoch 34/100 | Batch 7200/18922 | KD Loss: 4.8125 | Base Loss: 0.9089
Epoch 34/100 | Batch 7400/18922 | KD Loss: 4.7238 | Base Loss: 0.6873
Epoch 34/100 | Batch 7600/18922 | KD Loss: 4.6702 | Base Loss: 0.6705
Epoch 34/100 | Batch 7800/18922 | KD Loss: 4.7581 | Base Loss: 0.7470
Epoch 34/100 | Batch 8000/18922 | KD Loss: 5.0488 | Base Loss: 0.7681
Epoch 34/100 | Batch 8200/18922 | KD Loss: 4.7134 | Base Loss: 0.8869
Epoch 34/100 | Batch 8400/18922 | KD Loss: 5.1171 | Base Loss: 0.9356
Epoch 34/100 | Batch 8600/18922 | KD Loss: 4.7698 | Base Loss: 0.6700
Epoch 34/100 | Batch 8800/18922 | KD Loss: 4.7165 | Base Loss: 0.8265
Epoch 34/100 | Batch 9000/18922 | KD Loss: 5.2133 | Base Loss: 0.8092
Epoch 34/100 | Batch 9200/18922 | KD Loss: 4.7828 | Base Loss: 0.7622
Epoch 34/100 | Batch 9400/18922 | KD Loss: 5.0845 | Base Loss: 0.7052
Epoch 34/100 | Batch 9600/18922 | KD Loss: 4.8245 | Base Loss: 0.8058
Epoch 34/100 | Batch 9800/18922 | KD Loss: 5.2001 | Base Loss: 0.9347
Epoch 34/100 | Batch 10000/18922 | KD Loss: 4.5072 | Base Loss: 0.7511
Epoch 34/100 | Batch 10200/18922 | KD Loss: 4.8204 | Base Loss: 0.7759
Epoch 34/100 | Batch 10400/18922 | KD Loss: 4.7815 | Base Loss: 0.6533
Epoch 34/100 | Batch 10600/18922 | KD Loss: 4.8850 | Base Loss: 0.7958
Epoch 34/100 | Batch 10800/18922 | KD Loss: 4.6855 | Base Loss: 0.7367
Epoch 34/100 | Batch 11000/18922 | KD Loss: 4.7126 | Base Loss: 0.8787
Epoch 34/100 | Batch 11200/18922 | KD Loss: 4.5387 | Base Loss: 0.5811
Epoch 34/100 | Batch 11400/18922 | KD Loss: 4.4873 | Base Loss: 0.7835
Epoch 34/100 | Batch 11600/18922 | KD Loss: 4.7851 | Base Loss: 0.8639
Epoch 34/100 | Batch 11800/18922 | KD Loss: 4.9840 | Base Loss: 0.8516
Epoch 34/100 | Batch 12000/18922 | KD Loss: 5.1002 | Base Loss: 0.9384
Epoch 34/100 | Batch 12200/18922 | KD Loss: 4.7728 | Base Loss: 0.6938
Epoch 34/100 | Batch 12400/18922 | KD Loss: 4.8048 | Base Loss: 0.7635
Epoch 34/100 | Batch 12600/18922 | KD Loss: 4.8970 | Base Loss: 0.7923
Epoch 34/100 | Batch 12800/18922 | KD Loss: 4.6420 | Base Loss: 0.6965
Epoch 34/100 | Batch 13000/18922 | KD Loss: 4.6636 | Base Loss: 0.6195
Epoch 34/100 | Batch 13200/18922 | KD Loss: 4.7718 | Base Loss: 0.7995
Epoch 34/100 | Batch 13400/18922 | KD Loss: 5.0894 | Base Loss: 0.8846
Epoch 34/100 | Batch 13600/18922 | KD Loss: 4.5915 | Base Loss: 0.7177
Epoch 34/100 | Batch 13800/18922 | KD Loss: 5.1137 | Base Loss: 0.7823
Epoch 34/100 | Batch 14000/18922 | KD Loss: 4.8980 | Base Loss: 0.7780
Epoch 34/100 | Batch 14200/18922 | KD Loss: 4.5571 | Base Loss: 0.7733
Epoch 34/100 | Batch 14400/18922 | KD Loss: 4.5392 | Base Loss: 0.6239
Epoch 34/100 | Batch 14600/18922 | KD Loss: 5.3314 | Base Loss: 0.9765
Epoch 34/100 | Batch 14800/18922 | KD Loss: 4.6929 | Base Loss: 0.6971
Epoch 34/100 | Batch 15000/18922 | KD Loss: 4.7662 | Base Loss: 0.8665
Epoch 34/100 | Batch 15200/18922 | KD Loss: 4.4793 | Base Loss: 0.6289
Epoch 34/100 | Batch 15400/18922 | KD Loss: 5.0053 | Base Loss: 0.7879
Epoch 34/100 | Batch 15600/18922 | KD Loss: 4.9699 | Base Loss: 0.7799
Epoch 34/100 | Batch 15800/18922 | KD Loss: 4.4034 | Base Loss: 0.6224
Epoch 34/100 | Batch 16000/18922 | KD Loss: 5.1520 | Base Loss: 0.7668
Epoch 34/100 | Batch 16200/18922 | KD Loss: 4.8992 | Base Loss: 0.6143
Epoch 34/100 | Batch 16400/18922 | KD Loss: 4.6300 | Base Loss: 0.6916
Epoch 34/100 | Batch 16600/18922 | KD Loss: 4.9902 | Base Loss: 0.6933
Epoch 34/100 | Batch 16800/18922 | KD Loss: 5.1054 | Base Loss: 0.8168
Epoch 34/100 | Batch 17000/18922 | KD Loss: 5.0280 | Base Loss: 0.8196
Epoch 34/100 | Batch 17200/18922 | KD Loss: 4.9151 | Base Loss: 0.8555
Epoch 34/100 | Batch 17400/18922 | KD Loss: 4.2913 | Base Loss: 0.5737
Epoch 34/100 | Batch 17600/18922 | KD Loss: 4.8711 | Base Loss: 1.0230
Epoch 34/100 | Batch 17800/18922 | KD Loss: 4.7074 | Base Loss: 0.6722
Epoch 34/100 | Batch 18000/18922 | KD Loss: 4.6255 | Base Loss: 0.6206
Epoch 34/100 | Batch 18200/18922 | KD Loss: 4.6422 | Base Loss: 0.7276
Epoch 34/100 | Batch 18400/18922 | KD Loss: 4.9376 | Base Loss: 0.8669
Epoch 34/100 | Batch 18600/18922 | KD Loss: 4.7575 | Base Loss: 0.8830
Epoch 34/100 | Batch 18800/18922 | KD Loss: 4.9932 | Base Loss: 0.8983
====> Epoch 34 Average KD Loss: 4.8632 | LR: 0.000200
Epoch 35/100 | Batch 0/18922 | KD Loss: 4.7978 | Base Loss: 0.7076
Epoch 35/100 | Batch 200/18922 | KD Loss: 4.7234 | Base Loss: 0.6784
Epoch 35/100 | Batch 400/18922 | KD Loss: 4.6855 | Base Loss: 0.8132
Epoch 35/100 | Batch 600/18922 | KD Loss: 4.4354 | Base Loss: 0.6986
Epoch 35/100 | Batch 800/18922 | KD Loss: 5.0041 | Base Loss: 0.8588
Epoch 35/100 | Batch 1000/18922 | KD Loss: 5.0285 | Base Loss: 0.9053
Epoch 35/100 | Batch 1200/18922 | KD Loss: 4.8067 | Base Loss: 0.7566
Epoch 35/100 | Batch 1400/18922 | KD Loss: 4.9099 | Base Loss: 0.8116
Epoch 35/100 | Batch 1600/18922 | KD Loss: 4.9844 | Base Loss: 0.8302
Epoch 35/100 | Batch 1800/18922 | KD Loss: 4.9714 | Base Loss: 0.9140
Epoch 35/100 | Batch 2000/18922 | KD Loss: 4.9584 | Base Loss: 0.7023
Epoch 35/100 | Batch 2200/18922 | KD Loss: 4.8156 | Base Loss: 0.7240
Epoch 35/100 | Batch 2400/18922 | KD Loss: 4.8251 | Base Loss: 0.9009
Epoch 35/100 | Batch 2600/18922 | KD Loss: 4.6674 | Base Loss: 0.7752
Epoch 35/100 | Batch 2800/18922 | KD Loss: 4.9060 | Base Loss: 0.8201
Epoch 35/100 | Batch 3000/18922 | KD Loss: 4.9995 | Base Loss: 0.8429
Epoch 35/100 | Batch 3200/18922 | KD Loss: 5.1491 | Base Loss: 0.9540
Epoch 35/100 | Batch 3400/18922 | KD Loss: 4.7571 | Base Loss: 0.8298
Epoch 35/100 | Batch 3600/18922 | KD Loss: 4.8713 | Base Loss: 0.8982
Epoch 35/100 | Batch 3800/18922 | KD Loss: 4.7960 | Base Loss: 0.8000
Epoch 35/100 | Batch 4000/18922 | KD Loss: 4.5864 | Base Loss: 0.7423
Epoch 35/100 | Batch 4200/18922 | KD Loss: 4.9462 | Base Loss: 0.7315
Epoch 35/100 | Batch 4400/18922 | KD Loss: 4.8634 | Base Loss: 0.8369
Epoch 35/100 | Batch 4600/18922 | KD Loss: 5.1035 | Base Loss: 0.8103
Epoch 35/100 | Batch 4800/18922 | KD Loss: 4.6876 | Base Loss: 0.8465
Epoch 35/100 | Batch 5000/18922 | KD Loss: 4.5735 | Base Loss: 0.5688
Epoch 35/100 | Batch 5200/18922 | KD Loss: 5.0257 | Base Loss: 0.7260
Epoch 35/100 | Batch 5400/18922 | KD Loss: 4.8117 | Base Loss: 0.5899
Epoch 35/100 | Batch 5600/18922 | KD Loss: 4.8507 | Base Loss: 0.6482
Epoch 35/100 | Batch 5800/18922 | KD Loss: 5.0480 | Base Loss: 0.8437
Epoch 35/100 | Batch 6000/18922 | KD Loss: 4.9722 | Base Loss: 0.7836
Epoch 35/100 | Batch 6200/18922 | KD Loss: 4.8938 | Base Loss: 0.8255
Epoch 35/100 | Batch 6400/18922 | KD Loss: 4.9568 | Base Loss: 0.7621
Epoch 35/100 | Batch 6600/18922 | KD Loss: 4.5290 | Base Loss: 0.6208
Epoch 35/100 | Batch 6800/18922 | KD Loss: 4.9018 | Base Loss: 0.7968
Epoch 35/100 | Batch 7000/18922 | KD Loss: 4.7405 | Base Loss: 0.7595
Epoch 35/100 | Batch 7200/18922 | KD Loss: 5.1355 | Base Loss: 0.7793
Epoch 35/100 | Batch 7400/18922 | KD Loss: 4.4562 | Base Loss: 0.7026
Epoch 35/100 | Batch 7600/18922 | KD Loss: 4.9329 | Base Loss: 0.7687
Epoch 35/100 | Batch 7800/18922 | KD Loss: 4.7932 | Base Loss: 0.7475
Epoch 35/100 | Batch 8000/18922 | KD Loss: 4.9490 | Base Loss: 0.9001
Epoch 35/100 | Batch 8200/18922 | KD Loss: 4.6765 | Base Loss: 0.7314
Epoch 35/100 | Batch 8400/18922 | KD Loss: 4.7699 | Base Loss: 0.8157
Epoch 35/100 | Batch 8600/18922 | KD Loss: 4.8628 | Base Loss: 0.9036
Epoch 35/100 | Batch 8800/18922 | KD Loss: 4.8083 | Base Loss: 0.6915
Epoch 35/100 | Batch 9000/18922 | KD Loss: 4.4813 | Base Loss: 0.6472
Epoch 35/100 | Batch 9200/18922 | KD Loss: 4.5857 | Base Loss: 0.8582
Epoch 35/100 | Batch 9400/18922 | KD Loss: 4.8118 | Base Loss: 0.6955
Epoch 35/100 | Batch 9600/18922 | KD Loss: 5.0160 | Base Loss: 0.7543
Epoch 35/100 | Batch 9800/18922 | KD Loss: 4.6122 | Base Loss: 0.7996
Epoch 35/100 | Batch 10000/18922 | KD Loss: 4.7391 | Base Loss: 0.8319
Epoch 35/100 | Batch 10200/18922 | KD Loss: 5.1133 | Base Loss: 0.7380
Epoch 35/100 | Batch 10400/18922 | KD Loss: 4.7158 | Base Loss: 0.8488
Epoch 35/100 | Batch 10600/18922 | KD Loss: 4.8305 | Base Loss: 0.7556
Epoch 35/100 | Batch 10800/18922 | KD Loss: 4.4484 | Base Loss: 0.6480
Epoch 35/100 | Batch 11000/18922 | KD Loss: 5.1255 | Base Loss: 0.8908
Epoch 35/100 | Batch 11200/18922 | KD Loss: 4.6840 | Base Loss: 0.6533
Epoch 35/100 | Batch 11400/18922 | KD Loss: 4.8661 | Base Loss: 0.8506
Epoch 35/100 | Batch 11600/18922 | KD Loss: 4.9115 | Base Loss: 0.6851
Epoch 35/100 | Batch 11800/18922 | KD Loss: 4.5125 | Base Loss: 0.6977
Epoch 35/100 | Batch 12000/18922 | KD Loss: 4.9031 | Base Loss: 0.7007
Epoch 35/100 | Batch 12200/18922 | KD Loss: 4.7531 | Base Loss: 0.7213
Epoch 35/100 | Batch 12400/18922 | KD Loss: 5.1955 | Base Loss: 1.0001
Epoch 35/100 | Batch 12600/18922 | KD Loss: 4.8117 | Base Loss: 0.5999
Epoch 35/100 | Batch 12800/18922 | KD Loss: 5.2387 | Base Loss: 0.9155
Epoch 35/100 | Batch 13000/18922 | KD Loss: 5.0950 | Base Loss: 0.8266
Epoch 35/100 | Batch 13200/18922 | KD Loss: 4.8269 | Base Loss: 0.8874
Epoch 35/100 | Batch 13400/18922 | KD Loss: 4.8222 | Base Loss: 0.6633
Epoch 35/100 | Batch 13600/18922 | KD Loss: 4.6474 | Base Loss: 0.6639
Epoch 35/100 | Batch 13800/18922 | KD Loss: 4.6192 | Base Loss: 0.6097
Epoch 35/100 | Batch 14000/18922 | KD Loss: 4.8348 | Base Loss: 0.7953
Epoch 35/100 | Batch 14200/18922 | KD Loss: 4.9317 | Base Loss: 0.6577
Epoch 35/100 | Batch 14400/18922 | KD Loss: 4.9060 | Base Loss: 0.7262
Epoch 35/100 | Batch 14600/18922 | KD Loss: 4.7046 | Base Loss: 0.5374
Epoch 35/100 | Batch 14800/18922 | KD Loss: 5.1161 | Base Loss: 1.0969
Epoch 35/100 | Batch 15000/18922 | KD Loss: 4.9521 | Base Loss: 0.9852
Epoch 35/100 | Batch 15200/18922 | KD Loss: 4.5643 | Base Loss: 0.7390
Epoch 35/100 | Batch 15400/18922 | KD Loss: 4.9091 | Base Loss: 0.8808
Epoch 35/100 | Batch 15600/18922 | KD Loss: 4.5797 | Base Loss: 0.6781
Epoch 35/100 | Batch 15800/18922 | KD Loss: 4.8413 | Base Loss: 0.7185
Epoch 35/100 | Batch 16000/18922 | KD Loss: 5.0234 | Base Loss: 0.9403
Epoch 35/100 | Batch 16200/18922 | KD Loss: 4.7308 | Base Loss: 0.9228
Epoch 35/100 | Batch 16400/18922 | KD Loss: 4.7688 | Base Loss: 0.8097
Epoch 35/100 | Batch 16600/18922 | KD Loss: 4.7141 | Base Loss: 0.6989
Epoch 35/100 | Batch 16800/18922 | KD Loss: 4.8619 | Base Loss: 0.7243
Epoch 35/100 | Batch 17000/18922 | KD Loss: 4.7923 | Base Loss: 0.7652
Epoch 35/100 | Batch 17200/18922 | KD Loss: 4.6701 | Base Loss: 0.7991
Epoch 35/100 | Batch 17400/18922 | KD Loss: 4.9168 | Base Loss: 0.8126
Epoch 35/100 | Batch 17600/18922 | KD Loss: 4.6439 | Base Loss: 0.7289
Epoch 35/100 | Batch 17800/18922 | KD Loss: 4.9647 | Base Loss: 0.8541
Epoch 35/100 | Batch 18000/18922 | KD Loss: 4.6661 | Base Loss: 0.6753
Epoch 35/100 | Batch 18200/18922 | KD Loss: 4.7884 | Base Loss: 0.7569
Epoch 35/100 | Batch 18400/18922 | KD Loss: 4.8697 | Base Loss: 0.7564
Epoch 35/100 | Batch 18600/18922 | KD Loss: 5.2242 | Base Loss: 0.7646
Epoch 35/100 | Batch 18800/18922 | KD Loss: 5.4941 | Base Loss: 0.9046
====> Epoch 35 Average KD Loss: 4.8607 | LR: 0.000200
Epoch 36/100 | Batch 0/18922 | KD Loss: 4.8797 | Base Loss: 0.8529
Epoch 36/100 | Batch 200/18922 | KD Loss: 4.9957 | Base Loss: 0.8500
Epoch 36/100 | Batch 400/18922 | KD Loss: 4.9986 | Base Loss: 0.8024
Epoch 36/100 | Batch 600/18922 | KD Loss: 4.7026 | Base Loss: 0.6706
Epoch 36/100 | Batch 800/18922 | KD Loss: 4.7519 | Base Loss: 0.7045
Epoch 36/100 | Batch 1000/18922 | KD Loss: 4.7503 | Base Loss: 0.7389
Epoch 36/100 | Batch 1200/18922 | KD Loss: 4.9079 | Base Loss: 0.8442
Epoch 36/100 | Batch 1400/18922 | KD Loss: 4.9906 | Base Loss: 0.8224
Epoch 36/100 | Batch 1600/18922 | KD Loss: 4.7112 | Base Loss: 0.8231
Epoch 36/100 | Batch 1800/18922 | KD Loss: 4.7806 | Base Loss: 0.6193
Epoch 36/100 | Batch 2000/18922 | KD Loss: 4.7911 | Base Loss: 0.6658
Epoch 36/100 | Batch 2200/18922 | KD Loss: 4.5671 | Base Loss: 0.6621
Epoch 36/100 | Batch 2400/18922 | KD Loss: 4.5662 | Base Loss: 0.7147
Epoch 36/100 | Batch 2600/18922 | KD Loss: 4.8692 | Base Loss: 0.7412
Epoch 36/100 | Batch 2800/18922 | KD Loss: 4.8869 | Base Loss: 0.7552
Epoch 36/100 | Batch 3000/18922 | KD Loss: 4.5794 | Base Loss: 0.7602
Epoch 36/100 | Batch 3200/18922 | KD Loss: 4.7210 | Base Loss: 0.8214
Epoch 36/100 | Batch 3400/18922 | KD Loss: 4.9336 | Base Loss: 0.6659
Epoch 36/100 | Batch 3600/18922 | KD Loss: 4.6229 | Base Loss: 0.7148
Epoch 36/100 | Batch 3800/18922 | KD Loss: 4.9189 | Base Loss: 0.7294
Epoch 36/100 | Batch 4000/18922 | KD Loss: 5.2667 | Base Loss: 0.7891
Epoch 36/100 | Batch 4200/18922 | KD Loss: 4.7198 | Base Loss: 0.8331
Epoch 36/100 | Batch 4400/18922 | KD Loss: 4.4140 | Base Loss: 0.6620
Epoch 36/100 | Batch 4600/18922 | KD Loss: 4.4350 | Base Loss: 0.6996
Epoch 36/100 | Batch 4800/18922 | KD Loss: 4.6800 | Base Loss: 0.6799
Epoch 36/100 | Batch 5000/18922 | KD Loss: 5.2172 | Base Loss: 0.9419
Epoch 36/100 | Batch 5200/18922 | KD Loss: 4.7810 | Base Loss: 0.6288
Epoch 36/100 | Batch 5400/18922 | KD Loss: 4.9607 | Base Loss: 0.8156
Epoch 36/100 | Batch 5600/18922 | KD Loss: 4.6069 | Base Loss: 0.6142
Epoch 36/100 | Batch 5800/18922 | KD Loss: 4.8029 | Base Loss: 0.7704
Epoch 36/100 | Batch 6000/18922 | KD Loss: 5.0256 | Base Loss: 0.8305
Epoch 36/100 | Batch 6200/18922 | KD Loss: 4.6937 | Base Loss: 0.8120
Epoch 36/100 | Batch 6400/18922 | KD Loss: 4.6883 | Base Loss: 0.6488
Epoch 36/100 | Batch 6600/18922 | KD Loss: 4.8119 | Base Loss: 0.7813
Epoch 36/100 | Batch 6800/18922 | KD Loss: 4.6125 | Base Loss: 0.7822
Epoch 36/100 | Batch 7000/18922 | KD Loss: 4.7580 | Base Loss: 0.6498
Epoch 36/100 | Batch 7200/18922 | KD Loss: 5.1690 | Base Loss: 0.9394
Epoch 36/100 | Batch 7400/18922 | KD Loss: 5.0252 | Base Loss: 0.8558
Epoch 36/100 | Batch 7600/18922 | KD Loss: 4.7495 | Base Loss: 0.8087
Epoch 36/100 | Batch 7800/18922 | KD Loss: 5.0147 | Base Loss: 0.6688
Epoch 36/100 | Batch 8000/18922 | KD Loss: 4.9112 | Base Loss: 0.7765
Epoch 36/100 | Batch 8200/18922 | KD Loss: 5.1077 | Base Loss: 0.8965
Epoch 36/100 | Batch 8400/18922 | KD Loss: 4.5672 | Base Loss: 0.7221
Epoch 36/100 | Batch 8600/18922 | KD Loss: 4.7445 | Base Loss: 0.7851
Epoch 36/100 | Batch 8800/18922 | KD Loss: 5.0117 | Base Loss: 0.6849
Epoch 36/100 | Batch 9000/18922 | KD Loss: 4.7212 | Base Loss: 0.7585
Epoch 36/100 | Batch 9200/18922 | KD Loss: 4.8192 | Base Loss: 0.7499
Epoch 36/100 | Batch 9400/18922 | KD Loss: 4.8799 | Base Loss: 0.7974
Epoch 36/100 | Batch 9600/18922 | KD Loss: 4.8979 | Base Loss: 0.7704
Epoch 36/100 | Batch 9800/18922 | KD Loss: 4.7385 | Base Loss: 0.7572
Epoch 36/100 | Batch 10000/18922 | KD Loss: 5.0302 | Base Loss: 0.7246
Epoch 36/100 | Batch 10200/18922 | KD Loss: 5.2712 | Base Loss: 0.9023
Epoch 36/100 | Batch 10400/18922 | KD Loss: 5.0908 | Base Loss: 0.7867
Epoch 36/100 | Batch 10600/18922 | KD Loss: 4.4711 | Base Loss: 0.6920
Epoch 36/100 | Batch 10800/18922 | KD Loss: 4.6112 | Base Loss: 0.8061
Epoch 36/100 | Batch 11000/18922 | KD Loss: 4.9225 | Base Loss: 0.6591
Epoch 36/100 | Batch 11200/18922 | KD Loss: 5.0009 | Base Loss: 0.8085
Epoch 36/100 | Batch 11400/18922 | KD Loss: 5.1935 | Base Loss: 0.9622
Epoch 36/100 | Batch 11600/18922 | KD Loss: 4.6870 | Base Loss: 0.7970
Epoch 36/100 | Batch 11800/18922 | KD Loss: 4.8792 | Base Loss: 0.7717
Epoch 36/100 | Batch 12000/18922 | KD Loss: 4.8451 | Base Loss: 0.8701
Epoch 36/100 | Batch 12200/18922 | KD Loss: 4.8748 | Base Loss: 0.7809
Epoch 36/100 | Batch 12400/18922 | KD Loss: 5.1777 | Base Loss: 0.8338
Epoch 36/100 | Batch 12600/18922 | KD Loss: 5.1020 | Base Loss: 0.8581
Epoch 36/100 | Batch 12800/18922 | KD Loss: 4.8307 | Base Loss: 0.7125
Epoch 36/100 | Batch 13000/18922 | KD Loss: 4.9639 | Base Loss: 0.7283
Epoch 36/100 | Batch 13200/18922 | KD Loss: 4.6631 | Base Loss: 0.5207
Epoch 36/100 | Batch 13400/18922 | KD Loss: 4.8715 | Base Loss: 0.8300
Epoch 36/100 | Batch 13600/18922 | KD Loss: 4.7730 | Base Loss: 0.7666
Epoch 36/100 | Batch 13800/18922 | KD Loss: 4.5769 | Base Loss: 0.6492
Epoch 36/100 | Batch 14000/18922 | KD Loss: 4.6332 | Base Loss: 0.6167
Epoch 36/100 | Batch 14200/18922 | KD Loss: 5.0309 | Base Loss: 0.8383
Epoch 36/100 | Batch 14400/18922 | KD Loss: 4.6352 | Base Loss: 0.7833
Epoch 36/100 | Batch 14600/18922 | KD Loss: 5.0303 | Base Loss: 0.7986
Epoch 36/100 | Batch 14800/18922 | KD Loss: 5.0454 | Base Loss: 0.7863
Epoch 36/100 | Batch 15000/18922 | KD Loss: 4.8780 | Base Loss: 0.7222
Epoch 36/100 | Batch 15200/18922 | KD Loss: 4.7009 | Base Loss: 0.6592
Epoch 36/100 | Batch 15400/18922 | KD Loss: 5.0415 | Base Loss: 0.8980
Epoch 36/100 | Batch 15600/18922 | KD Loss: 4.9811 | Base Loss: 0.8416
Epoch 36/100 | Batch 15800/18922 | KD Loss: 5.0827 | Base Loss: 0.8747
Epoch 36/100 | Batch 16000/18922 | KD Loss: 4.8673 | Base Loss: 0.8812
Epoch 36/100 | Batch 16200/18922 | KD Loss: 4.7387 | Base Loss: 0.7534
Epoch 36/100 | Batch 16400/18922 | KD Loss: 4.5167 | Base Loss: 0.6737
Epoch 36/100 | Batch 16600/18922 | KD Loss: 4.6903 | Base Loss: 0.7981
Epoch 36/100 | Batch 16800/18922 | KD Loss: 4.5967 | Base Loss: 0.7147
Epoch 36/100 | Batch 17000/18922 | KD Loss: 4.6378 | Base Loss: 0.6978
Epoch 36/100 | Batch 17200/18922 | KD Loss: 4.8912 | Base Loss: 0.8555
Epoch 36/100 | Batch 17400/18922 | KD Loss: 5.0188 | Base Loss: 0.8099
Epoch 36/100 | Batch 17600/18922 | KD Loss: 5.2098 | Base Loss: 0.8317
Epoch 36/100 | Batch 17800/18922 | KD Loss: 4.5284 | Base Loss: 0.8608
Epoch 36/100 | Batch 18000/18922 | KD Loss: 4.9833 | Base Loss: 0.9801
Epoch 36/100 | Batch 18200/18922 | KD Loss: 4.9773 | Base Loss: 0.6997
Epoch 36/100 | Batch 18400/18922 | KD Loss: 4.8359 | Base Loss: 0.7287
Epoch 36/100 | Batch 18600/18922 | KD Loss: 4.7370 | Base Loss: 0.7836
Epoch 36/100 | Batch 18800/18922 | KD Loss: 4.7359 | Base Loss: 0.7971
====> Epoch 36 Average KD Loss: 4.8580 | LR: 0.000200
Epoch 37/100 | Batch 0/18922 | KD Loss: 4.9451 | Base Loss: 0.9624
Epoch 37/100 | Batch 200/18922 | KD Loss: 4.9128 | Base Loss: 0.7353
Epoch 37/100 | Batch 400/18922 | KD Loss: 4.8435 | Base Loss: 0.7559
Epoch 37/100 | Batch 600/18922 | KD Loss: 4.7761 | Base Loss: 0.7123
Epoch 37/100 | Batch 800/18922 | KD Loss: 5.2882 | Base Loss: 1.1324
Epoch 37/100 | Batch 1000/18922 | KD Loss: 4.3326 | Base Loss: 0.6405
Epoch 37/100 | Batch 1200/18922 | KD Loss: 4.6686 | Base Loss: 0.7112
Epoch 37/100 | Batch 1400/18922 | KD Loss: 4.4949 | Base Loss: 0.7417
Epoch 37/100 | Batch 1600/18922 | KD Loss: 4.7740 | Base Loss: 0.7085
Epoch 37/100 | Batch 1800/18922 | KD Loss: 4.8414 | Base Loss: 0.7932
Epoch 37/100 | Batch 2000/18922 | KD Loss: 4.7914 | Base Loss: 0.6065
Epoch 37/100 | Batch 2200/18922 | KD Loss: 4.6086 | Base Loss: 0.7131
Epoch 37/100 | Batch 2400/18922 | KD Loss: 5.1811 | Base Loss: 0.8564
Epoch 37/100 | Batch 2600/18922 | KD Loss: 4.8775 | Base Loss: 0.8500
Epoch 37/100 | Batch 2800/18922 | KD Loss: 4.8678 | Base Loss: 0.8431
Epoch 37/100 | Batch 3000/18922 | KD Loss: 4.8671 | Base Loss: 0.7856
Epoch 37/100 | Batch 3200/18922 | KD Loss: 4.6641 | Base Loss: 0.6887
Epoch 37/100 | Batch 3400/18922 | KD Loss: 5.0439 | Base Loss: 0.8318
Epoch 37/100 | Batch 3600/18922 | KD Loss: 4.7267 | Base Loss: 0.8298
Epoch 37/100 | Batch 3800/18922 | KD Loss: 4.7929 | Base Loss: 0.6031
Epoch 37/100 | Batch 4000/18922 | KD Loss: 4.4915 | Base Loss: 0.7022
Epoch 37/100 | Batch 4200/18922 | KD Loss: 5.2410 | Base Loss: 0.9249
Epoch 37/100 | Batch 4400/18922 | KD Loss: 5.0076 | Base Loss: 0.8517
Epoch 37/100 | Batch 4600/18922 | KD Loss: 4.8589 | Base Loss: 0.8267
Epoch 37/100 | Batch 4800/18922 | KD Loss: 4.7023 | Base Loss: 0.6447
Epoch 37/100 | Batch 5000/18922 | KD Loss: 4.7550 | Base Loss: 0.7776
Epoch 37/100 | Batch 5200/18922 | KD Loss: 4.9141 | Base Loss: 0.7798
Epoch 37/100 | Batch 5400/18922 | KD Loss: 5.0172 | Base Loss: 0.8031
Epoch 37/100 | Batch 5600/18922 | KD Loss: 4.7424 | Base Loss: 0.7383
Epoch 37/100 | Batch 5800/18922 | KD Loss: 4.3768 | Base Loss: 0.5845
Epoch 37/100 | Batch 6000/18922 | KD Loss: 4.7280 | Base Loss: 0.7002
Epoch 37/100 | Batch 6200/18922 | KD Loss: 4.8392 | Base Loss: 0.7677
Epoch 37/100 | Batch 6400/18922 | KD Loss: 4.9272 | Base Loss: 0.9207
Epoch 37/100 | Batch 6600/18922 | KD Loss: 4.6574 | Base Loss: 0.6942
Epoch 37/100 | Batch 6800/18922 | KD Loss: 4.7334 | Base Loss: 0.7694
Epoch 37/100 | Batch 7000/18922 | KD Loss: 4.7665 | Base Loss: 0.6125
Epoch 37/100 | Batch 7200/18922 | KD Loss: 5.0141 | Base Loss: 0.6762
Epoch 37/100 | Batch 7400/18922 | KD Loss: 4.9225 | Base Loss: 0.7064
Epoch 37/100 | Batch 7600/18922 | KD Loss: 4.7406 | Base Loss: 0.8601
Epoch 37/100 | Batch 7800/18922 | KD Loss: 4.7425 | Base Loss: 0.6174
Epoch 37/100 | Batch 8000/18922 | KD Loss: 4.7221 | Base Loss: 0.8194
Epoch 37/100 | Batch 8200/18922 | KD Loss: 4.8012 | Base Loss: 0.8862
Epoch 37/100 | Batch 8400/18922 | KD Loss: 4.6221 | Base Loss: 0.7238
Epoch 37/100 | Batch 8600/18922 | KD Loss: 5.4360 | Base Loss: 0.8183
Epoch 37/100 | Batch 8800/18922 | KD Loss: 4.5241 | Base Loss: 0.7196
Epoch 37/100 | Batch 9000/18922 | KD Loss: 5.0675 | Base Loss: 0.9988
Epoch 37/100 | Batch 9200/18922 | KD Loss: 4.9728 | Base Loss: 0.8301
Epoch 37/100 | Batch 9400/18922 | KD Loss: 4.8417 | Base Loss: 0.7994
Epoch 37/100 | Batch 9600/18922 | KD Loss: 4.7388 | Base Loss: 0.7202
Epoch 37/100 | Batch 9800/18922 | KD Loss: 4.4623 | Base Loss: 0.6822
Epoch 37/100 | Batch 10000/18922 | KD Loss: 4.7646 | Base Loss: 0.7032
Epoch 37/100 | Batch 10200/18922 | KD Loss: 4.8011 | Base Loss: 0.8109
Epoch 37/100 | Batch 10400/18922 | KD Loss: 4.8276 | Base Loss: 0.7220
Epoch 37/100 | Batch 10600/18922 | KD Loss: 4.7895 | Base Loss: 0.7379
Epoch 37/100 | Batch 10800/18922 | KD Loss: 4.6942 | Base Loss: 0.7300
Epoch 37/100 | Batch 11000/18922 | KD Loss: 5.1107 | Base Loss: 0.6146
Epoch 37/100 | Batch 11200/18922 | KD Loss: 4.8333 | Base Loss: 0.6977
Epoch 37/100 | Batch 11400/18922 | KD Loss: 4.5960 | Base Loss: 0.6792
Epoch 37/100 | Batch 11600/18922 | KD Loss: 4.6262 | Base Loss: 0.7245
Epoch 37/100 | Batch 11800/18922 | KD Loss: 4.7392 | Base Loss: 0.7523
Epoch 37/100 | Batch 12000/18922 | KD Loss: 4.7227 | Base Loss: 0.7857
Epoch 37/100 | Batch 12200/18922 | KD Loss: 4.5717 | Base Loss: 0.7229
Epoch 37/100 | Batch 12400/18922 | KD Loss: 4.8472 | Base Loss: 0.8417
Epoch 37/100 | Batch 12600/18922 | KD Loss: 4.7299 | Base Loss: 0.8596
Epoch 37/100 | Batch 12800/18922 | KD Loss: 4.7737 | Base Loss: 0.7398
Epoch 37/100 | Batch 13000/18922 | KD Loss: 5.0045 | Base Loss: 0.8033
Epoch 37/100 | Batch 13200/18922 | KD Loss: 4.8927 | Base Loss: 0.8365
Epoch 37/100 | Batch 13400/18922 | KD Loss: 4.7693 | Base Loss: 0.6751
Epoch 37/100 | Batch 13600/18922 | KD Loss: 5.0863 | Base Loss: 0.9186
Epoch 37/100 | Batch 13800/18922 | KD Loss: 4.6881 | Base Loss: 0.9146
Epoch 37/100 | Batch 14000/18922 | KD Loss: 4.7795 | Base Loss: 0.6458
Epoch 37/100 | Batch 14200/18922 | KD Loss: 5.3256 | Base Loss: 0.7498
Epoch 37/100 | Batch 14400/18922 | KD Loss: 4.6757 | Base Loss: 0.6623
Epoch 37/100 | Batch 14600/18922 | KD Loss: 5.0472 | Base Loss: 0.8477
Epoch 37/100 | Batch 14800/18922 | KD Loss: 4.8409 | Base Loss: 0.6376
Epoch 37/100 | Batch 15000/18922 | KD Loss: 5.1100 | Base Loss: 0.9121
Epoch 37/100 | Batch 15200/18922 | KD Loss: 5.1895 | Base Loss: 0.8603
Epoch 37/100 | Batch 15400/18922 | KD Loss: 4.8368 | Base Loss: 0.6883
Epoch 37/100 | Batch 15600/18922 | KD Loss: 4.9503 | Base Loss: 0.7618
Epoch 37/100 | Batch 15800/18922 | KD Loss: 5.0098 | Base Loss: 0.7540
Epoch 37/100 | Batch 16000/18922 | KD Loss: 4.8172 | Base Loss: 0.8535
Epoch 37/100 | Batch 16200/18922 | KD Loss: 5.0191 | Base Loss: 0.8646
Epoch 37/100 | Batch 16400/18922 | KD Loss: 4.4673 | Base Loss: 0.7889
Epoch 37/100 | Batch 16600/18922 | KD Loss: 5.1440 | Base Loss: 0.8202
Epoch 37/100 | Batch 16800/18922 | KD Loss: 4.7333 | Base Loss: 0.7224
Epoch 37/100 | Batch 17000/18922 | KD Loss: 4.8739 | Base Loss: 0.8176
Epoch 37/100 | Batch 17200/18922 | KD Loss: 4.9401 | Base Loss: 0.8457
Epoch 37/100 | Batch 17400/18922 | KD Loss: 4.7740 | Base Loss: 0.7734
Epoch 37/100 | Batch 17600/18922 | KD Loss: 4.6428 | Base Loss: 0.7148
Epoch 37/100 | Batch 17800/18922 | KD Loss: 5.0549 | Base Loss: 0.8417
Epoch 37/100 | Batch 18000/18922 | KD Loss: 4.4838 | Base Loss: 0.5876
Epoch 37/100 | Batch 18200/18922 | KD Loss: 4.7732 | Base Loss: 0.8191
Epoch 37/100 | Batch 18400/18922 | KD Loss: 4.4140 | Base Loss: 0.7910
Epoch 37/100 | Batch 18600/18922 | KD Loss: 4.9584 | Base Loss: 0.6832
Epoch 37/100 | Batch 18800/18922 | KD Loss: 4.8524 | Base Loss: 0.7535
====> Epoch 37 Average KD Loss: 4.8574 | LR: 0.000200
Epoch 38/100 | Batch 0/18922 | KD Loss: 5.2145 | Base Loss: 0.7068
Epoch 38/100 | Batch 200/18922 | KD Loss: 4.7612 | Base Loss: 0.7056
Epoch 38/100 | Batch 400/18922 | KD Loss: 5.0105 | Base Loss: 0.9037
Epoch 38/100 | Batch 600/18922 | KD Loss: 5.0989 | Base Loss: 0.7118
Epoch 38/100 | Batch 800/18922 | KD Loss: 4.8916 | Base Loss: 0.8613
Epoch 38/100 | Batch 1000/18922 | KD Loss: 5.1100 | Base Loss: 0.9726
Epoch 38/100 | Batch 1200/18922 | KD Loss: 4.7255 | Base Loss: 0.7848
Epoch 38/100 | Batch 1400/18922 | KD Loss: 5.0736 | Base Loss: 0.8317
Epoch 38/100 | Batch 1600/18922 | KD Loss: 5.0731 | Base Loss: 0.9222
Epoch 38/100 | Batch 1800/18922 | KD Loss: 4.6551 | Base Loss: 0.7785
Epoch 38/100 | Batch 2000/18922 | KD Loss: 4.7814 | Base Loss: 0.8343
Epoch 38/100 | Batch 2200/18922 | KD Loss: 4.7963 | Base Loss: 0.6436
Epoch 38/100 | Batch 2400/18922 | KD Loss: 4.5909 | Base Loss: 0.7424
Epoch 38/100 | Batch 2600/18922 | KD Loss: 5.1105 | Base Loss: 0.8476
Epoch 38/100 | Batch 2800/18922 | KD Loss: 4.5859 | Base Loss: 0.7601
Epoch 38/100 | Batch 3000/18922 | KD Loss: 4.5339 | Base Loss: 0.5700
Epoch 38/100 | Batch 3200/18922 | KD Loss: 4.8001 | Base Loss: 0.7282
Epoch 38/100 | Batch 3400/18922 | KD Loss: 4.9702 | Base Loss: 0.7247
Epoch 38/100 | Batch 3600/18922 | KD Loss: 4.9742 | Base Loss: 0.8102
Epoch 38/100 | Batch 3800/18922 | KD Loss: 4.6650 | Base Loss: 0.6993
Epoch 38/100 | Batch 4000/18922 | KD Loss: 4.8970 | Base Loss: 0.7402
Epoch 38/100 | Batch 4200/18922 | KD Loss: 4.8683 | Base Loss: 0.8427
Epoch 38/100 | Batch 4400/18922 | KD Loss: 4.9899 | Base Loss: 0.7634
Epoch 38/100 | Batch 4600/18922 | KD Loss: 4.7547 | Base Loss: 0.7818
Epoch 38/100 | Batch 4800/18922 | KD Loss: 4.9144 | Base Loss: 0.7348
Epoch 38/100 | Batch 5000/18922 | KD Loss: 5.0490 | Base Loss: 0.8487
Epoch 38/100 | Batch 5200/18922 | KD Loss: 4.9463 | Base Loss: 0.6853
Epoch 38/100 | Batch 5400/18922 | KD Loss: 4.7184 | Base Loss: 0.7287
Epoch 38/100 | Batch 5600/18922 | KD Loss: 4.8473 | Base Loss: 0.7539
Epoch 38/100 | Batch 5800/18922 | KD Loss: 4.8540 | Base Loss: 0.6737
Epoch 38/100 | Batch 6000/18922 | KD Loss: 4.8105 | Base Loss: 0.8194
Epoch 38/100 | Batch 6200/18922 | KD Loss: 4.8615 | Base Loss: 0.8014
Epoch 38/100 | Batch 6400/18922 | KD Loss: 4.9876 | Base Loss: 0.8238
Epoch 38/100 | Batch 6600/18922 | KD Loss: 4.9582 | Base Loss: 0.7772
Epoch 38/100 | Batch 6800/18922 | KD Loss: 4.7853 | Base Loss: 0.6873
Epoch 38/100 | Batch 7000/18922 | KD Loss: 4.6736 | Base Loss: 0.8868
Epoch 38/100 | Batch 7200/18922 | KD Loss: 4.9710 | Base Loss: 0.7846
Epoch 38/100 | Batch 7400/18922 | KD Loss: 4.7053 | Base Loss: 0.7359
Epoch 38/100 | Batch 7600/18922 | KD Loss: 4.7274 | Base Loss: 0.6981
Epoch 38/100 | Batch 7800/18922 | KD Loss: 4.8309 | Base Loss: 0.8598
Epoch 38/100 | Batch 8000/18922 | KD Loss: 4.5284 | Base Loss: 0.6858
Epoch 38/100 | Batch 8200/18922 | KD Loss: 4.7985 | Base Loss: 0.6427
Epoch 38/100 | Batch 8400/18922 | KD Loss: 4.5671 | Base Loss: 0.6556
Epoch 38/100 | Batch 8600/18922 | KD Loss: 4.8063 | Base Loss: 0.6708
Epoch 38/100 | Batch 8800/18922 | KD Loss: 4.7536 | Base Loss: 0.7615
Epoch 38/100 | Batch 9000/18922 | KD Loss: 5.3639 | Base Loss: 1.0601
Epoch 38/100 | Batch 9200/18922 | KD Loss: 4.8250 | Base Loss: 0.7347
Epoch 38/100 | Batch 9400/18922 | KD Loss: 4.7971 | Base Loss: 0.8894
Epoch 38/100 | Batch 9600/18922 | KD Loss: 5.0909 | Base Loss: 0.8840
Epoch 38/100 | Batch 9800/18922 | KD Loss: 5.1578 | Base Loss: 0.8744
Epoch 38/100 | Batch 10000/18922 | KD Loss: 4.7935 | Base Loss: 0.7181
Epoch 38/100 | Batch 10200/18922 | KD Loss: 4.2771 | Base Loss: 0.5270
Epoch 38/100 | Batch 10400/18922 | KD Loss: 4.5521 | Base Loss: 0.8374
Epoch 38/100 | Batch 10600/18922 | KD Loss: 5.0496 | Base Loss: 0.7867
Epoch 38/100 | Batch 10800/18922 | KD Loss: 4.3292 | Base Loss: 0.4362
Epoch 38/100 | Batch 11000/18922 | KD Loss: 4.8256 | Base Loss: 0.7100
Epoch 38/100 | Batch 11200/18922 | KD Loss: 5.1473 | Base Loss: 0.8407
Epoch 38/100 | Batch 11400/18922 | KD Loss: 4.5876 | Base Loss: 0.7127
Epoch 38/100 | Batch 11600/18922 | KD Loss: 4.9495 | Base Loss: 0.9022
Epoch 38/100 | Batch 11800/18922 | KD Loss: 4.7502 | Base Loss: 0.6350
Epoch 38/100 | Batch 12000/18922 | KD Loss: 4.9071 | Base Loss: 0.7712
Epoch 38/100 | Batch 12200/18922 | KD Loss: 4.9860 | Base Loss: 0.8592
Epoch 38/100 | Batch 12400/18922 | KD Loss: 5.2422 | Base Loss: 0.9106
Epoch 38/100 | Batch 12600/18922 | KD Loss: 4.8543 | Base Loss: 0.8571
Epoch 38/100 | Batch 12800/18922 | KD Loss: 4.6046 | Base Loss: 0.7312
Epoch 38/100 | Batch 13000/18922 | KD Loss: 5.0387 | Base Loss: 0.8686
Epoch 38/100 | Batch 13200/18922 | KD Loss: 4.8047 | Base Loss: 0.9471
Epoch 38/100 | Batch 13400/18922 | KD Loss: 5.0232 | Base Loss: 0.8449
Epoch 38/100 | Batch 13600/18922 | KD Loss: 4.5822 | Base Loss: 0.6925
Epoch 38/100 | Batch 13800/18922 | KD Loss: 4.8612 | Base Loss: 0.7696
Epoch 38/100 | Batch 14000/18922 | KD Loss: 4.7974 | Base Loss: 0.8886
Epoch 38/100 | Batch 14200/18922 | KD Loss: 4.7772 | Base Loss: 0.7454
Epoch 38/100 | Batch 14400/18922 | KD Loss: 4.9305 | Base Loss: 0.6827
Epoch 38/100 | Batch 14600/18922 | KD Loss: 5.1679 | Base Loss: 0.8019
Epoch 38/100 | Batch 14800/18922 | KD Loss: 4.8529 | Base Loss: 0.6385
Epoch 38/100 | Batch 15000/18922 | KD Loss: 4.6565 | Base Loss: 0.8957
Epoch 38/100 | Batch 15200/18922 | KD Loss: 4.7786 | Base Loss: 0.7246
Epoch 38/100 | Batch 15400/18922 | KD Loss: 5.0245 | Base Loss: 0.8093
Epoch 38/100 | Batch 15600/18922 | KD Loss: 4.5823 | Base Loss: 0.7110
Epoch 38/100 | Batch 15800/18922 | KD Loss: 5.0199 | Base Loss: 0.7330
Epoch 38/100 | Batch 16000/18922 | KD Loss: 5.4686 | Base Loss: 0.9780
Epoch 38/100 | Batch 16200/18922 | KD Loss: 5.0256 | Base Loss: 0.8601
Epoch 38/100 | Batch 16400/18922 | KD Loss: 4.7598 | Base Loss: 0.7037
Epoch 38/100 | Batch 16600/18922 | KD Loss: 5.0729 | Base Loss: 0.9059
Epoch 38/100 | Batch 16800/18922 | KD Loss: 4.8826 | Base Loss: 0.7412
Epoch 38/100 | Batch 17000/18922 | KD Loss: 4.7036 | Base Loss: 0.5632
Epoch 38/100 | Batch 17200/18922 | KD Loss: 5.0816 | Base Loss: 0.8683
Epoch 38/100 | Batch 17400/18922 | KD Loss: 5.1357 | Base Loss: 0.6437
Epoch 38/100 | Batch 17600/18922 | KD Loss: 4.4875 | Base Loss: 0.6483
Epoch 38/100 | Batch 17800/18922 | KD Loss: 5.1090 | Base Loss: 0.7161
Epoch 38/100 | Batch 18000/18922 | KD Loss: 4.6861 | Base Loss: 0.8226
Epoch 38/100 | Batch 18200/18922 | KD Loss: 4.7728 | Base Loss: 0.6210
Epoch 38/100 | Batch 18400/18922 | KD Loss: 4.8252 | Base Loss: 0.7095
Epoch 38/100 | Batch 18600/18922 | KD Loss: 4.7073 | Base Loss: 0.9802
Epoch 38/100 | Batch 18800/18922 | KD Loss: 4.7692 | Base Loss: 0.7575
====> Epoch 38 Average KD Loss: 4.8552 | LR: 0.000200
Epoch 39/100 | Batch 0/18922 | KD Loss: 4.7830 | Base Loss: 0.8230
Epoch 39/100 | Batch 200/18922 | KD Loss: 4.8028 | Base Loss: 0.7716
Epoch 39/100 | Batch 400/18922 | KD Loss: 5.0028 | Base Loss: 0.6833
Epoch 39/100 | Batch 600/18922 | KD Loss: 4.9133 | Base Loss: 0.7903
Epoch 39/100 | Batch 800/18922 | KD Loss: 4.7895 | Base Loss: 0.9538
Epoch 39/100 | Batch 1000/18922 | KD Loss: 4.6193 | Base Loss: 0.6380
Epoch 39/100 | Batch 1200/18922 | KD Loss: 5.3759 | Base Loss: 0.9059
Epoch 39/100 | Batch 1400/18922 | KD Loss: 4.8098 | Base Loss: 0.8891
Epoch 39/100 | Batch 1600/18922 | KD Loss: 5.0705 | Base Loss: 0.8241
Epoch 39/100 | Batch 1800/18922 | KD Loss: 4.8564 | Base Loss: 0.8252
Epoch 39/100 | Batch 2000/18922 | KD Loss: 4.9720 | Base Loss: 0.8872
Epoch 39/100 | Batch 2200/18922 | KD Loss: 4.5409 | Base Loss: 0.6812
Epoch 39/100 | Batch 2400/18922 | KD Loss: 4.7013 | Base Loss: 0.6607
Epoch 39/100 | Batch 2600/18922 | KD Loss: 4.8933 | Base Loss: 0.7962
Epoch 39/100 | Batch 2800/18922 | KD Loss: 4.9355 | Base Loss: 0.7732
Epoch 39/100 | Batch 3000/18922 | KD Loss: 4.9863 | Base Loss: 0.8121
Epoch 39/100 | Batch 3200/18922 | KD Loss: 4.9490 | Base Loss: 0.7843
Epoch 39/100 | Batch 3400/18922 | KD Loss: 4.7256 | Base Loss: 0.8188
Epoch 39/100 | Batch 3600/18922 | KD Loss: 5.1340 | Base Loss: 0.8007
Epoch 39/100 | Batch 3800/18922 | KD Loss: 4.9240 | Base Loss: 0.7701
Epoch 39/100 | Batch 4000/18922 | KD Loss: 4.9350 | Base Loss: 0.7543
Epoch 39/100 | Batch 4200/18922 | KD Loss: 4.9196 | Base Loss: 0.7545
Epoch 39/100 | Batch 4400/18922 | KD Loss: 4.8902 | Base Loss: 0.7875
Epoch 39/100 | Batch 4600/18922 | KD Loss: 4.5926 | Base Loss: 0.5727
Epoch 39/100 | Batch 4800/18922 | KD Loss: 4.7850 | Base Loss: 0.8245
Epoch 39/100 | Batch 5000/18922 | KD Loss: 4.5496 | Base Loss: 0.7880
Epoch 39/100 | Batch 5200/18922 | KD Loss: 4.7664 | Base Loss: 0.8042
Epoch 39/100 | Batch 5400/18922 | KD Loss: 5.3580 | Base Loss: 0.7864
Epoch 39/100 | Batch 5600/18922 | KD Loss: 4.9115 | Base Loss: 0.8073
Epoch 39/100 | Batch 5800/18922 | KD Loss: 4.5016 | Base Loss: 0.8061
Epoch 39/100 | Batch 6000/18922 | KD Loss: 4.9490 | Base Loss: 0.7636
Epoch 39/100 | Batch 6200/18922 | KD Loss: 4.6269 | Base Loss: 0.6448
Epoch 39/100 | Batch 6400/18922 | KD Loss: 4.8345 | Base Loss: 0.6824
Epoch 39/100 | Batch 6600/18922 | KD Loss: 4.8516 | Base Loss: 0.8829
Epoch 39/100 | Batch 6800/18922 | KD Loss: 5.1416 | Base Loss: 0.9125
Epoch 39/100 | Batch 7000/18922 | KD Loss: 4.6191 | Base Loss: 0.7026
Epoch 39/100 | Batch 7200/18922 | KD Loss: 4.7510 | Base Loss: 0.8711
Epoch 39/100 | Batch 7400/18922 | KD Loss: 5.2683 | Base Loss: 1.0175
Epoch 39/100 | Batch 7600/18922 | KD Loss: 4.8350 | Base Loss: 0.7801
Epoch 39/100 | Batch 7800/18922 | KD Loss: 5.1662 | Base Loss: 0.8618
Epoch 39/100 | Batch 8000/18922 | KD Loss: 4.4852 | Base Loss: 0.7436
Epoch 39/100 | Batch 8200/18922 | KD Loss: 4.7137 | Base Loss: 0.7340
Epoch 39/100 | Batch 8400/18922 | KD Loss: 4.7458 | Base Loss: 0.6184
Epoch 39/100 | Batch 8600/18922 | KD Loss: 4.8576 | Base Loss: 0.8063
Epoch 39/100 | Batch 8800/18922 | KD Loss: 4.8665 | Base Loss: 0.7180
Epoch 39/100 | Batch 9000/18922 | KD Loss: 4.6743 | Base Loss: 0.6904
Epoch 39/100 | Batch 9200/18922 | KD Loss: 4.8407 | Base Loss: 0.6411
Epoch 39/100 | Batch 9400/18922 | KD Loss: 4.9266 | Base Loss: 0.7645
Epoch 39/100 | Batch 9600/18922 | KD Loss: 5.0845 | Base Loss: 0.7718
Epoch 39/100 | Batch 9800/18922 | KD Loss: 5.0722 | Base Loss: 0.9246
Epoch 39/100 | Batch 10000/18922 | KD Loss: 5.0724 | Base Loss: 0.8144
Epoch 39/100 | Batch 10200/18922 | KD Loss: 4.9368 | Base Loss: 0.7345
Epoch 39/100 | Batch 10400/18922 | KD Loss: 4.6078 | Base Loss: 0.8103
Epoch 39/100 | Batch 10600/18922 | KD Loss: 4.9015 | Base Loss: 0.7903
Epoch 39/100 | Batch 10800/18922 | KD Loss: 5.1111 | Base Loss: 0.8660
Epoch 39/100 | Batch 11000/18922 | KD Loss: 4.7877 | Base Loss: 0.7209
Epoch 39/100 | Batch 11200/18922 | KD Loss: 5.1611 | Base Loss: 0.9117
Epoch 39/100 | Batch 11400/18922 | KD Loss: 5.0190 | Base Loss: 0.9016
Epoch 39/100 | Batch 11600/18922 | KD Loss: 5.1060 | Base Loss: 0.9834
Epoch 39/100 | Batch 11800/18922 | KD Loss: 4.7977 | Base Loss: 0.6681
Epoch 39/100 | Batch 12000/18922 | KD Loss: 4.6448 | Base Loss: 0.7640
Epoch 39/100 | Batch 12200/18922 | KD Loss: 4.9198 | Base Loss: 0.8044
Epoch 39/100 | Batch 12400/18922 | KD Loss: 4.5570 | Base Loss: 0.6411
Epoch 39/100 | Batch 12600/18922 | KD Loss: 5.4259 | Base Loss: 0.9959
Epoch 39/100 | Batch 12800/18922 | KD Loss: 5.0272 | Base Loss: 0.8181
Epoch 39/100 | Batch 13000/18922 | KD Loss: 4.9477 | Base Loss: 0.8797
Epoch 39/100 | Batch 13200/18922 | KD Loss: 5.3944 | Base Loss: 1.0819
Epoch 39/100 | Batch 13400/18922 | KD Loss: 4.7413 | Base Loss: 0.6960
Epoch 39/100 | Batch 13600/18922 | KD Loss: 4.8441 | Base Loss: 0.8425
Epoch 39/100 | Batch 13800/18922 | KD Loss: 4.7789 | Base Loss: 0.8543
Epoch 39/100 | Batch 14000/18922 | KD Loss: 4.8179 | Base Loss: 0.5979
Epoch 39/100 | Batch 14200/18922 | KD Loss: 4.8120 | Base Loss: 0.7989
Epoch 39/100 | Batch 14400/18922 | KD Loss: 4.9669 | Base Loss: 0.8043
Epoch 39/100 | Batch 14600/18922 | KD Loss: 4.8527 | Base Loss: 0.8568
Epoch 39/100 | Batch 14800/18922 | KD Loss: 4.7664 | Base Loss: 0.9266
Epoch 39/100 | Batch 15000/18922 | KD Loss: 4.8681 | Base Loss: 0.7217
Epoch 39/100 | Batch 15200/18922 | KD Loss: 4.7456 | Base Loss: 0.7837
Epoch 39/100 | Batch 15400/18922 | KD Loss: 5.0221 | Base Loss: 0.7337
Epoch 39/100 | Batch 15600/18922 | KD Loss: 4.9063 | Base Loss: 0.9603
Epoch 39/100 | Batch 15800/18922 | KD Loss: 4.7406 | Base Loss: 0.7098
Epoch 39/100 | Batch 16000/18922 | KD Loss: 4.4684 | Base Loss: 0.6523
Epoch 39/100 | Batch 16200/18922 | KD Loss: 5.2336 | Base Loss: 0.8934
Epoch 39/100 | Batch 16400/18922 | KD Loss: 5.1125 | Base Loss: 0.8048
Epoch 39/100 | Batch 16600/18922 | KD Loss: 4.8685 | Base Loss: 0.7642
Epoch 39/100 | Batch 16800/18922 | KD Loss: 4.7270 | Base Loss: 0.7212
Epoch 39/100 | Batch 17000/18922 | KD Loss: 4.7781 | Base Loss: 0.7113
Epoch 39/100 | Batch 17200/18922 | KD Loss: 4.3509 | Base Loss: 0.5629
Epoch 39/100 | Batch 17400/18922 | KD Loss: 5.4214 | Base Loss: 1.0021
Epoch 39/100 | Batch 17600/18922 | KD Loss: 4.6052 | Base Loss: 0.6621
Epoch 39/100 | Batch 17800/18922 | KD Loss: 4.9544 | Base Loss: 0.9411
Epoch 39/100 | Batch 18000/18922 | KD Loss: 5.0000 | Base Loss: 0.9172
Epoch 39/100 | Batch 18200/18922 | KD Loss: 4.4697 | Base Loss: 0.7511
Epoch 39/100 | Batch 18400/18922 | KD Loss: 4.6551 | Base Loss: 0.7839
Epoch 39/100 | Batch 18600/18922 | KD Loss: 5.2092 | Base Loss: 1.0787
Epoch 39/100 | Batch 18800/18922 | KD Loss: 5.1956 | Base Loss: 0.9983
====> Epoch 39 Average KD Loss: 4.8530 | LR: 0.000200
Epoch 40/100 | Batch 0/18922 | KD Loss: 4.9458 | Base Loss: 0.8168
Epoch 40/100 | Batch 200/18922 | KD Loss: 4.7838 | Base Loss: 0.7962
Epoch 40/100 | Batch 400/18922 | KD Loss: 5.0037 | Base Loss: 0.7647
Epoch 40/100 | Batch 600/18922 | KD Loss: 5.3112 | Base Loss: 0.9334
Epoch 40/100 | Batch 800/18922 | KD Loss: 4.8917 | Base Loss: 0.7812
Epoch 40/100 | Batch 1000/18922 | KD Loss: 4.6348 | Base Loss: 0.8067
Epoch 40/100 | Batch 1200/18922 | KD Loss: 4.6480 | Base Loss: 0.8190
Epoch 40/100 | Batch 1400/18922 | KD Loss: 5.0587 | Base Loss: 0.9638
Epoch 40/100 | Batch 1600/18922 | KD Loss: 4.9809 | Base Loss: 0.9490
Epoch 40/100 | Batch 1800/18922 | KD Loss: 4.7117 | Base Loss: 0.7650
Epoch 40/100 | Batch 2000/18922 | KD Loss: 5.2180 | Base Loss: 1.0723
Epoch 40/100 | Batch 2200/18922 | KD Loss: 4.8460 | Base Loss: 0.8315
Epoch 40/100 | Batch 2400/18922 | KD Loss: 4.8626 | Base Loss: 0.8060
Epoch 40/100 | Batch 2600/18922 | KD Loss: 4.9755 | Base Loss: 0.8400
Epoch 40/100 | Batch 2800/18922 | KD Loss: 4.7370 | Base Loss: 0.6685
Epoch 40/100 | Batch 3000/18922 | KD Loss: 5.1558 | Base Loss: 0.9542
Epoch 40/100 | Batch 3200/18922 | KD Loss: 4.8350 | Base Loss: 0.8238
Epoch 40/100 | Batch 3400/18922 | KD Loss: 4.9747 | Base Loss: 0.7967
Epoch 40/100 | Batch 3600/18922 | KD Loss: 4.8315 | Base Loss: 0.7392
Epoch 40/100 | Batch 3800/18922 | KD Loss: 4.5914 | Base Loss: 0.8715
Epoch 40/100 | Batch 4000/18922 | KD Loss: 5.1521 | Base Loss: 0.9540
Epoch 40/100 | Batch 4200/18922 | KD Loss: 5.1483 | Base Loss: 0.8114
Epoch 40/100 | Batch 4400/18922 | KD Loss: 4.5776 | Base Loss: 0.7757
Epoch 40/100 | Batch 4600/18922 | KD Loss: 4.9785 | Base Loss: 0.7661
Epoch 40/100 | Batch 4800/18922 | KD Loss: 4.9454 | Base Loss: 0.7738
Epoch 40/100 | Batch 5000/18922 | KD Loss: 5.0702 | Base Loss: 0.8206
Epoch 40/100 | Batch 5200/18922 | KD Loss: 4.4517 | Base Loss: 0.6121
Epoch 40/100 | Batch 5400/18922 | KD Loss: 4.4036 | Base Loss: 0.6387
Epoch 40/100 | Batch 5600/18922 | KD Loss: 4.8811 | Base Loss: 0.7256
Epoch 40/100 | Batch 5800/18922 | KD Loss: 4.5631 | Base Loss: 0.8196
Epoch 40/100 | Batch 6000/18922 | KD Loss: 4.6535 | Base Loss: 0.8162
Epoch 40/100 | Batch 6200/18922 | KD Loss: 4.8857 | Base Loss: 0.6072
Epoch 40/100 | Batch 6400/18922 | KD Loss: 4.6248 | Base Loss: 0.6303
Epoch 40/100 | Batch 6600/18922 | KD Loss: 4.5328 | Base Loss: 0.7254
Epoch 40/100 | Batch 6800/18922 | KD Loss: 4.9325 | Base Loss: 0.8737
Epoch 40/100 | Batch 7000/18922 | KD Loss: 5.0439 | Base Loss: 0.8097
Epoch 40/100 | Batch 7200/18922 | KD Loss: 4.8936 | Base Loss: 0.7025
Epoch 40/100 | Batch 7400/18922 | KD Loss: 4.7577 | Base Loss: 0.6398
Epoch 40/100 | Batch 7600/18922 | KD Loss: 4.9464 | Base Loss: 0.7313
Epoch 40/100 | Batch 7800/18922 | KD Loss: 4.8863 | Base Loss: 0.7848
Epoch 40/100 | Batch 8000/18922 | KD Loss: 4.9263 | Base Loss: 0.7640
Epoch 40/100 | Batch 8200/18922 | KD Loss: 4.8622 | Base Loss: 0.8846
Epoch 40/100 | Batch 8400/18922 | KD Loss: 4.9422 | Base Loss: 0.7694
Epoch 40/100 | Batch 8600/18922 | KD Loss: 4.7451 | Base Loss: 0.8989
Epoch 40/100 | Batch 8800/18922 | KD Loss: 4.7634 | Base Loss: 0.7738
Epoch 40/100 | Batch 9000/18922 | KD Loss: 4.3938 | Base Loss: 0.5636
Epoch 40/100 | Batch 9200/18922 | KD Loss: 4.9686 | Base Loss: 0.8069
Epoch 40/100 | Batch 9400/18922 | KD Loss: 4.7387 | Base Loss: 0.7492
Epoch 40/100 | Batch 9600/18922 | KD Loss: 5.0463 | Base Loss: 0.7941
Epoch 40/100 | Batch 9800/18922 | KD Loss: 4.6269 | Base Loss: 0.5822
Epoch 40/100 | Batch 10000/18922 | KD Loss: 4.5998 | Base Loss: 0.9388
Epoch 40/100 | Batch 10200/18922 | KD Loss: 4.9976 | Base Loss: 0.7262
Epoch 40/100 | Batch 10400/18922 | KD Loss: 4.7503 | Base Loss: 0.6927
Epoch 40/100 | Batch 10600/18922 | KD Loss: 4.6594 | Base Loss: 0.6581
Epoch 40/100 | Batch 10800/18922 | KD Loss: 4.5178 | Base Loss: 0.6778
Epoch 40/100 | Batch 11000/18922 | KD Loss: 4.7878 | Base Loss: 0.7842
Epoch 40/100 | Batch 11200/18922 | KD Loss: 4.6839 | Base Loss: 0.7152
Epoch 40/100 | Batch 11400/18922 | KD Loss: 4.7112 | Base Loss: 0.6768
Epoch 40/100 | Batch 11600/18922 | KD Loss: 5.0156 | Base Loss: 0.8828
Epoch 40/100 | Batch 11800/18922 | KD Loss: 4.9525 | Base Loss: 0.8910
Epoch 40/100 | Batch 12000/18922 | KD Loss: 5.2539 | Base Loss: 0.9060
Epoch 40/100 | Batch 12200/18922 | KD Loss: 4.7193 | Base Loss: 0.7359
Epoch 40/100 | Batch 12400/18922 | KD Loss: 5.0127 | Base Loss: 0.7566
Epoch 40/100 | Batch 12600/18922 | KD Loss: 5.0193 | Base Loss: 0.7580
Epoch 40/100 | Batch 12800/18922 | KD Loss: 4.6712 | Base Loss: 0.6574
Epoch 40/100 | Batch 13000/18922 | KD Loss: 4.7593 | Base Loss: 0.7286
Epoch 40/100 | Batch 13200/18922 | KD Loss: 4.8760 | Base Loss: 0.7933
Epoch 40/100 | Batch 13400/18922 | KD Loss: 4.8121 | Base Loss: 0.7910
Epoch 40/100 | Batch 13600/18922 | KD Loss: 5.0990 | Base Loss: 0.7616
Epoch 40/100 | Batch 13800/18922 | KD Loss: 5.2401 | Base Loss: 0.8178
Epoch 40/100 | Batch 14000/18922 | KD Loss: 4.9525 | Base Loss: 0.9026
Epoch 40/100 | Batch 14200/18922 | KD Loss: 4.9494 | Base Loss: 0.7982
Epoch 40/100 | Batch 14400/18922 | KD Loss: 4.7488 | Base Loss: 0.7546
Epoch 40/100 | Batch 14600/18922 | KD Loss: 4.9286 | Base Loss: 0.8087
Epoch 40/100 | Batch 14800/18922 | KD Loss: 4.5303 | Base Loss: 0.5833
Epoch 40/100 | Batch 15000/18922 | KD Loss: 4.9197 | Base Loss: 0.7017
Epoch 40/100 | Batch 15200/18922 | KD Loss: 4.6597 | Base Loss: 0.7233
Epoch 40/100 | Batch 15400/18922 | KD Loss: 5.1535 | Base Loss: 0.7724
Epoch 40/100 | Batch 15600/18922 | KD Loss: 5.1246 | Base Loss: 0.6943
Epoch 40/100 | Batch 15800/18922 | KD Loss: 5.0771 | Base Loss: 0.8480
Epoch 40/100 | Batch 16000/18922 | KD Loss: 5.0836 | Base Loss: 0.8476
Epoch 40/100 | Batch 16200/18922 | KD Loss: 4.5793 | Base Loss: 0.7310
Epoch 40/100 | Batch 16400/18922 | KD Loss: 5.0028 | Base Loss: 0.7772
Epoch 40/100 | Batch 16600/18922 | KD Loss: 5.0055 | Base Loss: 0.7199
Epoch 40/100 | Batch 16800/18922 | KD Loss: 4.7457 | Base Loss: 0.8299
Epoch 40/100 | Batch 17000/18922 | KD Loss: 5.2555 | Base Loss: 0.9286
Epoch 40/100 | Batch 17200/18922 | KD Loss: 4.7794 | Base Loss: 0.7116
Epoch 40/100 | Batch 17400/18922 | KD Loss: 5.0621 | Base Loss: 0.9228
Epoch 40/100 | Batch 17600/18922 | KD Loss: 4.8645 | Base Loss: 0.9920
Epoch 40/100 | Batch 17800/18922 | KD Loss: 4.5903 | Base Loss: 0.7108
Epoch 40/100 | Batch 18000/18922 | KD Loss: 4.8141 | Base Loss: 0.7538
Epoch 40/100 | Batch 18200/18922 | KD Loss: 4.7129 | Base Loss: 0.7509
Epoch 40/100 | Batch 18400/18922 | KD Loss: 4.6673 | Base Loss: 0.6818
Epoch 40/100 | Batch 18600/18922 | KD Loss: 5.1718 | Base Loss: 0.7876
Epoch 40/100 | Batch 18800/18922 | KD Loss: 4.9846 | Base Loss: 0.8297
====> Epoch 40 Average KD Loss: 4.8499 | LR: 0.000200
Epoch 41/100 | Batch 0/18922 | KD Loss: 4.8785 | Base Loss: 0.8322
Epoch 41/100 | Batch 200/18922 | KD Loss: 4.7680 | Base Loss: 0.8667
Epoch 41/100 | Batch 400/18922 | KD Loss: 5.0257 | Base Loss: 0.7101
Epoch 41/100 | Batch 600/18922 | KD Loss: 4.9227 | Base Loss: 0.8623
Epoch 41/100 | Batch 800/18922 | KD Loss: 5.4182 | Base Loss: 0.8308
Epoch 41/100 | Batch 1000/18922 | KD Loss: 4.5757 | Base Loss: 0.6795
Epoch 41/100 | Batch 1200/18922 | KD Loss: 4.7284 | Base Loss: 0.7139
Epoch 41/100 | Batch 1400/18922 | KD Loss: 4.8582 | Base Loss: 0.8710
Epoch 41/100 | Batch 1600/18922 | KD Loss: 4.9444 | Base Loss: 0.7534
Epoch 41/100 | Batch 1800/18922 | KD Loss: 5.0376 | Base Loss: 0.8777
Epoch 41/100 | Batch 2000/18922 | KD Loss: 4.9869 | Base Loss: 0.7181
Epoch 41/100 | Batch 2200/18922 | KD Loss: 5.2631 | Base Loss: 0.9129
Epoch 41/100 | Batch 2400/18922 | KD Loss: 4.6829 | Base Loss: 0.6724
Epoch 41/100 | Batch 2600/18922 | KD Loss: 4.4362 | Base Loss: 0.6788
Epoch 41/100 | Batch 2800/18922 | KD Loss: 4.9450 | Base Loss: 0.7098
Epoch 41/100 | Batch 3000/18922 | KD Loss: 4.7997 | Base Loss: 0.6107
Epoch 41/100 | Batch 3200/18922 | KD Loss: 4.9012 | Base Loss: 1.0014
Epoch 41/100 | Batch 3400/18922 | KD Loss: 5.1003 | Base Loss: 0.8179
Epoch 41/100 | Batch 3600/18922 | KD Loss: 4.7522 | Base Loss: 0.7749
Epoch 41/100 | Batch 3800/18922 | KD Loss: 4.3595 | Base Loss: 0.6637
Epoch 41/100 | Batch 4000/18922 | KD Loss: 4.7156 | Base Loss: 0.7743
Epoch 41/100 | Batch 4200/18922 | KD Loss: 5.1632 | Base Loss: 0.8370
Epoch 41/100 | Batch 4400/18922 | KD Loss: 4.6711 | Base Loss: 0.6675
Epoch 41/100 | Batch 4600/18922 | KD Loss: 4.6535 | Base Loss: 0.7435
Epoch 41/100 | Batch 4800/18922 | KD Loss: 4.4907 | Base Loss: 0.7496
Epoch 41/100 | Batch 5000/18922 | KD Loss: 5.0489 | Base Loss: 0.8247
Epoch 41/100 | Batch 5200/18922 | KD Loss: 4.7958 | Base Loss: 0.9167
Epoch 41/100 | Batch 5400/18922 | KD Loss: 4.5895 | Base Loss: 0.6776
Epoch 41/100 | Batch 5600/18922 | KD Loss: 4.7423 | Base Loss: 0.6146
Epoch 41/100 | Batch 5800/18922 | KD Loss: 4.8506 | Base Loss: 0.7509
Epoch 41/100 | Batch 6000/18922 | KD Loss: 4.6959 | Base Loss: 0.6550
Epoch 41/100 | Batch 6200/18922 | KD Loss: 4.8690 | Base Loss: 0.7658
Epoch 41/100 | Batch 6400/18922 | KD Loss: 4.5009 | Base Loss: 0.7261
Epoch 41/100 | Batch 6600/18922 | KD Loss: 5.3225 | Base Loss: 1.0126
Epoch 41/100 | Batch 6800/18922 | KD Loss: 4.4911 | Base Loss: 0.7824
Epoch 41/100 | Batch 7000/18922 | KD Loss: 4.8212 | Base Loss: 0.7187
Epoch 41/100 | Batch 7200/18922 | KD Loss: 4.7423 | Base Loss: 0.7505
Epoch 41/100 | Batch 7400/18922 | KD Loss: 5.2202 | Base Loss: 0.8515
Epoch 41/100 | Batch 7600/18922 | KD Loss: 4.6020 | Base Loss: 0.6743
Epoch 41/100 | Batch 7800/18922 | KD Loss: 4.6021 | Base Loss: 0.6389
Epoch 41/100 | Batch 8000/18922 | KD Loss: 4.6465 | Base Loss: 0.7661
Epoch 41/100 | Batch 8200/18922 | KD Loss: 5.0993 | Base Loss: 1.0172
Epoch 41/100 | Batch 8400/18922 | KD Loss: 5.0627 | Base Loss: 1.0958
Epoch 41/100 | Batch 8600/18922 | KD Loss: 4.9465 | Base Loss: 0.7397
Epoch 41/100 | Batch 8800/18922 | KD Loss: 5.0483 | Base Loss: 0.7847
Epoch 41/100 | Batch 9000/18922 | KD Loss: 4.9299 | Base Loss: 0.6911
Epoch 41/100 | Batch 9200/18922 | KD Loss: 4.9046 | Base Loss: 0.7758
Epoch 41/100 | Batch 9400/18922 | KD Loss: 4.9878 | Base Loss: 0.7721
Epoch 41/100 | Batch 9600/18922 | KD Loss: 5.0807 | Base Loss: 1.0805
Epoch 41/100 | Batch 9800/18922 | KD Loss: 4.6499 | Base Loss: 0.7509
Epoch 41/100 | Batch 10000/18922 | KD Loss: 4.7666 | Base Loss: 0.7821
Epoch 41/100 | Batch 10200/18922 | KD Loss: 5.0263 | Base Loss: 0.8031
Epoch 41/100 | Batch 10400/18922 | KD Loss: 5.0287 | Base Loss: 0.7297
Epoch 41/100 | Batch 10600/18922 | KD Loss: 4.7314 | Base Loss: 0.7953
Epoch 41/100 | Batch 10800/18922 | KD Loss: 4.7543 | Base Loss: 0.5946
Epoch 41/100 | Batch 11000/18922 | KD Loss: 5.0447 | Base Loss: 0.8602
Epoch 41/100 | Batch 11200/18922 | KD Loss: 4.6043 | Base Loss: 0.7037
Epoch 41/100 | Batch 11400/18922 | KD Loss: 4.6180 | Base Loss: 0.7494
Epoch 41/100 | Batch 11600/18922 | KD Loss: 4.6420 | Base Loss: 0.6772
Epoch 41/100 | Batch 11800/18922 | KD Loss: 4.8861 | Base Loss: 0.8412
Epoch 41/100 | Batch 12000/18922 | KD Loss: 4.8551 | Base Loss: 0.8153
Epoch 41/100 | Batch 12200/18922 | KD Loss: 4.7321 | Base Loss: 0.6601
Epoch 41/100 | Batch 12400/18922 | KD Loss: 4.7044 | Base Loss: 0.7751
Epoch 41/100 | Batch 12600/18922 | KD Loss: 4.5960 | Base Loss: 0.6986
Epoch 41/100 | Batch 12800/18922 | KD Loss: 4.7130 | Base Loss: 0.8017
Epoch 41/100 | Batch 13000/18922 | KD Loss: 4.9207 | Base Loss: 0.8022
Epoch 41/100 | Batch 13200/18922 | KD Loss: 5.2559 | Base Loss: 1.0501
Epoch 41/100 | Batch 13400/18922 | KD Loss: 5.0654 | Base Loss: 0.8420
Epoch 41/100 | Batch 13600/18922 | KD Loss: 4.6795 | Base Loss: 0.6722
Epoch 41/100 | Batch 13800/18922 | KD Loss: 4.7619 | Base Loss: 0.7810
Epoch 41/100 | Batch 14000/18922 | KD Loss: 4.7918 | Base Loss: 0.7548
Epoch 41/100 | Batch 14200/18922 | KD Loss: 5.2157 | Base Loss: 0.7672
Epoch 41/100 | Batch 14400/18922 | KD Loss: 4.7189 | Base Loss: 0.7669
Epoch 41/100 | Batch 14600/18922 | KD Loss: 4.4263 | Base Loss: 0.6093
Epoch 41/100 | Batch 14800/18922 | KD Loss: 5.0883 | Base Loss: 0.8433
Epoch 41/100 | Batch 15000/18922 | KD Loss: 4.9769 | Base Loss: 0.9611
Epoch 41/100 | Batch 15200/18922 | KD Loss: 4.7354 | Base Loss: 0.7204
Epoch 41/100 | Batch 15400/18922 | KD Loss: 4.8847 | Base Loss: 0.7301
Epoch 41/100 | Batch 15600/18922 | KD Loss: 5.2781 | Base Loss: 0.9453
Epoch 41/100 | Batch 15800/18922 | KD Loss: 4.8314 | Base Loss: 0.8019
Epoch 41/100 | Batch 16000/18922 | KD Loss: 4.9605 | Base Loss: 0.9550
Epoch 41/100 | Batch 16200/18922 | KD Loss: 5.1677 | Base Loss: 0.7272
Epoch 41/100 | Batch 16400/18922 | KD Loss: 4.9197 | Base Loss: 0.6982
Epoch 41/100 | Batch 16600/18922 | KD Loss: 4.6881 | Base Loss: 0.6659
Epoch 41/100 | Batch 16800/18922 | KD Loss: 4.6339 | Base Loss: 0.6254
Epoch 41/100 | Batch 17000/18922 | KD Loss: 4.7503 | Base Loss: 0.8125
Epoch 41/100 | Batch 17200/18922 | KD Loss: 4.6860 | Base Loss: 0.7947
Epoch 41/100 | Batch 17400/18922 | KD Loss: 4.7155 | Base Loss: 0.6476
Epoch 41/100 | Batch 17600/18922 | KD Loss: 4.6560 | Base Loss: 0.8264
Epoch 41/100 | Batch 17800/18922 | KD Loss: 5.0551 | Base Loss: 0.7875
Epoch 41/100 | Batch 18000/18922 | KD Loss: 4.5114 | Base Loss: 0.6963
Epoch 41/100 | Batch 18200/18922 | KD Loss: 4.5570 | Base Loss: 0.8719
Epoch 41/100 | Batch 18400/18922 | KD Loss: 4.9243 | Base Loss: 0.8973
Epoch 41/100 | Batch 18600/18922 | KD Loss: 4.9766 | Base Loss: 0.9192
Epoch 41/100 | Batch 18800/18922 | KD Loss: 4.9172 | Base Loss: 0.6902
====> Epoch 41 Average KD Loss: 4.8475 | LR: 0.000200
Epoch 42/100 | Batch 0/18922 | KD Loss: 4.7136 | Base Loss: 0.6444
Epoch 42/100 | Batch 200/18922 | KD Loss: 4.5967 | Base Loss: 0.6757
Epoch 42/100 | Batch 400/18922 | KD Loss: 4.8541 | Base Loss: 0.8555
Epoch 42/100 | Batch 600/18922 | KD Loss: 5.1012 | Base Loss: 0.8284
Epoch 42/100 | Batch 800/18922 | KD Loss: 4.7158 | Base Loss: 0.7852
Epoch 42/100 | Batch 1000/18922 | KD Loss: 4.9479 | Base Loss: 0.7830
Epoch 42/100 | Batch 1200/18922 | KD Loss: 5.1077 | Base Loss: 0.6918
Epoch 42/100 | Batch 1400/18922 | KD Loss: 4.8110 | Base Loss: 0.7980
Epoch 42/100 | Batch 1600/18922 | KD Loss: 4.6850 | Base Loss: 0.6958
Epoch 42/100 | Batch 1800/18922 | KD Loss: 4.8510 | Base Loss: 0.8115
Epoch 42/100 | Batch 2000/18922 | KD Loss: 4.6763 | Base Loss: 0.7505
Epoch 42/100 | Batch 2200/18922 | KD Loss: 4.7929 | Base Loss: 0.7129
Epoch 42/100 | Batch 2400/18922 | KD Loss: 4.6530 | Base Loss: 0.7002
Epoch 42/100 | Batch 2600/18922 | KD Loss: 4.9530 | Base Loss: 0.8258
Epoch 42/100 | Batch 2800/18922 | KD Loss: 4.7482 | Base Loss: 0.6937
Epoch 42/100 | Batch 3000/18922 | KD Loss: 4.8395 | Base Loss: 0.7543
Epoch 42/100 | Batch 3200/18922 | KD Loss: 4.4898 | Base Loss: 0.6642
Epoch 42/100 | Batch 3400/18922 | KD Loss: 4.7668 | Base Loss: 0.6824
Epoch 42/100 | Batch 3600/18922 | KD Loss: 4.6973 | Base Loss: 0.7372
Epoch 42/100 | Batch 3800/18922 | KD Loss: 5.0374 | Base Loss: 0.8352
Epoch 42/100 | Batch 4000/18922 | KD Loss: 5.1464 | Base Loss: 0.8459
Epoch 42/100 | Batch 4200/18922 | KD Loss: 4.9408 | Base Loss: 0.8500
Epoch 42/100 | Batch 4400/18922 | KD Loss: 4.8924 | Base Loss: 0.6725
Epoch 42/100 | Batch 4600/18922 | KD Loss: 4.7633 | Base Loss: 0.7923
Epoch 42/100 | Batch 4800/18922 | KD Loss: 4.8835 | Base Loss: 0.7163
Epoch 42/100 | Batch 5000/18922 | KD Loss: 4.9112 | Base Loss: 0.8789
Epoch 42/100 | Batch 5200/18922 | KD Loss: 4.9179 | Base Loss: 0.8877
Epoch 42/100 | Batch 5400/18922 | KD Loss: 4.8200 | Base Loss: 0.8454
Epoch 42/100 | Batch 5600/18922 | KD Loss: 4.8015 | Base Loss: 0.7403
Epoch 42/100 | Batch 5800/18922 | KD Loss: 4.9249 | Base Loss: 0.8961
Epoch 42/100 | Batch 6000/18922 | KD Loss: 4.8326 | Base Loss: 0.8035
Epoch 42/100 | Batch 6200/18922 | KD Loss: 5.0716 | Base Loss: 0.9530
Epoch 42/100 | Batch 6400/18922 | KD Loss: 4.7281 | Base Loss: 0.8927
Epoch 42/100 | Batch 6600/18922 | KD Loss: 4.6222 | Base Loss: 0.7960
Epoch 42/100 | Batch 6800/18922 | KD Loss: 4.8771 | Base Loss: 0.5565
Epoch 42/100 | Batch 7000/18922 | KD Loss: 5.1933 | Base Loss: 0.8774
Epoch 42/100 | Batch 7200/18922 | KD Loss: 5.1734 | Base Loss: 0.8264
Epoch 42/100 | Batch 7400/18922 | KD Loss: 4.9139 | Base Loss: 0.8371
Epoch 42/100 | Batch 7600/18922 | KD Loss: 4.8853 | Base Loss: 1.0127
Epoch 42/100 | Batch 7800/18922 | KD Loss: 4.9317 | Base Loss: 0.8075
Epoch 42/100 | Batch 8000/18922 | KD Loss: 4.6251 | Base Loss: 0.7679
Epoch 42/100 | Batch 8200/18922 | KD Loss: 4.7791 | Base Loss: 0.7828
Epoch 42/100 | Batch 8400/18922 | KD Loss: 5.1443 | Base Loss: 0.9560
Epoch 42/100 | Batch 8600/18922 | KD Loss: 4.8447 | Base Loss: 0.8809
Epoch 42/100 | Batch 8800/18922 | KD Loss: 4.6618 | Base Loss: 0.7362
Epoch 42/100 | Batch 9000/18922 | KD Loss: 4.8542 | Base Loss: 0.8040
Epoch 42/100 | Batch 9200/18922 | KD Loss: 4.8890 | Base Loss: 0.8002
Epoch 42/100 | Batch 9400/18922 | KD Loss: 4.7206 | Base Loss: 0.7528
Epoch 42/100 | Batch 9600/18922 | KD Loss: 5.0477 | Base Loss: 0.9146
Epoch 42/100 | Batch 9800/18922 | KD Loss: 4.8283 | Base Loss: 0.7973
Epoch 42/100 | Batch 10000/18922 | KD Loss: 4.7092 | Base Loss: 0.5997
Epoch 42/100 | Batch 10200/18922 | KD Loss: 4.8616 | Base Loss: 0.7836
Epoch 42/100 | Batch 10400/18922 | KD Loss: 4.8772 | Base Loss: 0.8989
Epoch 42/100 | Batch 10600/18922 | KD Loss: 5.1745 | Base Loss: 0.8608
Epoch 42/100 | Batch 10800/18922 | KD Loss: 5.1793 | Base Loss: 0.8731
Epoch 42/100 | Batch 11000/18922 | KD Loss: 4.9475 | Base Loss: 0.9190
Epoch 42/100 | Batch 11200/18922 | KD Loss: 5.1228 | Base Loss: 0.8410
Epoch 42/100 | Batch 11400/18922 | KD Loss: 4.6039 | Base Loss: 0.7299
Epoch 42/100 | Batch 11600/18922 | KD Loss: 4.9163 | Base Loss: 0.7733
Epoch 42/100 | Batch 11800/18922 | KD Loss: 5.0023 | Base Loss: 0.7302
Epoch 42/100 | Batch 12000/18922 | KD Loss: 4.5407 | Base Loss: 0.7505
Epoch 42/100 | Batch 12200/18922 | KD Loss: 4.7379 | Base Loss: 0.7583
Epoch 42/100 | Batch 12400/18922 | KD Loss: 4.8584 | Base Loss: 0.6967
Epoch 42/100 | Batch 12600/18922 | KD Loss: 4.8708 | Base Loss: 0.7273
Epoch 42/100 | Batch 12800/18922 | KD Loss: 4.8185 | Base Loss: 0.7042
Epoch 42/100 | Batch 13000/18922 | KD Loss: 4.7268 | Base Loss: 0.6430
Epoch 42/100 | Batch 13200/18922 | KD Loss: 4.9711 | Base Loss: 0.7529
Epoch 42/100 | Batch 13400/18922 | KD Loss: 4.7119 | Base Loss: 0.8007
Epoch 42/100 | Batch 13600/18922 | KD Loss: 4.9677 | Base Loss: 0.8936
Epoch 42/100 | Batch 13800/18922 | KD Loss: 4.4780 | Base Loss: 0.5495
Epoch 42/100 | Batch 14000/18922 | KD Loss: 4.6372 | Base Loss: 0.6965
Epoch 42/100 | Batch 14200/18922 | KD Loss: 5.0078 | Base Loss: 0.8340
Epoch 42/100 | Batch 14400/18922 | KD Loss: 5.0401 | Base Loss: 0.8448
Epoch 42/100 | Batch 14600/18922 | KD Loss: 5.0265 | Base Loss: 0.8208
Epoch 42/100 | Batch 14800/18922 | KD Loss: 4.9293 | Base Loss: 0.7577
Epoch 42/100 | Batch 15000/18922 | KD Loss: 4.6127 | Base Loss: 0.7690
Epoch 42/100 | Batch 15200/18922 | KD Loss: 5.0457 | Base Loss: 0.8547
Epoch 42/100 | Batch 15400/18922 | KD Loss: 5.1694 | Base Loss: 0.8228
Epoch 42/100 | Batch 15600/18922 | KD Loss: 4.6715 | Base Loss: 0.8239
Epoch 42/100 | Batch 15800/18922 | KD Loss: 5.1910 | Base Loss: 0.7672
Epoch 42/100 | Batch 16000/18922 | KD Loss: 5.2385 | Base Loss: 0.8652
Epoch 42/100 | Batch 16200/18922 | KD Loss: 4.9217 | Base Loss: 0.7128
Epoch 42/100 | Batch 16400/18922 | KD Loss: 4.7880 | Base Loss: 0.7113
Epoch 42/100 | Batch 16600/18922 | KD Loss: 4.6383 | Base Loss: 0.6817
Epoch 42/100 | Batch 16800/18922 | KD Loss: 4.7466 | Base Loss: 0.7917
Epoch 42/100 | Batch 17000/18922 | KD Loss: 4.6308 | Base Loss: 0.6859
Epoch 42/100 | Batch 17200/18922 | KD Loss: 5.1460 | Base Loss: 0.8315
Epoch 42/100 | Batch 17400/18922 | KD Loss: 4.9636 | Base Loss: 0.6440
Epoch 42/100 | Batch 17600/18922 | KD Loss: 5.0157 | Base Loss: 0.8562
Epoch 42/100 | Batch 17800/18922 | KD Loss: 4.8693 | Base Loss: 0.8215
Epoch 42/100 | Batch 18000/18922 | KD Loss: 4.7292 | Base Loss: 0.7002
Epoch 42/100 | Batch 18200/18922 | KD Loss: 4.6653 | Base Loss: 0.8257
Epoch 42/100 | Batch 18400/18922 | KD Loss: 5.2871 | Base Loss: 1.0222
Epoch 42/100 | Batch 18600/18922 | KD Loss: 4.6606 | Base Loss: 0.8456
Epoch 42/100 | Batch 18800/18922 | KD Loss: 4.6821 | Base Loss: 0.6942
====> Epoch 42 Average KD Loss: 4.8460 | LR: 0.000200
Epoch 43/100 | Batch 0/18922 | KD Loss: 4.8937 | Base Loss: 0.7106
Epoch 43/100 | Batch 200/18922 | KD Loss: 5.0609 | Base Loss: 0.9051
Epoch 43/100 | Batch 400/18922 | KD Loss: 5.0923 | Base Loss: 0.9814
Epoch 43/100 | Batch 600/18922 | KD Loss: 5.0156 | Base Loss: 0.8549
Epoch 43/100 | Batch 800/18922 | KD Loss: 4.9031 | Base Loss: 0.7065
Epoch 43/100 | Batch 1000/18922 | KD Loss: 5.1316 | Base Loss: 0.8169
Epoch 43/100 | Batch 1200/18922 | KD Loss: 4.7782 | Base Loss: 0.7394
Epoch 43/100 | Batch 1400/18922 | KD Loss: 4.6704 | Base Loss: 0.7296
Epoch 43/100 | Batch 1600/18922 | KD Loss: 4.6546 | Base Loss: 0.7445
Epoch 43/100 | Batch 1800/18922 | KD Loss: 4.8008 | Base Loss: 0.6937
Epoch 43/100 | Batch 2000/18922 | KD Loss: 5.1005 | Base Loss: 0.7924
Epoch 43/100 | Batch 2200/18922 | KD Loss: 4.7448 | Base Loss: 0.7389
Epoch 43/100 | Batch 2400/18922 | KD Loss: 4.7418 | Base Loss: 0.8956
Epoch 43/100 | Batch 2600/18922 | KD Loss: 4.6067 | Base Loss: 0.7420
Epoch 43/100 | Batch 2800/18922 | KD Loss: 4.6932 | Base Loss: 0.7494
Epoch 43/100 | Batch 3000/18922 | KD Loss: 4.6130 | Base Loss: 0.6041
Epoch 43/100 | Batch 3200/18922 | KD Loss: 4.6916 | Base Loss: 0.7522
Epoch 43/100 | Batch 3400/18922 | KD Loss: 5.0467 | Base Loss: 0.8087
Epoch 43/100 | Batch 3600/18922 | KD Loss: 4.4583 | Base Loss: 0.6939
Epoch 43/100 | Batch 3800/18922 | KD Loss: 5.0621 | Base Loss: 0.8311
Epoch 43/100 | Batch 4000/18922 | KD Loss: 4.8414 | Base Loss: 0.6662
Epoch 43/100 | Batch 4200/18922 | KD Loss: 5.0405 | Base Loss: 1.0020
Epoch 43/100 | Batch 4400/18922 | KD Loss: 4.9780 | Base Loss: 0.6969
Epoch 43/100 | Batch 4600/18922 | KD Loss: 4.6754 | Base Loss: 0.5928
Epoch 43/100 | Batch 4800/18922 | KD Loss: 4.8744 | Base Loss: 0.9432
Epoch 43/100 | Batch 5000/18922 | KD Loss: 4.8515 | Base Loss: 0.7691
Epoch 43/100 | Batch 5200/18922 | KD Loss: 4.5478 | Base Loss: 0.7809
Epoch 43/100 | Batch 5400/18922 | KD Loss: 4.6900 | Base Loss: 0.5923
Epoch 43/100 | Batch 5600/18922 | KD Loss: 4.4883 | Base Loss: 0.5991
Epoch 43/100 | Batch 5800/18922 | KD Loss: 4.8770 | Base Loss: 0.7766
Epoch 43/100 | Batch 6000/18922 | KD Loss: 4.7960 | Base Loss: 0.8055
Epoch 43/100 | Batch 6200/18922 | KD Loss: 4.8057 | Base Loss: 0.7768
Epoch 43/100 | Batch 6400/18922 | KD Loss: 4.8421 | Base Loss: 0.7389
Epoch 43/100 | Batch 6600/18922 | KD Loss: 5.2323 | Base Loss: 0.8602
Epoch 43/100 | Batch 6800/18922 | KD Loss: 4.6117 | Base Loss: 0.6606
Epoch 43/100 | Batch 7000/18922 | KD Loss: 4.6696 | Base Loss: 0.9882
Epoch 43/100 | Batch 7200/18922 | KD Loss: 4.9575 | Base Loss: 0.9256
Epoch 43/100 | Batch 7400/18922 | KD Loss: 4.5326 | Base Loss: 0.8486
Epoch 43/100 | Batch 7600/18922 | KD Loss: 5.0861 | Base Loss: 0.7530
Epoch 43/100 | Batch 7800/18922 | KD Loss: 4.9608 | Base Loss: 0.9429
Epoch 43/100 | Batch 8000/18922 | KD Loss: 4.8873 | Base Loss: 0.8039
Epoch 43/100 | Batch 8200/18922 | KD Loss: 4.7786 | Base Loss: 0.8218
Epoch 43/100 | Batch 8400/18922 | KD Loss: 4.5811 | Base Loss: 0.7785
Epoch 43/100 | Batch 8600/18922 | KD Loss: 4.8624 | Base Loss: 0.8344
Epoch 43/100 | Batch 8800/18922 | KD Loss: 4.7979 | Base Loss: 0.9174
Epoch 43/100 | Batch 9000/18922 | KD Loss: 4.8687 | Base Loss: 0.6193
Epoch 43/100 | Batch 9200/18922 | KD Loss: 4.9441 | Base Loss: 0.7979
Epoch 43/100 | Batch 9400/18922 | KD Loss: 4.5736 | Base Loss: 0.5743
Epoch 43/100 | Batch 9600/18922 | KD Loss: 5.1270 | Base Loss: 0.8532
Epoch 43/100 | Batch 9800/18922 | KD Loss: 4.5766 | Base Loss: 0.5984
Epoch 43/100 | Batch 10000/18922 | KD Loss: 4.8133 | Base Loss: 0.8482
Epoch 43/100 | Batch 10200/18922 | KD Loss: 4.7421 | Base Loss: 0.7508
Epoch 43/100 | Batch 10400/18922 | KD Loss: 4.9615 | Base Loss: 0.7428
Epoch 43/100 | Batch 10600/18922 | KD Loss: 4.2459 | Base Loss: 0.6431
Epoch 43/100 | Batch 10800/18922 | KD Loss: 4.7852 | Base Loss: 0.7569
Epoch 43/100 | Batch 11000/18922 | KD Loss: 5.2587 | Base Loss: 0.8896
Epoch 43/100 | Batch 11200/18922 | KD Loss: 4.6159 | Base Loss: 0.7193
Epoch 43/100 | Batch 11400/18922 | KD Loss: 4.7566 | Base Loss: 0.7872
Epoch 43/100 | Batch 11600/18922 | KD Loss: 4.9593 | Base Loss: 0.8093
Epoch 43/100 | Batch 11800/18922 | KD Loss: 5.0677 | Base Loss: 0.9124
Epoch 43/100 | Batch 12000/18922 | KD Loss: 4.8942 | Base Loss: 0.8153
Epoch 43/100 | Batch 12200/18922 | KD Loss: 4.5360 | Base Loss: 0.7878
Epoch 43/100 | Batch 12400/18922 | KD Loss: 4.8074 | Base Loss: 0.7058
Epoch 43/100 | Batch 12600/18922 | KD Loss: 4.8155 | Base Loss: 0.7835
Epoch 43/100 | Batch 12800/18922 | KD Loss: 5.0081 | Base Loss: 0.8102
Epoch 43/100 | Batch 13000/18922 | KD Loss: 4.5562 | Base Loss: 0.7850
Epoch 43/100 | Batch 13200/18922 | KD Loss: 4.9513 | Base Loss: 0.8417
Epoch 43/100 | Batch 13400/18922 | KD Loss: 4.3880 | Base Loss: 0.5837
Epoch 43/100 | Batch 13600/18922 | KD Loss: 4.8373 | Base Loss: 0.7371
Epoch 43/100 | Batch 13800/18922 | KD Loss: 4.8752 | Base Loss: 0.8609
Epoch 43/100 | Batch 14000/18922 | KD Loss: 4.8918 | Base Loss: 0.6946
Epoch 43/100 | Batch 14200/18922 | KD Loss: 4.6013 | Base Loss: 0.6012
Epoch 43/100 | Batch 14400/18922 | KD Loss: 5.0948 | Base Loss: 0.7798
Epoch 43/100 | Batch 14600/18922 | KD Loss: 4.5240 | Base Loss: 0.8131
Epoch 43/100 | Batch 14800/18922 | KD Loss: 5.1101 | Base Loss: 0.7847
Epoch 43/100 | Batch 15000/18922 | KD Loss: 5.0520 | Base Loss: 0.9352
Epoch 43/100 | Batch 15200/18922 | KD Loss: 5.0805 | Base Loss: 0.9836
Epoch 43/100 | Batch 15400/18922 | KD Loss: 4.8894 | Base Loss: 0.8357
Epoch 43/100 | Batch 15600/18922 | KD Loss: 4.6389 | Base Loss: 0.8288
Epoch 43/100 | Batch 15800/18922 | KD Loss: 4.4988 | Base Loss: 0.7577
Epoch 43/100 | Batch 16000/18922 | KD Loss: 4.8372 | Base Loss: 0.8120
Epoch 43/100 | Batch 16200/18922 | KD Loss: 4.4834 | Base Loss: 0.6300
Epoch 43/100 | Batch 16400/18922 | KD Loss: 4.8222 | Base Loss: 0.6172
Epoch 43/100 | Batch 16600/18922 | KD Loss: 4.6154 | Base Loss: 0.7250
Epoch 43/100 | Batch 16800/18922 | KD Loss: 5.3100 | Base Loss: 1.0349
Epoch 43/100 | Batch 17000/18922 | KD Loss: 5.3586 | Base Loss: 0.7132
Epoch 43/100 | Batch 17200/18922 | KD Loss: 4.6647 | Base Loss: 0.7026
Epoch 43/100 | Batch 17400/18922 | KD Loss: 4.8269 | Base Loss: 0.8543
Epoch 43/100 | Batch 17600/18922 | KD Loss: 4.7847 | Base Loss: 0.7552
Epoch 43/100 | Batch 17800/18922 | KD Loss: 4.6404 | Base Loss: 0.7230
Epoch 43/100 | Batch 18000/18922 | KD Loss: 4.7153 | Base Loss: 0.9232
Epoch 43/100 | Batch 18200/18922 | KD Loss: 5.3761 | Base Loss: 1.0168
Epoch 43/100 | Batch 18400/18922 | KD Loss: 4.9835 | Base Loss: 0.8139
Epoch 43/100 | Batch 18600/18922 | KD Loss: 4.6829 | Base Loss: 0.6635
Epoch 43/100 | Batch 18800/18922 | KD Loss: 4.8750 | Base Loss: 0.7318
====> Epoch 43 Average KD Loss: 4.8452 | LR: 0.000200
Epoch 44/100 | Batch 0/18922 | KD Loss: 4.7904 | Base Loss: 0.7692
Epoch 44/100 | Batch 200/18922 | KD Loss: 4.6835 | Base Loss: 0.7644
Epoch 44/100 | Batch 400/18922 | KD Loss: 4.7598 | Base Loss: 0.8029
Epoch 44/100 | Batch 600/18922 | KD Loss: 4.6694 | Base Loss: 0.6012
Epoch 44/100 | Batch 800/18922 | KD Loss: 4.6896 | Base Loss: 0.8257
Epoch 44/100 | Batch 1000/18922 | KD Loss: 5.2888 | Base Loss: 0.7935
Epoch 44/100 | Batch 1200/18922 | KD Loss: 4.7677 | Base Loss: 0.6977
Epoch 44/100 | Batch 1400/18922 | KD Loss: 4.9258 | Base Loss: 0.8643
Epoch 44/100 | Batch 1600/18922 | KD Loss: 4.7857 | Base Loss: 0.7322
Epoch 44/100 | Batch 1800/18922 | KD Loss: 4.8768 | Base Loss: 0.8084
Epoch 44/100 | Batch 2000/18922 | KD Loss: 4.8100 | Base Loss: 0.7516
Epoch 44/100 | Batch 2200/18922 | KD Loss: 4.6638 | Base Loss: 0.6031
Epoch 44/100 | Batch 2400/18922 | KD Loss: 5.1431 | Base Loss: 0.8569
Epoch 44/100 | Batch 2600/18922 | KD Loss: 4.9006 | Base Loss: 0.7181
Epoch 44/100 | Batch 2800/18922 | KD Loss: 5.0017 | Base Loss: 0.8488
Epoch 44/100 | Batch 3000/18922 | KD Loss: 4.8801 | Base Loss: 0.5877
Epoch 44/100 | Batch 3200/18922 | KD Loss: 4.8520 | Base Loss: 0.7504
Epoch 44/100 | Batch 3400/18922 | KD Loss: 4.4717 | Base Loss: 0.7350
Epoch 44/100 | Batch 3600/18922 | KD Loss: 4.8835 | Base Loss: 0.6720
Epoch 44/100 | Batch 3800/18922 | KD Loss: 4.8967 | Base Loss: 0.7980
Epoch 44/100 | Batch 4000/18922 | KD Loss: 4.6823 | Base Loss: 0.7087
Epoch 44/100 | Batch 4200/18922 | KD Loss: 4.6548 | Base Loss: 0.6150
Epoch 44/100 | Batch 4400/18922 | KD Loss: 4.7005 | Base Loss: 0.7576
Epoch 44/100 | Batch 4600/18922 | KD Loss: 4.9300 | Base Loss: 0.8639
Epoch 44/100 | Batch 4800/18922 | KD Loss: 4.8876 | Base Loss: 0.6693
Epoch 44/100 | Batch 5000/18922 | KD Loss: 4.8679 | Base Loss: 0.9534
Epoch 44/100 | Batch 5200/18922 | KD Loss: 4.6639 | Base Loss: 0.7160
Epoch 44/100 | Batch 5400/18922 | KD Loss: 4.8402 | Base Loss: 0.7466
Epoch 44/100 | Batch 5600/18922 | KD Loss: 5.0903 | Base Loss: 0.7765
Epoch 44/100 | Batch 5800/18922 | KD Loss: 5.0225 | Base Loss: 0.8710
Epoch 44/100 | Batch 6000/18922 | KD Loss: 4.8849 | Base Loss: 0.7813
Epoch 44/100 | Batch 6200/18922 | KD Loss: 4.9707 | Base Loss: 0.8115
Epoch 44/100 | Batch 6400/18922 | KD Loss: 4.9481 | Base Loss: 0.8016
Epoch 44/100 | Batch 6600/18922 | KD Loss: 4.6757 | Base Loss: 0.8345
Epoch 44/100 | Batch 6800/18922 | KD Loss: 5.0144 | Base Loss: 1.0435
Epoch 44/100 | Batch 7000/18922 | KD Loss: 4.7200 | Base Loss: 0.7276
Epoch 44/100 | Batch 7200/18922 | KD Loss: 4.6516 | Base Loss: 0.8090
Epoch 44/100 | Batch 7400/18922 | KD Loss: 5.1193 | Base Loss: 1.0177
Epoch 44/100 | Batch 7600/18922 | KD Loss: 4.5638 | Base Loss: 0.6762
Epoch 44/100 | Batch 7800/18922 | KD Loss: 4.9851 | Base Loss: 0.9730
Epoch 44/100 | Batch 8000/18922 | KD Loss: 5.1494 | Base Loss: 0.7720
Epoch 44/100 | Batch 8200/18922 | KD Loss: 4.9461 | Base Loss: 0.7722
Epoch 44/100 | Batch 8400/18922 | KD Loss: 4.7699 | Base Loss: 0.7674
Epoch 44/100 | Batch 8600/18922 | KD Loss: 4.9426 | Base Loss: 1.0250
Epoch 44/100 | Batch 8800/18922 | KD Loss: 4.8482 | Base Loss: 0.7956
Epoch 44/100 | Batch 9000/18922 | KD Loss: 4.8700 | Base Loss: 0.8063
Epoch 44/100 | Batch 9200/18922 | KD Loss: 4.9477 | Base Loss: 0.7077
Epoch 44/100 | Batch 9400/18922 | KD Loss: 4.9473 | Base Loss: 0.8609
Epoch 44/100 | Batch 9600/18922 | KD Loss: 4.5741 | Base Loss: 0.7003
Epoch 44/100 | Batch 9800/18922 | KD Loss: 5.1367 | Base Loss: 0.8782
Epoch 44/100 | Batch 10000/18922 | KD Loss: 4.9333 | Base Loss: 0.7175
Epoch 44/100 | Batch 10200/18922 | KD Loss: 5.0904 | Base Loss: 0.8681
Epoch 44/100 | Batch 10400/18922 | KD Loss: 4.8641 | Base Loss: 0.7737
Epoch 44/100 | Batch 10600/18922 | KD Loss: 4.5575 | Base Loss: 0.7539
Epoch 44/100 | Batch 10800/18922 | KD Loss: 4.9748 | Base Loss: 0.9211
Epoch 44/100 | Batch 11000/18922 | KD Loss: 5.1141 | Base Loss: 0.6606
Epoch 44/100 | Batch 11200/18922 | KD Loss: 4.8284 | Base Loss: 0.8302
Epoch 44/100 | Batch 11400/18922 | KD Loss: 4.9230 | Base Loss: 0.7909
Epoch 44/100 | Batch 11600/18922 | KD Loss: 4.9239 | Base Loss: 0.8936
Epoch 44/100 | Batch 11800/18922 | KD Loss: 4.8192 | Base Loss: 0.8584
Epoch 44/100 | Batch 12000/18922 | KD Loss: 5.0352 | Base Loss: 0.9405
Epoch 44/100 | Batch 12200/18922 | KD Loss: 4.9334 | Base Loss: 0.8379
Epoch 44/100 | Batch 12400/18922 | KD Loss: 4.8489 | Base Loss: 0.7930
Epoch 44/100 | Batch 12600/18922 | KD Loss: 4.7563 | Base Loss: 0.7396
Epoch 44/100 | Batch 12800/18922 | KD Loss: 4.8447 | Base Loss: 0.8827
Epoch 44/100 | Batch 13000/18922 | KD Loss: 4.7350 | Base Loss: 0.9718
Epoch 44/100 | Batch 13200/18922 | KD Loss: 4.8531 | Base Loss: 0.7629
Epoch 44/100 | Batch 13400/18922 | KD Loss: 4.8382 | Base Loss: 0.8687
Epoch 44/100 | Batch 13600/18922 | KD Loss: 4.6485 | Base Loss: 0.8488
Epoch 44/100 | Batch 13800/18922 | KD Loss: 4.8305 | Base Loss: 0.8823
Epoch 44/100 | Batch 14000/18922 | KD Loss: 4.9372 | Base Loss: 0.8811
Epoch 44/100 | Batch 14200/18922 | KD Loss: 4.3391 | Base Loss: 0.6803
Epoch 44/100 | Batch 14400/18922 | KD Loss: 5.0391 | Base Loss: 1.0556
Epoch 44/100 | Batch 14600/18922 | KD Loss: 4.6822 | Base Loss: 0.8803
Epoch 44/100 | Batch 14800/18922 | KD Loss: 4.9904 | Base Loss: 0.6395
Epoch 44/100 | Batch 15000/18922 | KD Loss: 4.8979 | Base Loss: 0.7912
Epoch 44/100 | Batch 15200/18922 | KD Loss: 4.9343 | Base Loss: 0.7908
Epoch 44/100 | Batch 15400/18922 | KD Loss: 4.7170 | Base Loss: 0.7184
Epoch 44/100 | Batch 15600/18922 | KD Loss: 5.2210 | Base Loss: 0.9344
Epoch 44/100 | Batch 15800/18922 | KD Loss: 4.7755 | Base Loss: 0.8091
Epoch 44/100 | Batch 16000/18922 | KD Loss: 4.9464 | Base Loss: 0.8605
Epoch 44/100 | Batch 16200/18922 | KD Loss: 5.3292 | Base Loss: 1.0762
Epoch 44/100 | Batch 16400/18922 | KD Loss: 4.6501 | Base Loss: 0.7563
Epoch 44/100 | Batch 16600/18922 | KD Loss: 4.7994 | Base Loss: 0.7318
Epoch 44/100 | Batch 16800/18922 | KD Loss: 4.7282 | Base Loss: 0.6512
Epoch 44/100 | Batch 17000/18922 | KD Loss: 4.7236 | Base Loss: 0.7928
Epoch 44/100 | Batch 17200/18922 | KD Loss: 4.6245 | Base Loss: 0.6272
Epoch 44/100 | Batch 17400/18922 | KD Loss: 4.7285 | Base Loss: 0.8861
Epoch 44/100 | Batch 17600/18922 | KD Loss: 4.7036 | Base Loss: 0.7665
Epoch 44/100 | Batch 17800/18922 | KD Loss: 4.7959 | Base Loss: 0.7895
Epoch 44/100 | Batch 18000/18922 | KD Loss: 4.8956 | Base Loss: 0.7588
Epoch 44/100 | Batch 18200/18922 | KD Loss: 4.8991 | Base Loss: 0.8833
Epoch 44/100 | Batch 18400/18922 | KD Loss: 4.8843 | Base Loss: 0.7409
Epoch 44/100 | Batch 18600/18922 | KD Loss: 4.6527 | Base Loss: 0.7841
Epoch 44/100 | Batch 18800/18922 | KD Loss: 4.9183 | Base Loss: 0.7893
====> Epoch 44 Average KD Loss: 4.8418 | LR: 0.000200
Epoch 45/100 | Batch 0/18922 | KD Loss: 4.9342 | Base Loss: 0.7990
Epoch 45/100 | Batch 200/18922 | KD Loss: 4.7268 | Base Loss: 0.7897
Epoch 45/100 | Batch 400/18922 | KD Loss: 4.7804 | Base Loss: 0.8870
Epoch 45/100 | Batch 600/18922 | KD Loss: 4.8715 | Base Loss: 0.6228
Epoch 45/100 | Batch 800/18922 | KD Loss: 4.8540 | Base Loss: 0.8744
Epoch 45/100 | Batch 1000/18922 | KD Loss: 4.7223 | Base Loss: 0.8571
Epoch 45/100 | Batch 1200/18922 | KD Loss: 4.5946 | Base Loss: 0.7735
Epoch 45/100 | Batch 1400/18922 | KD Loss: 4.7413 | Base Loss: 0.7509
Epoch 45/100 | Batch 1600/18922 | KD Loss: 4.9291 | Base Loss: 0.7332
Epoch 45/100 | Batch 1800/18922 | KD Loss: 4.9143 | Base Loss: 0.8306
Epoch 45/100 | Batch 2000/18922 | KD Loss: 4.8435 | Base Loss: 0.7133
Epoch 45/100 | Batch 2200/18922 | KD Loss: 4.9076 | Base Loss: 0.8970
Epoch 45/100 | Batch 2400/18922 | KD Loss: 5.5560 | Base Loss: 1.0095
Epoch 45/100 | Batch 2600/18922 | KD Loss: 4.8127 | Base Loss: 0.7739
Epoch 45/100 | Batch 2800/18922 | KD Loss: 4.6719 | Base Loss: 0.6264
Epoch 45/100 | Batch 3000/18922 | KD Loss: 4.6741 | Base Loss: 0.5591
Epoch 45/100 | Batch 3200/18922 | KD Loss: 4.9365 | Base Loss: 0.7576
Epoch 45/100 | Batch 3400/18922 | KD Loss: 4.7461 | Base Loss: 0.6477
Epoch 45/100 | Batch 3600/18922 | KD Loss: 5.0758 | Base Loss: 0.7484
Epoch 45/100 | Batch 3800/18922 | KD Loss: 4.5056 | Base Loss: 0.7285
Epoch 45/100 | Batch 4000/18922 | KD Loss: 4.6033 | Base Loss: 0.8443
Epoch 45/100 | Batch 4200/18922 | KD Loss: 4.8453 | Base Loss: 0.6999
Epoch 45/100 | Batch 4400/18922 | KD Loss: 4.4402 | Base Loss: 0.6291
Epoch 45/100 | Batch 4600/18922 | KD Loss: 4.6513 | Base Loss: 0.6764
Epoch 45/100 | Batch 4800/18922 | KD Loss: 4.9071 | Base Loss: 0.9694
Epoch 45/100 | Batch 5000/18922 | KD Loss: 4.8965 | Base Loss: 0.8272
Epoch 45/100 | Batch 5200/18922 | KD Loss: 4.6765 | Base Loss: 0.7457
Epoch 45/100 | Batch 5400/18922 | KD Loss: 4.6877 | Base Loss: 0.8047
Epoch 45/100 | Batch 5600/18922 | KD Loss: 4.7579 | Base Loss: 0.7277
Epoch 45/100 | Batch 5800/18922 | KD Loss: 4.5163 | Base Loss: 0.7190
Epoch 45/100 | Batch 6000/18922 | KD Loss: 4.9803 | Base Loss: 0.8470
Epoch 45/100 | Batch 6200/18922 | KD Loss: 5.1235 | Base Loss: 1.0535
Epoch 45/100 | Batch 6400/18922 | KD Loss: 4.7338 | Base Loss: 0.8809
Epoch 45/100 | Batch 6600/18922 | KD Loss: 5.2124 | Base Loss: 0.8816
Epoch 45/100 | Batch 6800/18922 | KD Loss: 4.8813 | Base Loss: 0.8796
Epoch 45/100 | Batch 7000/18922 | KD Loss: 4.8707 | Base Loss: 0.7400
Epoch 45/100 | Batch 7200/18922 | KD Loss: 4.6755 | Base Loss: 0.8269
Epoch 45/100 | Batch 7400/18922 | KD Loss: 4.9637 | Base Loss: 0.7165
Epoch 45/100 | Batch 7600/18922 | KD Loss: 4.8354 | Base Loss: 0.9265
Epoch 45/100 | Batch 7800/18922 | KD Loss: 5.5387 | Base Loss: 0.9494
Epoch 45/100 | Batch 8000/18922 | KD Loss: 5.0021 | Base Loss: 0.7078
Epoch 45/100 | Batch 8200/18922 | KD Loss: 4.9247 | Base Loss: 0.7461
Epoch 45/100 | Batch 8400/18922 | KD Loss: 4.9943 | Base Loss: 0.9403
Epoch 45/100 | Batch 8600/18922 | KD Loss: 5.0580 | Base Loss: 0.9576
Epoch 45/100 | Batch 8800/18922 | KD Loss: 4.9172 | Base Loss: 0.8837
Epoch 45/100 | Batch 9000/18922 | KD Loss: 4.9003 | Base Loss: 0.9618
Epoch 45/100 | Batch 9200/18922 | KD Loss: 5.0201 | Base Loss: 0.7445
Epoch 45/100 | Batch 9400/18922 | KD Loss: 4.9007 | Base Loss: 0.7921
Epoch 45/100 | Batch 9600/18922 | KD Loss: 5.2525 | Base Loss: 0.6291
Epoch 45/100 | Batch 9800/18922 | KD Loss: 5.0117 | Base Loss: 0.7420
Epoch 45/100 | Batch 10000/18922 | KD Loss: 5.0772 | Base Loss: 0.6747
Epoch 45/100 | Batch 10200/18922 | KD Loss: 4.7617 | Base Loss: 0.7502
Epoch 45/100 | Batch 10400/18922 | KD Loss: 4.9637 | Base Loss: 0.8131
Epoch 45/100 | Batch 10600/18922 | KD Loss: 4.9490 | Base Loss: 0.8331
Epoch 45/100 | Batch 10800/18922 | KD Loss: 4.9429 | Base Loss: 0.7470
Epoch 45/100 | Batch 11000/18922 | KD Loss: 5.0835 | Base Loss: 0.7244
Epoch 45/100 | Batch 11200/18922 | KD Loss: 4.4828 | Base Loss: 0.8568
Epoch 45/100 | Batch 11400/18922 | KD Loss: 4.6853 | Base Loss: 0.7325
Epoch 45/100 | Batch 11600/18922 | KD Loss: 4.9437 | Base Loss: 0.7988
Epoch 45/100 | Batch 11800/18922 | KD Loss: 4.8195 | Base Loss: 0.7905
Epoch 45/100 | Batch 12000/18922 | KD Loss: 4.9003 | Base Loss: 0.8179
Epoch 45/100 | Batch 12200/18922 | KD Loss: 4.8287 | Base Loss: 0.7021
Epoch 45/100 | Batch 12400/18922 | KD Loss: 5.1230 | Base Loss: 0.8210
Epoch 45/100 | Batch 12600/18922 | KD Loss: 4.9300 | Base Loss: 0.7615
Epoch 45/100 | Batch 12800/18922 | KD Loss: 4.5674 | Base Loss: 0.7553
Epoch 45/100 | Batch 13000/18922 | KD Loss: 4.8517 | Base Loss: 0.7325
Epoch 45/100 | Batch 13200/18922 | KD Loss: 4.6552 | Base Loss: 0.6021
Epoch 45/100 | Batch 13400/18922 | KD Loss: 5.1080 | Base Loss: 0.7419
Epoch 45/100 | Batch 13600/18922 | KD Loss: 4.7022 | Base Loss: 0.6988
Epoch 45/100 | Batch 13800/18922 | KD Loss: 4.8115 | Base Loss: 0.7533
Epoch 45/100 | Batch 14000/18922 | KD Loss: 5.1720 | Base Loss: 0.8477
Epoch 45/100 | Batch 14200/18922 | KD Loss: 5.0455 | Base Loss: 0.7536
Epoch 45/100 | Batch 14400/18922 | KD Loss: 4.7709 | Base Loss: 0.7209
Epoch 45/100 | Batch 14600/18922 | KD Loss: 4.7878 | Base Loss: 0.8539
Epoch 45/100 | Batch 14800/18922 | KD Loss: 5.1000 | Base Loss: 0.9347
Epoch 45/100 | Batch 15000/18922 | KD Loss: 5.0514 | Base Loss: 0.7509
Epoch 45/100 | Batch 15200/18922 | KD Loss: 4.7581 | Base Loss: 0.8798
Epoch 45/100 | Batch 15400/18922 | KD Loss: 4.7596 | Base Loss: 0.6981
Epoch 45/100 | Batch 15600/18922 | KD Loss: 5.0678 | Base Loss: 0.8178
Epoch 45/100 | Batch 15800/18922 | KD Loss: 4.6120 | Base Loss: 0.8021
Epoch 45/100 | Batch 16000/18922 | KD Loss: 4.7708 | Base Loss: 0.7860
Epoch 45/100 | Batch 16200/18922 | KD Loss: 4.5847 | Base Loss: 0.7898
Epoch 45/100 | Batch 16400/18922 | KD Loss: 4.6953 | Base Loss: 0.7519
Epoch 45/100 | Batch 16600/18922 | KD Loss: 5.0299 | Base Loss: 0.8396
Epoch 45/100 | Batch 16800/18922 | KD Loss: 4.7263 | Base Loss: 0.7732
Epoch 45/100 | Batch 17000/18922 | KD Loss: 5.1731 | Base Loss: 0.8270
Epoch 45/100 | Batch 17200/18922 | KD Loss: 5.0426 | Base Loss: 0.8693
Epoch 45/100 | Batch 17400/18922 | KD Loss: 4.5731 | Base Loss: 0.7173
Epoch 45/100 | Batch 17600/18922 | KD Loss: 4.8020 | Base Loss: 0.8463
Epoch 45/100 | Batch 17800/18922 | KD Loss: 5.1257 | Base Loss: 1.0879
Epoch 45/100 | Batch 18000/18922 | KD Loss: 4.8912 | Base Loss: 0.8670
Epoch 45/100 | Batch 18200/18922 | KD Loss: 4.8371 | Base Loss: 0.9008
Epoch 45/100 | Batch 18400/18922 | KD Loss: 4.6761 | Base Loss: 0.6151
Epoch 45/100 | Batch 18600/18922 | KD Loss: 4.7829 | Base Loss: 0.8831
Epoch 45/100 | Batch 18800/18922 | KD Loss: 4.8709 | Base Loss: 0.8122
====> Epoch 45 Average KD Loss: 4.8420 | LR: 0.000200
Epoch 46/100 | Batch 0/18922 | KD Loss: 4.9093 | Base Loss: 0.8120
Epoch 46/100 | Batch 200/18922 | KD Loss: 4.5590 | Base Loss: 0.6967
Epoch 46/100 | Batch 400/18922 | KD Loss: 4.7138 | Base Loss: 0.7152
Epoch 46/100 | Batch 600/18922 | KD Loss: 5.0438 | Base Loss: 0.8194
Epoch 46/100 | Batch 800/18922 | KD Loss: 4.6438 | Base Loss: 0.6154
Epoch 46/100 | Batch 1000/18922 | KD Loss: 4.5992 | Base Loss: 0.7830
Epoch 46/100 | Batch 1200/18922 | KD Loss: 4.7660 | Base Loss: 0.7829
Epoch 46/100 | Batch 1400/18922 | KD Loss: 4.8308 | Base Loss: 0.8272
Epoch 46/100 | Batch 1600/18922 | KD Loss: 4.6370 | Base Loss: 0.8878
Epoch 46/100 | Batch 1800/18922 | KD Loss: 5.2176 | Base Loss: 0.7969
Epoch 46/100 | Batch 2000/18922 | KD Loss: 4.6654 | Base Loss: 0.7857
Epoch 46/100 | Batch 2200/18922 | KD Loss: 4.8562 | Base Loss: 0.9242
Epoch 46/100 | Batch 2400/18922 | KD Loss: 4.6299 | Base Loss: 0.6991
Epoch 46/100 | Batch 2600/18922 | KD Loss: 4.6764 | Base Loss: 0.8687
Epoch 46/100 | Batch 2800/18922 | KD Loss: 4.6251 | Base Loss: 0.5912
Epoch 46/100 | Batch 3000/18922 | KD Loss: 4.8439 | Base Loss: 0.8385
Epoch 46/100 | Batch 3200/18922 | KD Loss: 5.2561 | Base Loss: 0.8443
Epoch 46/100 | Batch 3400/18922 | KD Loss: 5.0040 | Base Loss: 0.8848
Epoch 46/100 | Batch 3600/18922 | KD Loss: 4.9204 | Base Loss: 0.9770
Epoch 46/100 | Batch 3800/18922 | KD Loss: 4.7733 | Base Loss: 0.8122
Epoch 46/100 | Batch 4000/18922 | KD Loss: 5.1342 | Base Loss: 0.7889
Epoch 46/100 | Batch 4200/18922 | KD Loss: 4.8345 | Base Loss: 0.5849
Epoch 46/100 | Batch 4400/18922 | KD Loss: 4.3724 | Base Loss: 0.6926
Epoch 46/100 | Batch 4600/18922 | KD Loss: 4.6066 | Base Loss: 0.7646
Epoch 46/100 | Batch 4800/18922 | KD Loss: 4.8474 | Base Loss: 0.8615
Epoch 46/100 | Batch 5000/18922 | KD Loss: 4.9438 | Base Loss: 0.7455
Epoch 46/100 | Batch 5200/18922 | KD Loss: 4.7844 | Base Loss: 0.6733
Epoch 46/100 | Batch 5400/18922 | KD Loss: 5.0664 | Base Loss: 0.8790
Epoch 46/100 | Batch 5600/18922 | KD Loss: 4.8237 | Base Loss: 0.8117
Epoch 46/100 | Batch 5800/18922 | KD Loss: 4.7087 | Base Loss: 0.7719
Epoch 46/100 | Batch 6000/18922 | KD Loss: 4.8096 | Base Loss: 0.7384
Epoch 46/100 | Batch 6200/18922 | KD Loss: 5.1981 | Base Loss: 0.8662
Epoch 46/100 | Batch 6400/18922 | KD Loss: 4.6805 | Base Loss: 0.7164
Epoch 46/100 | Batch 6600/18922 | KD Loss: 4.8237 | Base Loss: 0.7366
Epoch 46/100 | Batch 6800/18922 | KD Loss: 4.9614 | Base Loss: 0.7680
Epoch 46/100 | Batch 7000/18922 | KD Loss: 4.8396 | Base Loss: 0.8214
Epoch 46/100 | Batch 7200/18922 | KD Loss: 4.6920 | Base Loss: 0.7116
Epoch 46/100 | Batch 7400/18922 | KD Loss: 5.0758 | Base Loss: 0.8424
Epoch 46/100 | Batch 7600/18922 | KD Loss: 5.0148 | Base Loss: 0.8621
Epoch 46/100 | Batch 7800/18922 | KD Loss: 4.7982 | Base Loss: 0.7729
Epoch 46/100 | Batch 8000/18922 | KD Loss: 5.1079 | Base Loss: 0.7302
Epoch 46/100 | Batch 8200/18922 | KD Loss: 4.8052 | Base Loss: 0.7678
Epoch 46/100 | Batch 8400/18922 | KD Loss: 4.8168 | Base Loss: 0.9098
Epoch 46/100 | Batch 8600/18922 | KD Loss: 4.8938 | Base Loss: 0.9277
Epoch 46/100 | Batch 8800/18922 | KD Loss: 4.8932 | Base Loss: 0.7562
Epoch 46/100 | Batch 9000/18922 | KD Loss: 4.7633 | Base Loss: 0.7088
Epoch 46/100 | Batch 9200/18922 | KD Loss: 4.9899 | Base Loss: 0.7122
Epoch 46/100 | Batch 9400/18922 | KD Loss: 4.8939 | Base Loss: 0.7957
Epoch 46/100 | Batch 9600/18922 | KD Loss: 4.8751 | Base Loss: 0.7916
Epoch 46/100 | Batch 9800/18922 | KD Loss: 4.8441 | Base Loss: 0.7300
Epoch 46/100 | Batch 10000/18922 | KD Loss: 5.1432 | Base Loss: 0.9549
Epoch 46/100 | Batch 10200/18922 | KD Loss: 4.8742 | Base Loss: 0.6822
Epoch 46/100 | Batch 10400/18922 | KD Loss: 4.8954 | Base Loss: 0.8656
Epoch 46/100 | Batch 10600/18922 | KD Loss: 4.9943 | Base Loss: 0.7718
Epoch 46/100 | Batch 10800/18922 | KD Loss: 4.6614 | Base Loss: 0.7196
Epoch 46/100 | Batch 11000/18922 | KD Loss: 4.7813 | Base Loss: 0.6622
Epoch 46/100 | Batch 11200/18922 | KD Loss: 5.0333 | Base Loss: 0.7376
Epoch 46/100 | Batch 11400/18922 | KD Loss: 4.7667 | Base Loss: 0.9096
Epoch 46/100 | Batch 11600/18922 | KD Loss: 4.2665 | Base Loss: 0.6368
Epoch 46/100 | Batch 11800/18922 | KD Loss: 4.7486 | Base Loss: 0.6499
Epoch 46/100 | Batch 12000/18922 | KD Loss: 4.5424 | Base Loss: 0.7958
Epoch 46/100 | Batch 12200/18922 | KD Loss: 5.0648 | Base Loss: 0.7284
Epoch 46/100 | Batch 12400/18922 | KD Loss: 4.7769 | Base Loss: 0.5805
Epoch 46/100 | Batch 12600/18922 | KD Loss: 4.9171 | Base Loss: 0.6767
Epoch 46/100 | Batch 12800/18922 | KD Loss: 4.9339 | Base Loss: 0.7561
Epoch 46/100 | Batch 13000/18922 | KD Loss: 4.8297 | Base Loss: 0.6295
Epoch 46/100 | Batch 13200/18922 | KD Loss: 5.2592 | Base Loss: 0.9338
Epoch 46/100 | Batch 13400/18922 | KD Loss: 5.0664 | Base Loss: 0.9767
Epoch 46/100 | Batch 13600/18922 | KD Loss: 4.9550 | Base Loss: 0.8104
Epoch 46/100 | Batch 13800/18922 | KD Loss: 4.7845 | Base Loss: 0.6415
Epoch 46/100 | Batch 14000/18922 | KD Loss: 5.0559 | Base Loss: 0.9611
Epoch 46/100 | Batch 14200/18922 | KD Loss: 4.7513 | Base Loss: 0.7250
Epoch 46/100 | Batch 14400/18922 | KD Loss: 4.5263 | Base Loss: 0.6396
Epoch 46/100 | Batch 14600/18922 | KD Loss: 4.7667 | Base Loss: 0.8546
Epoch 46/100 | Batch 14800/18922 | KD Loss: 4.7555 | Base Loss: 0.6675
Epoch 46/100 | Batch 15000/18922 | KD Loss: 5.0074 | Base Loss: 0.7949
Epoch 46/100 | Batch 15200/18922 | KD Loss: 4.8857 | Base Loss: 0.7863
Epoch 46/100 | Batch 15400/18922 | KD Loss: 5.0216 | Base Loss: 0.7604
Epoch 46/100 | Batch 15600/18922 | KD Loss: 4.8575 | Base Loss: 0.7891
Epoch 46/100 | Batch 15800/18922 | KD Loss: 4.3345 | Base Loss: 0.6801
Epoch 46/100 | Batch 16000/18922 | KD Loss: 4.7203 | Base Loss: 0.7049
Epoch 46/100 | Batch 16200/18922 | KD Loss: 4.6630 | Base Loss: 0.7185
Epoch 46/100 | Batch 16400/18922 | KD Loss: 4.5061 | Base Loss: 0.5637
Epoch 46/100 | Batch 16600/18922 | KD Loss: 4.8401 | Base Loss: 0.8544
Epoch 46/100 | Batch 16800/18922 | KD Loss: 5.0727 | Base Loss: 0.9215
Epoch 46/100 | Batch 17000/18922 | KD Loss: 4.5975 | Base Loss: 0.6874
Epoch 46/100 | Batch 17200/18922 | KD Loss: 4.8731 | Base Loss: 0.6916
Epoch 46/100 | Batch 17400/18922 | KD Loss: 4.7469 | Base Loss: 0.8105
Epoch 46/100 | Batch 17600/18922 | KD Loss: 4.9387 | Base Loss: 0.8092
Epoch 46/100 | Batch 17800/18922 | KD Loss: 4.7455 | Base Loss: 0.6271
Epoch 46/100 | Batch 18000/18922 | KD Loss: 4.7678 | Base Loss: 0.6863
Epoch 46/100 | Batch 18200/18922 | KD Loss: 4.9461 | Base Loss: 0.7794
Epoch 46/100 | Batch 18400/18922 | KD Loss: 4.8393 | Base Loss: 0.9739
Epoch 46/100 | Batch 18600/18922 | KD Loss: 4.8137 | Base Loss: 0.6879
Epoch 46/100 | Batch 18800/18922 | KD Loss: 5.0369 | Base Loss: 0.7895
====> Epoch 46 Average KD Loss: 4.8391 | LR: 0.000200
Epoch 47/100 | Batch 0/18922 | KD Loss: 4.5398 | Base Loss: 0.7484
Epoch 47/100 | Batch 200/18922 | KD Loss: 4.4953 | Base Loss: 0.7808
Epoch 47/100 | Batch 400/18922 | KD Loss: 4.6343 | Base Loss: 0.7921
Epoch 47/100 | Batch 600/18922 | KD Loss: 4.9446 | Base Loss: 0.8505
Epoch 47/100 | Batch 800/18922 | KD Loss: 4.8036 | Base Loss: 0.7227
Epoch 47/100 | Batch 1000/18922 | KD Loss: 4.8604 | Base Loss: 0.6619
Epoch 47/100 | Batch 1200/18922 | KD Loss: 5.0210 | Base Loss: 0.9143
Epoch 47/100 | Batch 1400/18922 | KD Loss: 5.1138 | Base Loss: 0.9509
Epoch 47/100 | Batch 1600/18922 | KD Loss: 5.1179 | Base Loss: 0.8621
Epoch 47/100 | Batch 1800/18922 | KD Loss: 4.6109 | Base Loss: 0.7172
Epoch 47/100 | Batch 2000/18922 | KD Loss: 4.5180 | Base Loss: 0.8405
Epoch 47/100 | Batch 2200/18922 | KD Loss: 4.3847 | Base Loss: 0.6008
Epoch 47/100 | Batch 2400/18922 | KD Loss: 4.9254 | Base Loss: 0.6997
Epoch 47/100 | Batch 2600/18922 | KD Loss: 5.1037 | Base Loss: 0.8281
Epoch 47/100 | Batch 2800/18922 | KD Loss: 4.7673 | Base Loss: 0.6500
Epoch 47/100 | Batch 3000/18922 | KD Loss: 5.0157 | Base Loss: 0.8366
Epoch 47/100 | Batch 3200/18922 | KD Loss: 4.6191 | Base Loss: 0.7349
Epoch 47/100 | Batch 3400/18922 | KD Loss: 4.6828 | Base Loss: 0.7179
Epoch 47/100 | Batch 3600/18922 | KD Loss: 4.6389 | Base Loss: 0.6970
Epoch 47/100 | Batch 3800/18922 | KD Loss: 4.9539 | Base Loss: 0.7070
Epoch 47/100 | Batch 4000/18922 | KD Loss: 4.6404 | Base Loss: 0.7283
Epoch 47/100 | Batch 4200/18922 | KD Loss: 4.6390 | Base Loss: 0.6572
Epoch 47/100 | Batch 4400/18922 | KD Loss: 5.1124 | Base Loss: 0.8054
Epoch 47/100 | Batch 4600/18922 | KD Loss: 4.5666 | Base Loss: 0.7643
Epoch 47/100 | Batch 4800/18922 | KD Loss: 4.6393 | Base Loss: 0.6854
Epoch 47/100 | Batch 5000/18922 | KD Loss: 4.7971 | Base Loss: 0.8580
Epoch 47/100 | Batch 5200/18922 | KD Loss: 4.6891 | Base Loss: 0.7024
Epoch 47/100 | Batch 5400/18922 | KD Loss: 4.5540 | Base Loss: 0.7595
Epoch 47/100 | Batch 5600/18922 | KD Loss: 4.5423 | Base Loss: 0.6726
Epoch 47/100 | Batch 5800/18922 | KD Loss: 4.7733 | Base Loss: 0.6959
Epoch 47/100 | Batch 6000/18922 | KD Loss: 4.8239 | Base Loss: 0.8416
Epoch 47/100 | Batch 6200/18922 | KD Loss: 4.6261 | Base Loss: 0.6940
Epoch 47/100 | Batch 6400/18922 | KD Loss: 4.5580 | Base Loss: 0.7340
Epoch 47/100 | Batch 6600/18922 | KD Loss: 4.6433 | Base Loss: 0.6834
Epoch 47/100 | Batch 6800/18922 | KD Loss: 4.6594 | Base Loss: 0.7878
Epoch 47/100 | Batch 7000/18922 | KD Loss: 4.5577 | Base Loss: 0.6544
Epoch 47/100 | Batch 7200/18922 | KD Loss: 4.5720 | Base Loss: 0.6630
Epoch 47/100 | Batch 7400/18922 | KD Loss: 4.8569 | Base Loss: 0.8920
Epoch 47/100 | Batch 7600/18922 | KD Loss: 4.6128 | Base Loss: 0.5829
Epoch 47/100 | Batch 7800/18922 | KD Loss: 4.8596 | Base Loss: 0.7858
Epoch 47/100 | Batch 8000/18922 | KD Loss: 5.0579 | Base Loss: 0.8982
Epoch 47/100 | Batch 8200/18922 | KD Loss: 4.9271 | Base Loss: 0.6631
Epoch 47/100 | Batch 8400/18922 | KD Loss: 4.6464 | Base Loss: 0.7043
Epoch 47/100 | Batch 8600/18922 | KD Loss: 4.6137 | Base Loss: 0.7162
Epoch 47/100 | Batch 8800/18922 | KD Loss: 4.5608 | Base Loss: 0.7491
Epoch 47/100 | Batch 9000/18922 | KD Loss: 4.6949 | Base Loss: 0.7818
Epoch 47/100 | Batch 9200/18922 | KD Loss: 4.7458 | Base Loss: 0.7336
Epoch 47/100 | Batch 9400/18922 | KD Loss: 4.8044 | Base Loss: 0.7792
Epoch 47/100 | Batch 9600/18922 | KD Loss: 4.8462 | Base Loss: 0.8476
Epoch 47/100 | Batch 9800/18922 | KD Loss: 4.7886 | Base Loss: 0.7388
Epoch 47/100 | Batch 10000/18922 | KD Loss: 4.8659 | Base Loss: 0.7973
Epoch 47/100 | Batch 10200/18922 | KD Loss: 5.1688 | Base Loss: 0.9313
Epoch 47/100 | Batch 10400/18922 | KD Loss: 4.9863 | Base Loss: 0.8987
Epoch 47/100 | Batch 10600/18922 | KD Loss: 4.6652 | Base Loss: 0.7138
Epoch 47/100 | Batch 10800/18922 | KD Loss: 4.6737 | Base Loss: 0.7758
Epoch 47/100 | Batch 11000/18922 | KD Loss: 4.9607 | Base Loss: 0.7872
Epoch 47/100 | Batch 11200/18922 | KD Loss: 5.4715 | Base Loss: 0.9391
Epoch 47/100 | Batch 11400/18922 | KD Loss: 4.7899 | Base Loss: 0.8381
Epoch 47/100 | Batch 11600/18922 | KD Loss: 4.7074 | Base Loss: 0.8455
Epoch 47/100 | Batch 11800/18922 | KD Loss: 4.6072 | Base Loss: 0.8959
Epoch 47/100 | Batch 12000/18922 | KD Loss: 4.4709 | Base Loss: 0.7333
Epoch 47/100 | Batch 12200/18922 | KD Loss: 5.3588 | Base Loss: 0.9346
Epoch 47/100 | Batch 12400/18922 | KD Loss: 4.6400 | Base Loss: 0.7179
Epoch 47/100 | Batch 12600/18922 | KD Loss: 4.8594 | Base Loss: 0.8637
Epoch 47/100 | Batch 12800/18922 | KD Loss: 5.0324 | Base Loss: 0.8562
Epoch 47/100 | Batch 13000/18922 | KD Loss: 4.6126 | Base Loss: 0.7733
Epoch 47/100 | Batch 13200/18922 | KD Loss: 4.9144 | Base Loss: 0.8348
Epoch 47/100 | Batch 13400/18922 | KD Loss: 5.3731 | Base Loss: 0.9291
Epoch 47/100 | Batch 13600/18922 | KD Loss: 4.6749 | Base Loss: 0.7748
Epoch 47/100 | Batch 13800/18922 | KD Loss: 4.7307 | Base Loss: 0.8366
Epoch 47/100 | Batch 14000/18922 | KD Loss: 4.9419 | Base Loss: 0.9283
Epoch 47/100 | Batch 14200/18922 | KD Loss: 4.8811 | Base Loss: 0.7531
Epoch 47/100 | Batch 14400/18922 | KD Loss: 4.8743 | Base Loss: 0.8869
Epoch 47/100 | Batch 14600/18922 | KD Loss: 4.6739 | Base Loss: 0.7874
Epoch 47/100 | Batch 14800/18922 | KD Loss: 4.8112 | Base Loss: 0.7254
Epoch 47/100 | Batch 15000/18922 | KD Loss: 5.1416 | Base Loss: 0.7540
Epoch 47/100 | Batch 15200/18922 | KD Loss: 5.4725 | Base Loss: 0.9431
Epoch 47/100 | Batch 15400/18922 | KD Loss: 5.0599 | Base Loss: 0.8903
Epoch 47/100 | Batch 15600/18922 | KD Loss: 5.0788 | Base Loss: 0.8716
Epoch 47/100 | Batch 15800/18922 | KD Loss: 5.1036 | Base Loss: 0.7133
Epoch 47/100 | Batch 16000/18922 | KD Loss: 4.6308 | Base Loss: 0.7749
Epoch 47/100 | Batch 16200/18922 | KD Loss: 5.2536 | Base Loss: 0.9276
Epoch 47/100 | Batch 16400/18922 | KD Loss: 5.2240 | Base Loss: 0.9837
Epoch 47/100 | Batch 16600/18922 | KD Loss: 4.9862 | Base Loss: 0.9485
Epoch 47/100 | Batch 16800/18922 | KD Loss: 4.6649 | Base Loss: 0.8293
Epoch 47/100 | Batch 17000/18922 | KD Loss: 5.1169 | Base Loss: 0.8020
Epoch 47/100 | Batch 17200/18922 | KD Loss: 5.1290 | Base Loss: 0.9620
Epoch 47/100 | Batch 17400/18922 | KD Loss: 4.6266 | Base Loss: 0.7370
Epoch 47/100 | Batch 17600/18922 | KD Loss: 4.6611 | Base Loss: 0.7642
Epoch 47/100 | Batch 17800/18922 | KD Loss: 4.6899 | Base Loss: 0.9524
Epoch 47/100 | Batch 18000/18922 | KD Loss: 4.9341 | Base Loss: 0.8269
Epoch 47/100 | Batch 18200/18922 | KD Loss: 5.0496 | Base Loss: 0.6949
Epoch 47/100 | Batch 18400/18922 | KD Loss: 4.9161 | Base Loss: 0.8405
Epoch 47/100 | Batch 18600/18922 | KD Loss: 4.7722 | Base Loss: 0.9026
Epoch 47/100 | Batch 18800/18922 | KD Loss: 4.7381 | Base Loss: 0.9419
====> Epoch 47 Average KD Loss: 4.8375 | LR: 0.000200
Epoch 48/100 | Batch 0/18922 | KD Loss: 4.6083 | Base Loss: 0.6331
Epoch 48/100 | Batch 200/18922 | KD Loss: 4.6575 | Base Loss: 0.6912
Epoch 48/100 | Batch 400/18922 | KD Loss: 4.9748 | Base Loss: 0.8169
Epoch 48/100 | Batch 600/18922 | KD Loss: 4.8963 | Base Loss: 0.8249
Epoch 48/100 | Batch 800/18922 | KD Loss: 5.0529 | Base Loss: 0.8300
Epoch 48/100 | Batch 1000/18922 | KD Loss: 4.8713 | Base Loss: 0.7442
Epoch 48/100 | Batch 1200/18922 | KD Loss: 4.4875 | Base Loss: 0.7356
Epoch 48/100 | Batch 1400/18922 | KD Loss: 4.7236 | Base Loss: 0.9303
Epoch 48/100 | Batch 1600/18922 | KD Loss: 4.5802 | Base Loss: 0.7450
Epoch 48/100 | Batch 1800/18922 | KD Loss: 4.9230 | Base Loss: 0.7256
Epoch 48/100 | Batch 2000/18922 | KD Loss: 4.9472 | Base Loss: 0.6940
Epoch 48/100 | Batch 2200/18922 | KD Loss: 5.0227 | Base Loss: 0.6384
Epoch 48/100 | Batch 2400/18922 | KD Loss: 4.7173 | Base Loss: 0.7402
Epoch 48/100 | Batch 2600/18922 | KD Loss: 4.8625 | Base Loss: 0.8120
Epoch 48/100 | Batch 2800/18922 | KD Loss: 5.0506 | Base Loss: 0.9131
Epoch 48/100 | Batch 3000/18922 | KD Loss: 4.7531 | Base Loss: 0.8159
Epoch 48/100 | Batch 3200/18922 | KD Loss: 4.7554 | Base Loss: 0.7011
Epoch 48/100 | Batch 3400/18922 | KD Loss: 4.7776 | Base Loss: 0.8367
Epoch 48/100 | Batch 3600/18922 | KD Loss: 4.5980 | Base Loss: 0.8933
Epoch 48/100 | Batch 3800/18922 | KD Loss: 5.1155 | Base Loss: 0.9269
Epoch 48/100 | Batch 4000/18922 | KD Loss: 4.7450 | Base Loss: 0.6950
Epoch 48/100 | Batch 4200/18922 | KD Loss: 4.7059 | Base Loss: 0.6139
Epoch 48/100 | Batch 4400/18922 | KD Loss: 4.8346 | Base Loss: 0.8024
Epoch 48/100 | Batch 4600/18922 | KD Loss: 4.6892 | Base Loss: 0.6911
Epoch 48/100 | Batch 4800/18922 | KD Loss: 4.8896 | Base Loss: 0.7819
Epoch 48/100 | Batch 5000/18922 | KD Loss: 5.0547 | Base Loss: 0.9517
Epoch 48/100 | Batch 5200/18922 | KD Loss: 4.5319 | Base Loss: 0.7194
Epoch 48/100 | Batch 5400/18922 | KD Loss: 4.8663 | Base Loss: 0.7814
Epoch 48/100 | Batch 5600/18922 | KD Loss: 4.7251 | Base Loss: 0.6219
Epoch 48/100 | Batch 5800/18922 | KD Loss: 4.6543 | Base Loss: 0.6339
Epoch 48/100 | Batch 6000/18922 | KD Loss: 4.7264 | Base Loss: 0.8347
Epoch 48/100 | Batch 6200/18922 | KD Loss: 5.1298 | Base Loss: 0.8520
Epoch 48/100 | Batch 6400/18922 | KD Loss: 4.8409 | Base Loss: 0.7992
Epoch 48/100 | Batch 6600/18922 | KD Loss: 5.1659 | Base Loss: 1.0510
Epoch 48/100 | Batch 6800/18922 | KD Loss: 4.8257 | Base Loss: 0.7260
Epoch 48/100 | Batch 7000/18922 | KD Loss: 4.6759 | Base Loss: 0.7257
Epoch 48/100 | Batch 7200/18922 | KD Loss: 5.0401 | Base Loss: 0.9421
Epoch 48/100 | Batch 7400/18922 | KD Loss: 4.7509 | Base Loss: 0.6444
Epoch 48/100 | Batch 7600/18922 | KD Loss: 5.0954 | Base Loss: 0.8556
Epoch 48/100 | Batch 7800/18922 | KD Loss: 4.9460 | Base Loss: 0.7634
Epoch 48/100 | Batch 8000/18922 | KD Loss: 4.9595 | Base Loss: 0.8921
Epoch 48/100 | Batch 8200/18922 | KD Loss: 4.6484 | Base Loss: 0.6641
Epoch 48/100 | Batch 8400/18922 | KD Loss: 4.6581 | Base Loss: 0.6537
Epoch 48/100 | Batch 8600/18922 | KD Loss: 5.0068 | Base Loss: 0.7328
Epoch 48/100 | Batch 8800/18922 | KD Loss: 4.7041 | Base Loss: 0.7336
Epoch 48/100 | Batch 9000/18922 | KD Loss: 4.6170 | Base Loss: 0.7950
Epoch 48/100 | Batch 9200/18922 | KD Loss: 4.9090 | Base Loss: 0.7996
Epoch 48/100 | Batch 9400/18922 | KD Loss: 4.5780 | Base Loss: 0.7052
Epoch 48/100 | Batch 9600/18922 | KD Loss: 4.5975 | Base Loss: 0.7344
Epoch 48/100 | Batch 9800/18922 | KD Loss: 4.7225 | Base Loss: 0.7749
Epoch 48/100 | Batch 10000/18922 | KD Loss: 5.0921 | Base Loss: 0.8016
Epoch 48/100 | Batch 10200/18922 | KD Loss: 5.2418 | Base Loss: 1.0444
Epoch 48/100 | Batch 10400/18922 | KD Loss: 4.6477 | Base Loss: 0.7212
Epoch 48/100 | Batch 10600/18922 | KD Loss: 4.6272 | Base Loss: 0.8388
Epoch 48/100 | Batch 10800/18922 | KD Loss: 4.9821 | Base Loss: 0.7302
Epoch 48/100 | Batch 11000/18922 | KD Loss: 4.8034 | Base Loss: 0.7161
Epoch 48/100 | Batch 11200/18922 | KD Loss: 5.3957 | Base Loss: 0.9972
Epoch 48/100 | Batch 11400/18922 | KD Loss: 4.6553 | Base Loss: 0.7335
Epoch 48/100 | Batch 11600/18922 | KD Loss: 5.1622 | Base Loss: 0.9188
Epoch 48/100 | Batch 11800/18922 | KD Loss: 4.7265 | Base Loss: 0.8790
Epoch 48/100 | Batch 12000/18922 | KD Loss: 4.8623 | Base Loss: 0.8169
Epoch 48/100 | Batch 12200/18922 | KD Loss: 4.5317 | Base Loss: 0.6977
Epoch 48/100 | Batch 12400/18922 | KD Loss: 5.0702 | Base Loss: 0.8212
Epoch 48/100 | Batch 12600/18922 | KD Loss: 5.3758 | Base Loss: 0.8941
Epoch 48/100 | Batch 12800/18922 | KD Loss: 4.8544 | Base Loss: 0.7614
Epoch 48/100 | Batch 13000/18922 | KD Loss: 4.6793 | Base Loss: 0.9027
Epoch 48/100 | Batch 13200/18922 | KD Loss: 4.6506 | Base Loss: 0.7735
Epoch 48/100 | Batch 13400/18922 | KD Loss: 4.7628 | Base Loss: 0.8053
Epoch 48/100 | Batch 13600/18922 | KD Loss: 5.0246 | Base Loss: 0.8850
Epoch 48/100 | Batch 13800/18922 | KD Loss: 4.3415 | Base Loss: 0.6848
Epoch 48/100 | Batch 14000/18922 | KD Loss: 4.9152 | Base Loss: 0.8580
Epoch 48/100 | Batch 14200/18922 | KD Loss: 4.9414 | Base Loss: 0.7682
Epoch 48/100 | Batch 14400/18922 | KD Loss: 4.7851 | Base Loss: 0.8249
Epoch 48/100 | Batch 14600/18922 | KD Loss: 5.1295 | Base Loss: 0.8786
Epoch 48/100 | Batch 14800/18922 | KD Loss: 4.7210 | Base Loss: 0.6787
Epoch 48/100 | Batch 15000/18922 | KD Loss: 5.1261 | Base Loss: 0.9480
Epoch 48/100 | Batch 15200/18922 | KD Loss: 5.1539 | Base Loss: 0.8602
Epoch 48/100 | Batch 15400/18922 | KD Loss: 4.9254 | Base Loss: 0.9482
Epoch 48/100 | Batch 15600/18922 | KD Loss: 4.6211 | Base Loss: 0.7214
Epoch 48/100 | Batch 15800/18922 | KD Loss: 4.6425 | Base Loss: 0.7900
Epoch 48/100 | Batch 16000/18922 | KD Loss: 4.7125 | Base Loss: 0.7663
Epoch 48/100 | Batch 16200/18922 | KD Loss: 5.0322 | Base Loss: 0.8969
Epoch 48/100 | Batch 16400/18922 | KD Loss: 4.8201 | Base Loss: 0.7072
Epoch 48/100 | Batch 16600/18922 | KD Loss: 4.7435 | Base Loss: 0.8546
Epoch 48/100 | Batch 16800/18922 | KD Loss: 4.7228 | Base Loss: 0.7184
Epoch 48/100 | Batch 17000/18922 | KD Loss: 5.0257 | Base Loss: 1.1369
Epoch 48/100 | Batch 17200/18922 | KD Loss: 4.5471 | Base Loss: 0.8145
Epoch 48/100 | Batch 17400/18922 | KD Loss: 4.7846 | Base Loss: 0.7422
Epoch 48/100 | Batch 17600/18922 | KD Loss: 4.8387 | Base Loss: 0.8179
Epoch 48/100 | Batch 17800/18922 | KD Loss: 4.5945 | Base Loss: 0.8599
Epoch 48/100 | Batch 18000/18922 | KD Loss: 5.0028 | Base Loss: 0.7957
Epoch 48/100 | Batch 18200/18922 | KD Loss: 4.8886 | Base Loss: 0.7453
Epoch 48/100 | Batch 18400/18922 | KD Loss: 4.7899 | Base Loss: 0.7913
Epoch 48/100 | Batch 18600/18922 | KD Loss: 5.1361 | Base Loss: 0.9380
Epoch 48/100 | Batch 18800/18922 | KD Loss: 4.8697 | Base Loss: 0.7382
====> Epoch 48 Average KD Loss: 4.8351 | LR: 0.000200
Epoch 49/100 | Batch 0/18922 | KD Loss: 4.5697 | Base Loss: 0.6103
Epoch 49/100 | Batch 200/18922 | KD Loss: 4.9492 | Base Loss: 0.8533
Epoch 49/100 | Batch 400/18922 | KD Loss: 4.9193 | Base Loss: 0.7644
Epoch 49/100 | Batch 600/18922 | KD Loss: 4.9365 | Base Loss: 0.7636
Epoch 49/100 | Batch 800/18922 | KD Loss: 4.7662 | Base Loss: 0.7815
Epoch 49/100 | Batch 1000/18922 | KD Loss: 4.9227 | Base Loss: 0.6772
Epoch 49/100 | Batch 1200/18922 | KD Loss: 4.7954 | Base Loss: 0.7608
Epoch 49/100 | Batch 1400/18922 | KD Loss: 4.7162 | Base Loss: 0.6562
Epoch 49/100 | Batch 1600/18922 | KD Loss: 5.2015 | Base Loss: 0.8705
Epoch 49/100 | Batch 1800/18922 | KD Loss: 4.6589 | Base Loss: 0.6502
Epoch 49/100 | Batch 2000/18922 | KD Loss: 4.8702 | Base Loss: 0.8100
Epoch 49/100 | Batch 2200/18922 | KD Loss: 5.0202 | Base Loss: 0.8967
Epoch 49/100 | Batch 2400/18922 | KD Loss: 4.8016 | Base Loss: 0.7891
Epoch 49/100 | Batch 2600/18922 | KD Loss: 4.7881 | Base Loss: 0.7218
Epoch 49/100 | Batch 2800/18922 | KD Loss: 4.7649 | Base Loss: 0.8027
Epoch 49/100 | Batch 3000/18922 | KD Loss: 5.1559 | Base Loss: 0.9114
Epoch 49/100 | Batch 3200/18922 | KD Loss: 4.9720 | Base Loss: 0.8114
Epoch 49/100 | Batch 3400/18922 | KD Loss: 5.1292 | Base Loss: 0.8393
Epoch 49/100 | Batch 3600/18922 | KD Loss: 4.8489 | Base Loss: 0.8996
Epoch 49/100 | Batch 3800/18922 | KD Loss: 4.6791 | Base Loss: 0.6912
Epoch 49/100 | Batch 4000/18922 | KD Loss: 4.6451 | Base Loss: 0.8388
Epoch 49/100 | Batch 4200/18922 | KD Loss: 4.7817 | Base Loss: 0.8303
Epoch 49/100 | Batch 4400/18922 | KD Loss: 5.2443 | Base Loss: 0.9211
Epoch 49/100 | Batch 4600/18922 | KD Loss: 5.0854 | Base Loss: 1.1124
Epoch 49/100 | Batch 4800/18922 | KD Loss: 4.9779 | Base Loss: 0.8713
Epoch 49/100 | Batch 5000/18922 | KD Loss: 4.5500 | Base Loss: 0.6887
Epoch 49/100 | Batch 5200/18922 | KD Loss: 5.0128 | Base Loss: 0.9700
Epoch 49/100 | Batch 5400/18922 | KD Loss: 5.1038 | Base Loss: 0.8898
Epoch 49/100 | Batch 5600/18922 | KD Loss: 4.7697 | Base Loss: 0.7401
Epoch 49/100 | Batch 5800/18922 | KD Loss: 4.8220 | Base Loss: 0.7725
Epoch 49/100 | Batch 6000/18922 | KD Loss: 4.7186 | Base Loss: 0.7102
Epoch 49/100 | Batch 6200/18922 | KD Loss: 4.5824 | Base Loss: 0.6343
Epoch 49/100 | Batch 6400/18922 | KD Loss: 4.5486 | Base Loss: 0.6494
Epoch 49/100 | Batch 6600/18922 | KD Loss: 4.7457 | Base Loss: 0.8458
Epoch 49/100 | Batch 6800/18922 | KD Loss: 5.4278 | Base Loss: 0.8662
Epoch 49/100 | Batch 7000/18922 | KD Loss: 4.8077 | Base Loss: 0.7573
Epoch 49/100 | Batch 7200/18922 | KD Loss: 4.8467 | Base Loss: 0.8240
Epoch 49/100 | Batch 7400/18922 | KD Loss: 4.8031 | Base Loss: 0.7884
Epoch 49/100 | Batch 7600/18922 | KD Loss: 5.0574 | Base Loss: 0.9680
Epoch 49/100 | Batch 7800/18922 | KD Loss: 4.7552 | Base Loss: 0.8111
Epoch 49/100 | Batch 8000/18922 | KD Loss: 4.7938 | Base Loss: 0.7978
Epoch 49/100 | Batch 8200/18922 | KD Loss: 4.6536 | Base Loss: 0.6126
Epoch 49/100 | Batch 8400/18922 | KD Loss: 5.0487 | Base Loss: 0.9495
Epoch 49/100 | Batch 8600/18922 | KD Loss: 4.6602 | Base Loss: 0.7001
Epoch 49/100 | Batch 8800/18922 | KD Loss: 4.6339 | Base Loss: 0.7636
Epoch 49/100 | Batch 9000/18922 | KD Loss: 4.8093 | Base Loss: 0.7270
Epoch 49/100 | Batch 9200/18922 | KD Loss: 5.0786 | Base Loss: 0.8278
Epoch 49/100 | Batch 9400/18922 | KD Loss: 5.1290 | Base Loss: 0.7819
Epoch 49/100 | Batch 9600/18922 | KD Loss: 4.8914 | Base Loss: 0.7431
Epoch 49/100 | Batch 9800/18922 | KD Loss: 4.7379 | Base Loss: 0.7848
Epoch 49/100 | Batch 10000/18922 | KD Loss: 4.8203 | Base Loss: 0.9120
Epoch 49/100 | Batch 10200/18922 | KD Loss: 4.8006 | Base Loss: 0.8446
Epoch 49/100 | Batch 10400/18922 | KD Loss: 4.4577 | Base Loss: 0.6189
Epoch 49/100 | Batch 10600/18922 | KD Loss: 5.3473 | Base Loss: 0.9736
Epoch 49/100 | Batch 10800/18922 | KD Loss: 5.0365 | Base Loss: 0.8091
Epoch 49/100 | Batch 11000/18922 | KD Loss: 4.5433 | Base Loss: 0.6247
Epoch 49/100 | Batch 11200/18922 | KD Loss: 4.9080 | Base Loss: 0.9352
Epoch 49/100 | Batch 11400/18922 | KD Loss: 4.8084 | Base Loss: 0.8248
Epoch 49/100 | Batch 11600/18922 | KD Loss: 4.9495 | Base Loss: 0.9450
Epoch 49/100 | Batch 11800/18922 | KD Loss: 4.8233 | Base Loss: 0.7738
Epoch 49/100 | Batch 12000/18922 | KD Loss: 4.7577 | Base Loss: 0.7766
Epoch 49/100 | Batch 12200/18922 | KD Loss: 4.8055 | Base Loss: 0.8406
Epoch 49/100 | Batch 12400/18922 | KD Loss: 4.6627 | Base Loss: 0.7670
Epoch 49/100 | Batch 12600/18922 | KD Loss: 4.8947 | Base Loss: 0.7686
Epoch 49/100 | Batch 12800/18922 | KD Loss: 4.7754 | Base Loss: 0.8386
Epoch 49/100 | Batch 13000/18922 | KD Loss: 5.0276 | Base Loss: 0.9573
Epoch 49/100 | Batch 13200/18922 | KD Loss: 4.3582 | Base Loss: 0.7260
Epoch 49/100 | Batch 13400/18922 | KD Loss: 4.8466 | Base Loss: 0.8573
Epoch 49/100 | Batch 13600/18922 | KD Loss: 4.9205 | Base Loss: 0.7808
Epoch 49/100 | Batch 13800/18922 | KD Loss: 4.7715 | Base Loss: 0.8244
Epoch 49/100 | Batch 14000/18922 | KD Loss: 4.4370 | Base Loss: 0.7245
Epoch 49/100 | Batch 14200/18922 | KD Loss: 4.7021 | Base Loss: 0.7370
Epoch 49/100 | Batch 14400/18922 | KD Loss: 4.9065 | Base Loss: 0.6696
Epoch 49/100 | Batch 14600/18922 | KD Loss: 5.0400 | Base Loss: 0.7000
Epoch 49/100 | Batch 14800/18922 | KD Loss: 4.9107 | Base Loss: 0.7748
Epoch 49/100 | Batch 15000/18922 | KD Loss: 4.8564 | Base Loss: 0.7918
Epoch 49/100 | Batch 15200/18922 | KD Loss: 4.9114 | Base Loss: 0.6937
Epoch 49/100 | Batch 15400/18922 | KD Loss: 4.5442 | Base Loss: 0.6912
Epoch 49/100 | Batch 15600/18922 | KD Loss: 4.7167 | Base Loss: 0.6770
Epoch 49/100 | Batch 15800/18922 | KD Loss: 5.7394 | Base Loss: 1.1347
Epoch 49/100 | Batch 16000/18922 | KD Loss: 5.0054 | Base Loss: 0.8363
Epoch 49/100 | Batch 16200/18922 | KD Loss: 4.6648 | Base Loss: 0.7356
Epoch 49/100 | Batch 16400/18922 | KD Loss: 4.7858 | Base Loss: 0.8228
Epoch 49/100 | Batch 16600/18922 | KD Loss: 4.7212 | Base Loss: 0.7875
Epoch 49/100 | Batch 16800/18922 | KD Loss: 4.9300 | Base Loss: 0.8529
Epoch 49/100 | Batch 17000/18922 | KD Loss: 4.5878 | Base Loss: 0.7175
Epoch 49/100 | Batch 17200/18922 | KD Loss: 5.1920 | Base Loss: 0.7760
Epoch 49/100 | Batch 17400/18922 | KD Loss: 4.8753 | Base Loss: 0.6129
Epoch 49/100 | Batch 17600/18922 | KD Loss: 4.8953 | Base Loss: 0.7574
Epoch 49/100 | Batch 17800/18922 | KD Loss: 4.6945 | Base Loss: 0.6788
Epoch 49/100 | Batch 18000/18922 | KD Loss: 4.8582 | Base Loss: 0.9652
Epoch 49/100 | Batch 18200/18922 | KD Loss: 4.6826 | Base Loss: 0.8358
Epoch 49/100 | Batch 18400/18922 | KD Loss: 5.3184 | Base Loss: 0.9805
Epoch 49/100 | Batch 18600/18922 | KD Loss: 5.0525 | Base Loss: 0.8629
Epoch 49/100 | Batch 18800/18922 | KD Loss: 4.5102 | Base Loss: 0.6789
====> Epoch 49 Average KD Loss: 4.8346 | LR: 0.000200
Epoch 50/100 | Batch 0/18922 | KD Loss: 4.7355 | Base Loss: 0.8748
Epoch 50/100 | Batch 200/18922 | KD Loss: 4.4082 | Base Loss: 0.6997
Epoch 50/100 | Batch 400/18922 | KD Loss: 5.1980 | Base Loss: 0.8396
Epoch 50/100 | Batch 600/18922 | KD Loss: 4.7883 | Base Loss: 0.7311
Epoch 50/100 | Batch 800/18922 | KD Loss: 4.6731 | Base Loss: 0.8259
Epoch 50/100 | Batch 1000/18922 | KD Loss: 4.5372 | Base Loss: 0.5863
Epoch 50/100 | Batch 1200/18922 | KD Loss: 4.8482 | Base Loss: 0.7434
Epoch 50/100 | Batch 1400/18922 | KD Loss: 4.9012 | Base Loss: 0.7503
Epoch 50/100 | Batch 1600/18922 | KD Loss: 4.9876 | Base Loss: 0.8813
Epoch 50/100 | Batch 1800/18922 | KD Loss: 5.0153 | Base Loss: 1.1173
Epoch 50/100 | Batch 2000/18922 | KD Loss: 4.9922 | Base Loss: 0.8587
Epoch 50/100 | Batch 2200/18922 | KD Loss: 4.7611 | Base Loss: 0.7333
Epoch 50/100 | Batch 2400/18922 | KD Loss: 5.0553 | Base Loss: 0.8830
Epoch 50/100 | Batch 2600/18922 | KD Loss: 4.5572 | Base Loss: 0.6581
Epoch 50/100 | Batch 2800/18922 | KD Loss: 5.2643 | Base Loss: 0.8712
Epoch 50/100 | Batch 3000/18922 | KD Loss: 4.6128 | Base Loss: 0.6974
Epoch 50/100 | Batch 3200/18922 | KD Loss: 4.6387 | Base Loss: 0.7121
Epoch 50/100 | Batch 3400/18922 | KD Loss: 5.1215 | Base Loss: 0.7767
Epoch 50/100 | Batch 3600/18922 | KD Loss: 4.7799 | Base Loss: 0.8845
Epoch 50/100 | Batch 3800/18922 | KD Loss: 4.5662 | Base Loss: 0.6131
Epoch 50/100 | Batch 4000/18922 | KD Loss: 5.0126 | Base Loss: 0.9044
Epoch 50/100 | Batch 4200/18922 | KD Loss: 4.8993 | Base Loss: 0.7170
Epoch 50/100 | Batch 4400/18922 | KD Loss: 5.0249 | Base Loss: 0.9883
Epoch 50/100 | Batch 4600/18922 | KD Loss: 4.4885 | Base Loss: 0.6702
Epoch 50/100 | Batch 4800/18922 | KD Loss: 4.7724 | Base Loss: 0.7613
Epoch 50/100 | Batch 5000/18922 | KD Loss: 4.9037 | Base Loss: 0.7308
Epoch 50/100 | Batch 5200/18922 | KD Loss: 4.9554 | Base Loss: 0.9298
Epoch 50/100 | Batch 5400/18922 | KD Loss: 4.7343 | Base Loss: 0.7370
Epoch 50/100 | Batch 5600/18922 | KD Loss: 4.8326 | Base Loss: 0.6666
Epoch 50/100 | Batch 5800/18922 | KD Loss: 4.7303 | Base Loss: 0.7523
Epoch 50/100 | Batch 6000/18922 | KD Loss: 4.4729 | Base Loss: 0.7053
Epoch 50/100 | Batch 6200/18922 | KD Loss: 4.9364 | Base Loss: 0.7004
Epoch 50/100 | Batch 6400/18922 | KD Loss: 4.6037 | Base Loss: 0.6205
Epoch 50/100 | Batch 6600/18922 | KD Loss: 4.7574 | Base Loss: 0.6625
Epoch 50/100 | Batch 6800/18922 | KD Loss: 4.8868 | Base Loss: 0.8368
Epoch 50/100 | Batch 7000/18922 | KD Loss: 4.8911 | Base Loss: 0.7447
Epoch 50/100 | Batch 7200/18922 | KD Loss: 4.7538 | Base Loss: 0.8098
Epoch 50/100 | Batch 7400/18922 | KD Loss: 4.8290 | Base Loss: 0.6749
Epoch 50/100 | Batch 7600/18922 | KD Loss: 4.8292 | Base Loss: 1.0122
Epoch 50/100 | Batch 7800/18922 | KD Loss: 4.7713 | Base Loss: 0.8230
Epoch 50/100 | Batch 8000/18922 | KD Loss: 4.8960 | Base Loss: 0.6861
Epoch 50/100 | Batch 8200/18922 | KD Loss: 4.3371 | Base Loss: 0.6257
Epoch 50/100 | Batch 8400/18922 | KD Loss: 4.7873 | Base Loss: 0.7589
Epoch 50/100 | Batch 8600/18922 | KD Loss: 4.8283 | Base Loss: 0.7693
Epoch 50/100 | Batch 8800/18922 | KD Loss: 4.8965 | Base Loss: 0.8497
Epoch 50/100 | Batch 9000/18922 | KD Loss: 4.8999 | Base Loss: 0.7684
Epoch 50/100 | Batch 9200/18922 | KD Loss: 4.8876 | Base Loss: 0.7607
Epoch 50/100 | Batch 9400/18922 | KD Loss: 4.6124 | Base Loss: 0.7403
Epoch 50/100 | Batch 9600/18922 | KD Loss: 4.6498 | Base Loss: 0.6659
Epoch 50/100 | Batch 9800/18922 | KD Loss: 5.0803 | Base Loss: 0.8955
Epoch 50/100 | Batch 10000/18922 | KD Loss: 5.0028 | Base Loss: 0.7653
Epoch 50/100 | Batch 10200/18922 | KD Loss: 4.6005 | Base Loss: 0.7764
Epoch 50/100 | Batch 10400/18922 | KD Loss: 4.9784 | Base Loss: 0.8596
Epoch 50/100 | Batch 10600/18922 | KD Loss: 4.8236 | Base Loss: 0.6804
Epoch 50/100 | Batch 10800/18922 | KD Loss: 4.6184 | Base Loss: 0.7550
Epoch 50/100 | Batch 11000/18922 | KD Loss: 4.9696 | Base Loss: 0.8108
Epoch 50/100 | Batch 11200/18922 | KD Loss: 5.0868 | Base Loss: 0.8250
Epoch 50/100 | Batch 11400/18922 | KD Loss: 4.6412 | Base Loss: 0.7708
Epoch 50/100 | Batch 11600/18922 | KD Loss: 4.6561 | Base Loss: 0.6705
Epoch 50/100 | Batch 11800/18922 | KD Loss: 4.9250 | Base Loss: 0.7189
Epoch 50/100 | Batch 12000/18922 | KD Loss: 4.9261 | Base Loss: 0.8388
Epoch 50/100 | Batch 12200/18922 | KD Loss: 5.1424 | Base Loss: 0.8727
Epoch 50/100 | Batch 12400/18922 | KD Loss: 4.6567 | Base Loss: 0.7416
Epoch 50/100 | Batch 12600/18922 | KD Loss: 4.7223 | Base Loss: 0.7945
Epoch 50/100 | Batch 12800/18922 | KD Loss: 4.5896 | Base Loss: 0.7973
Epoch 50/100 | Batch 13000/18922 | KD Loss: 5.1319 | Base Loss: 0.8102
Epoch 50/100 | Batch 13200/18922 | KD Loss: 4.6190 | Base Loss: 0.6758
Epoch 50/100 | Batch 13400/18922 | KD Loss: 4.7686 | Base Loss: 0.7887
Epoch 50/100 | Batch 13600/18922 | KD Loss: 4.8295 | Base Loss: 0.7278
Epoch 50/100 | Batch 13800/18922 | KD Loss: 4.8348 | Base Loss: 0.7056
Epoch 50/100 | Batch 14000/18922 | KD Loss: 4.7706 | Base Loss: 0.7768
Epoch 50/100 | Batch 14200/18922 | KD Loss: 4.9453 | Base Loss: 0.7369
Epoch 50/100 | Batch 14400/18922 | KD Loss: 4.8264 | Base Loss: 0.8248
Epoch 50/100 | Batch 14600/18922 | KD Loss: 4.8202 | Base Loss: 0.9119
Epoch 50/100 | Batch 14800/18922 | KD Loss: 4.7729 | Base Loss: 0.6900
Epoch 50/100 | Batch 15000/18922 | KD Loss: 4.8896 | Base Loss: 0.7308
Epoch 50/100 | Batch 15200/18922 | KD Loss: 4.9621 | Base Loss: 0.8314
Epoch 50/100 | Batch 15400/18922 | KD Loss: 4.7911 | Base Loss: 0.6429
Epoch 50/100 | Batch 15600/18922 | KD Loss: 5.0631 | Base Loss: 0.8680
Epoch 50/100 | Batch 15800/18922 | KD Loss: 4.7402 | Base Loss: 0.8033
Epoch 50/100 | Batch 16000/18922 | KD Loss: 5.0393 | Base Loss: 0.8195
Epoch 50/100 | Batch 16200/18922 | KD Loss: 4.7549 | Base Loss: 0.7505
Epoch 50/100 | Batch 16400/18922 | KD Loss: 5.2830 | Base Loss: 1.0922
Epoch 50/100 | Batch 16600/18922 | KD Loss: 5.2326 | Base Loss: 0.9110
Epoch 50/100 | Batch 16800/18922 | KD Loss: 5.1426 | Base Loss: 0.9665
Epoch 50/100 | Batch 17000/18922 | KD Loss: 5.1087 | Base Loss: 0.8408
Epoch 50/100 | Batch 17200/18922 | KD Loss: 4.4336 | Base Loss: 0.6556
Epoch 50/100 | Batch 17400/18922 | KD Loss: 5.2586 | Base Loss: 0.8752
Epoch 50/100 | Batch 17600/18922 | KD Loss: 4.9391 | Base Loss: 0.7481
Epoch 50/100 | Batch 17800/18922 | KD Loss: 4.5216 | Base Loss: 0.6124
Epoch 50/100 | Batch 18000/18922 | KD Loss: 4.6488 | Base Loss: 0.8255
Epoch 50/100 | Batch 18200/18922 | KD Loss: 4.5309 | Base Loss: 0.7051
Epoch 50/100 | Batch 18400/18922 | KD Loss: 4.8027 | Base Loss: 0.8365
Epoch 50/100 | Batch 18600/18922 | KD Loss: 5.1827 | Base Loss: 0.7510
Epoch 50/100 | Batch 18800/18922 | KD Loss: 5.0384 | Base Loss: 0.7353
====> Epoch 50 Average KD Loss: 4.8328 | LR: 0.000200
Epoch 51/100 | Batch 0/18922 | KD Loss: 4.4340 | Base Loss: 0.6782
Epoch 51/100 | Batch 200/18922 | KD Loss: 4.8716 | Base Loss: 0.8432
Epoch 51/100 | Batch 400/18922 | KD Loss: 4.9843 | Base Loss: 0.7055
Epoch 51/100 | Batch 600/18922 | KD Loss: 4.6730 | Base Loss: 0.6687
Epoch 51/100 | Batch 800/18922 | KD Loss: 4.7669 | Base Loss: 0.7130
Epoch 51/100 | Batch 1000/18922 | KD Loss: 4.8143 | Base Loss: 0.9158
Epoch 51/100 | Batch 1200/18922 | KD Loss: 4.8839 | Base Loss: 0.8308
Epoch 51/100 | Batch 1400/18922 | KD Loss: 5.2703 | Base Loss: 0.8508
Epoch 51/100 | Batch 1600/18922 | KD Loss: 4.8036 | Base Loss: 0.5963
Epoch 51/100 | Batch 1800/18922 | KD Loss: 4.9864 | Base Loss: 0.8380
Epoch 51/100 | Batch 2000/18922 | KD Loss: 4.8902 | Base Loss: 0.8668
Epoch 51/100 | Batch 2200/18922 | KD Loss: 4.7606 | Base Loss: 0.7506
Epoch 51/100 | Batch 2400/18922 | KD Loss: 4.8810 | Base Loss: 0.8599
Epoch 51/100 | Batch 2600/18922 | KD Loss: 4.9866 | Base Loss: 0.8150
Epoch 51/100 | Batch 2800/18922 | KD Loss: 4.9184 | Base Loss: 0.6782
Epoch 51/100 | Batch 3000/18922 | KD Loss: 5.2128 | Base Loss: 0.8380
Epoch 51/100 | Batch 3200/18922 | KD Loss: 4.8862 | Base Loss: 0.7357
Epoch 51/100 | Batch 3400/18922 | KD Loss: 4.8268 | Base Loss: 0.7652
Epoch 51/100 | Batch 3600/18922 | KD Loss: 4.6995 | Base Loss: 0.8815
Epoch 51/100 | Batch 3800/18922 | KD Loss: 4.5610 | Base Loss: 0.7004
Epoch 51/100 | Batch 4000/18922 | KD Loss: 4.6325 | Base Loss: 0.9240
Epoch 51/100 | Batch 4200/18922 | KD Loss: 4.7183 | Base Loss: 0.7817
Epoch 51/100 | Batch 4400/18922 | KD Loss: 4.8517 | Base Loss: 0.6940
Epoch 51/100 | Batch 4600/18922 | KD Loss: 4.6677 | Base Loss: 0.6228
Epoch 51/100 | Batch 4800/18922 | KD Loss: 4.9629 | Base Loss: 0.8219
Epoch 51/100 | Batch 5000/18922 | KD Loss: 4.6728 | Base Loss: 0.6490
Epoch 51/100 | Batch 5200/18922 | KD Loss: 4.6507 | Base Loss: 0.7780
Epoch 51/100 | Batch 5400/18922 | KD Loss: 4.5914 | Base Loss: 0.6113
Epoch 51/100 | Batch 5600/18922 | KD Loss: 4.7594 | Base Loss: 0.6708
Epoch 51/100 | Batch 5800/18922 | KD Loss: 4.8379 | Base Loss: 0.8898
Epoch 51/100 | Batch 6000/18922 | KD Loss: 4.7723 | Base Loss: 0.8592
Epoch 51/100 | Batch 6200/18922 | KD Loss: 4.6418 | Base Loss: 0.7646
Epoch 51/100 | Batch 6400/18922 | KD Loss: 4.8004 | Base Loss: 0.9552
Epoch 51/100 | Batch 6600/18922 | KD Loss: 5.0170 | Base Loss: 0.7784
Epoch 51/100 | Batch 6800/18922 | KD Loss: 5.3805 | Base Loss: 0.7962
Epoch 51/100 | Batch 7000/18922 | KD Loss: 5.3071 | Base Loss: 0.8805
Epoch 51/100 | Batch 7200/18922 | KD Loss: 4.7704 | Base Loss: 0.6257
Epoch 51/100 | Batch 7400/18922 | KD Loss: 4.8271 | Base Loss: 0.7521
Epoch 51/100 | Batch 7600/18922 | KD Loss: 4.8863 | Base Loss: 0.9265
Epoch 51/100 | Batch 7800/18922 | KD Loss: 4.9722 | Base Loss: 0.8352
Epoch 51/100 | Batch 8000/18922 | KD Loss: 5.0081 | Base Loss: 0.7414
Epoch 51/100 | Batch 8200/18922 | KD Loss: 4.7193 | Base Loss: 0.7249
Epoch 51/100 | Batch 8400/18922 | KD Loss: 5.0085 | Base Loss: 0.7886
Epoch 51/100 | Batch 8600/18922 | KD Loss: 4.8995 | Base Loss: 0.9687
Epoch 51/100 | Batch 8800/18922 | KD Loss: 4.8528 | Base Loss: 0.8055
Epoch 51/100 | Batch 9000/18922 | KD Loss: 4.9807 | Base Loss: 0.9585
Epoch 51/100 | Batch 9200/18922 | KD Loss: 4.7259 | Base Loss: 0.7718
Epoch 51/100 | Batch 9400/18922 | KD Loss: 4.8701 | Base Loss: 0.8367
Epoch 51/100 | Batch 9600/18922 | KD Loss: 5.0217 | Base Loss: 0.7515
Epoch 51/100 | Batch 9800/18922 | KD Loss: 4.9939 | Base Loss: 0.8754
Epoch 51/100 | Batch 10000/18922 | KD Loss: 4.5047 | Base Loss: 0.7122
Epoch 51/100 | Batch 10200/18922 | KD Loss: 4.6087 | Base Loss: 0.7314
Epoch 51/100 | Batch 10400/18922 | KD Loss: 4.6363 | Base Loss: 0.6016
Epoch 51/100 | Batch 10600/18922 | KD Loss: 4.6943 | Base Loss: 0.7516
Epoch 51/100 | Batch 10800/18922 | KD Loss: 5.0239 | Base Loss: 0.8771
Epoch 51/100 | Batch 11000/18922 | KD Loss: 4.8761 | Base Loss: 0.7810
Epoch 51/100 | Batch 11200/18922 | KD Loss: 5.2870 | Base Loss: 0.9454
Epoch 51/100 | Batch 11400/18922 | KD Loss: 4.9470 | Base Loss: 0.6704
Epoch 51/100 | Batch 11600/18922 | KD Loss: 4.5637 | Base Loss: 0.7182
Epoch 51/100 | Batch 11800/18922 | KD Loss: 4.5852 | Base Loss: 0.6490
Epoch 51/100 | Batch 12000/18922 | KD Loss: 4.6752 | Base Loss: 0.7838
Epoch 51/100 | Batch 12200/18922 | KD Loss: 4.7036 | Base Loss: 0.8577
Epoch 51/100 | Batch 12400/18922 | KD Loss: 4.6808 | Base Loss: 0.7645
Epoch 51/100 | Batch 12600/18922 | KD Loss: 4.7559 | Base Loss: 0.9889
Epoch 51/100 | Batch 12800/18922 | KD Loss: 4.9389 | Base Loss: 0.7867
Epoch 51/100 | Batch 13000/18922 | KD Loss: 5.4025 | Base Loss: 0.8334
Epoch 51/100 | Batch 13200/18922 | KD Loss: 4.6097 | Base Loss: 0.6959
Epoch 51/100 | Batch 13400/18922 | KD Loss: 4.5242 | Base Loss: 0.6699
Epoch 51/100 | Batch 13600/18922 | KD Loss: 4.7504 | Base Loss: 0.7934
Epoch 51/100 | Batch 13800/18922 | KD Loss: 4.9533 | Base Loss: 0.9458
Epoch 51/100 | Batch 14000/18922 | KD Loss: 4.6899 | Base Loss: 0.6441
Epoch 51/100 | Batch 14200/18922 | KD Loss: 4.9212 | Base Loss: 1.0770
Epoch 51/100 | Batch 14400/18922 | KD Loss: 4.8627 | Base Loss: 0.8754
Epoch 51/100 | Batch 14600/18922 | KD Loss: 5.1184 | Base Loss: 0.9925
Epoch 51/100 | Batch 14800/18922 | KD Loss: 4.6971 | Base Loss: 0.6965
Epoch 51/100 | Batch 15000/18922 | KD Loss: 4.6956 | Base Loss: 0.6446
Epoch 51/100 | Batch 15200/18922 | KD Loss: 5.0651 | Base Loss: 0.7739
Epoch 51/100 | Batch 15400/18922 | KD Loss: 4.6103 | Base Loss: 0.8038
Epoch 51/100 | Batch 15600/18922 | KD Loss: 4.6890 | Base Loss: 0.7512
Epoch 51/100 | Batch 15800/18922 | KD Loss: 4.8214 | Base Loss: 0.9993
Epoch 51/100 | Batch 16000/18922 | KD Loss: 4.5884 | Base Loss: 0.6777
Epoch 51/100 | Batch 16200/18922 | KD Loss: 5.0010 | Base Loss: 0.8433
Epoch 51/100 | Batch 16400/18922 | KD Loss: 4.7893 | Base Loss: 0.7815
Epoch 51/100 | Batch 16600/18922 | KD Loss: 4.7035 | Base Loss: 0.7650
Epoch 51/100 | Batch 16800/18922 | KD Loss: 5.0546 | Base Loss: 0.8411
Epoch 51/100 | Batch 17000/18922 | KD Loss: 4.9584 | Base Loss: 0.9920
Epoch 51/100 | Batch 17200/18922 | KD Loss: 4.9115 | Base Loss: 0.9221
Epoch 51/100 | Batch 17400/18922 | KD Loss: 4.7125 | Base Loss: 0.8269
Epoch 51/100 | Batch 17600/18922 | KD Loss: 4.6068 | Base Loss: 0.8387
Epoch 51/100 | Batch 17800/18922 | KD Loss: 4.8091 | Base Loss: 0.7932
Epoch 51/100 | Batch 18000/18922 | KD Loss: 4.9717 | Base Loss: 0.8995
Epoch 51/100 | Batch 18200/18922 | KD Loss: 4.9522 | Base Loss: 0.8538
Epoch 51/100 | Batch 18400/18922 | KD Loss: 4.6520 | Base Loss: 0.7171
Epoch 51/100 | Batch 18600/18922 | KD Loss: 4.8879 | Base Loss: 0.8912
Epoch 51/100 | Batch 18800/18922 | KD Loss: 4.9370 | Base Loss: 0.8858
====> Epoch 51 Average KD Loss: 4.8322 | LR: 0.000200
Epoch 52/100 | Batch 0/18922 | KD Loss: 4.5816 | Base Loss: 0.6774
Epoch 52/100 | Batch 200/18922 | KD Loss: 5.0638 | Base Loss: 0.8450
Epoch 52/100 | Batch 400/18922 | KD Loss: 4.9881 | Base Loss: 0.6881
Epoch 52/100 | Batch 600/18922 | KD Loss: 5.1181 | Base Loss: 0.8561
Epoch 52/100 | Batch 800/18922 | KD Loss: 4.6410 | Base Loss: 0.6308
Epoch 52/100 | Batch 1000/18922 | KD Loss: 4.7950 | Base Loss: 0.7417
Epoch 52/100 | Batch 1200/18922 | KD Loss: 4.9065 | Base Loss: 0.8511
Epoch 52/100 | Batch 1400/18922 | KD Loss: 4.9135 | Base Loss: 0.8588
Epoch 52/100 | Batch 1600/18922 | KD Loss: 4.9539 | Base Loss: 0.8196
Epoch 52/100 | Batch 1800/18922 | KD Loss: 4.6918 | Base Loss: 0.8415
Epoch 52/100 | Batch 2000/18922 | KD Loss: 4.8971 | Base Loss: 0.9490
Epoch 52/100 | Batch 2200/18922 | KD Loss: 4.9547 | Base Loss: 0.6592
Epoch 52/100 | Batch 2400/18922 | KD Loss: 4.6943 | Base Loss: 0.7778
Epoch 52/100 | Batch 2600/18922 | KD Loss: 4.9273 | Base Loss: 0.7814
Epoch 52/100 | Batch 2800/18922 | KD Loss: 4.4495 | Base Loss: 0.7630
Epoch 52/100 | Batch 3000/18922 | KD Loss: 4.4496 | Base Loss: 0.6482
Epoch 52/100 | Batch 3200/18922 | KD Loss: 4.7154 | Base Loss: 0.8314
Epoch 52/100 | Batch 3400/18922 | KD Loss: 4.7474 | Base Loss: 0.8511
Epoch 52/100 | Batch 3600/18922 | KD Loss: 4.8363 | Base Loss: 0.8408
Epoch 52/100 | Batch 3800/18922 | KD Loss: 4.9358 | Base Loss: 0.7923
Epoch 52/100 | Batch 4000/18922 | KD Loss: 4.7640 | Base Loss: 0.7175
Epoch 52/100 | Batch 4200/18922 | KD Loss: 4.8372 | Base Loss: 0.8840
Epoch 52/100 | Batch 4400/18922 | KD Loss: 4.8359 | Base Loss: 0.7318
Epoch 52/100 | Batch 4600/18922 | KD Loss: 4.9264 | Base Loss: 0.8751
Epoch 52/100 | Batch 4800/18922 | KD Loss: 5.0056 | Base Loss: 0.7046
Epoch 52/100 | Batch 5000/18922 | KD Loss: 4.9889 | Base Loss: 1.0083
Epoch 52/100 | Batch 5200/18922 | KD Loss: 4.4939 | Base Loss: 0.6952
Epoch 52/100 | Batch 5400/18922 | KD Loss: 5.0319 | Base Loss: 0.9478
Epoch 52/100 | Batch 5600/18922 | KD Loss: 4.8654 | Base Loss: 0.7049
Epoch 52/100 | Batch 5800/18922 | KD Loss: 5.0185 | Base Loss: 0.8178
Epoch 52/100 | Batch 6000/18922 | KD Loss: 4.7401 | Base Loss: 0.7260
Epoch 52/100 | Batch 6200/18922 | KD Loss: 4.6105 | Base Loss: 0.7724
Epoch 52/100 | Batch 6400/18922 | KD Loss: 5.0271 | Base Loss: 0.6759
Epoch 52/100 | Batch 6600/18922 | KD Loss: 4.8318 | Base Loss: 0.8072
Epoch 52/100 | Batch 6800/18922 | KD Loss: 4.9766 | Base Loss: 0.8202
Epoch 52/100 | Batch 7000/18922 | KD Loss: 4.6671 | Base Loss: 0.7313
Epoch 52/100 | Batch 7200/18922 | KD Loss: 4.5526 | Base Loss: 0.7030
Epoch 52/100 | Batch 7400/18922 | KD Loss: 4.7738 | Base Loss: 0.8302
Epoch 52/100 | Batch 7600/18922 | KD Loss: 4.9602 | Base Loss: 0.7708
Epoch 52/100 | Batch 7800/18922 | KD Loss: 4.6135 | Base Loss: 0.7320
Epoch 52/100 | Batch 8000/18922 | KD Loss: 4.8007 | Base Loss: 0.8629
Epoch 52/100 | Batch 8200/18922 | KD Loss: 4.7364 | Base Loss: 0.8298
Epoch 52/100 | Batch 8400/18922 | KD Loss: 4.7124 | Base Loss: 0.6932
Epoch 52/100 | Batch 8600/18922 | KD Loss: 5.1838 | Base Loss: 0.8873
Epoch 52/100 | Batch 8800/18922 | KD Loss: 4.6846 | Base Loss: 0.7398
Epoch 52/100 | Batch 9000/18922 | KD Loss: 4.6605 | Base Loss: 0.7419
Epoch 52/100 | Batch 9200/18922 | KD Loss: 4.5496 | Base Loss: 0.6692
Epoch 52/100 | Batch 9400/18922 | KD Loss: 4.7832 | Base Loss: 0.7106
Epoch 52/100 | Batch 9600/18922 | KD Loss: 4.5932 | Base Loss: 0.6988
Epoch 52/100 | Batch 9800/18922 | KD Loss: 4.8699 | Base Loss: 0.7179
Epoch 52/100 | Batch 10000/18922 | KD Loss: 4.7111 | Base Loss: 0.8574
Epoch 52/100 | Batch 10200/18922 | KD Loss: 4.5581 | Base Loss: 0.6823
Epoch 52/100 | Batch 10400/18922 | KD Loss: 4.8333 | Base Loss: 0.6513
Epoch 52/100 | Batch 10600/18922 | KD Loss: 4.7706 | Base Loss: 0.6642
Epoch 52/100 | Batch 10800/18922 | KD Loss: 4.5389 | Base Loss: 0.6720
Epoch 52/100 | Batch 11000/18922 | KD Loss: 4.8639 | Base Loss: 0.6955
Epoch 52/100 | Batch 11200/18922 | KD Loss: 4.7687 | Base Loss: 0.7871
Epoch 52/100 | Batch 11400/18922 | KD Loss: 4.5976 | Base Loss: 0.7862
Epoch 52/100 | Batch 11600/18922 | KD Loss: 4.7168 | Base Loss: 0.6068
Epoch 52/100 | Batch 11800/18922 | KD Loss: 4.7396 | Base Loss: 0.7221
Epoch 52/100 | Batch 12000/18922 | KD Loss: 4.9869 | Base Loss: 0.6878
Epoch 52/100 | Batch 12200/18922 | KD Loss: 4.8762 | Base Loss: 0.7850
Epoch 52/100 | Batch 12400/18922 | KD Loss: 5.0042 | Base Loss: 0.6497
Epoch 52/100 | Batch 12600/18922 | KD Loss: 4.7181 | Base Loss: 0.8082
Epoch 52/100 | Batch 12800/18922 | KD Loss: 4.9965 | Base Loss: 0.8559
Epoch 52/100 | Batch 13000/18922 | KD Loss: 4.5639 | Base Loss: 0.8120
Epoch 52/100 | Batch 13200/18922 | KD Loss: 4.8498 | Base Loss: 0.8629
Epoch 52/100 | Batch 13400/18922 | KD Loss: 5.1356 | Base Loss: 0.7403
Epoch 52/100 | Batch 13600/18922 | KD Loss: 4.7285 | Base Loss: 0.7236
Epoch 52/100 | Batch 13800/18922 | KD Loss: 5.0920 | Base Loss: 1.0358
Epoch 52/100 | Batch 14000/18922 | KD Loss: 5.0842 | Base Loss: 0.7568
Epoch 52/100 | Batch 14200/18922 | KD Loss: 4.7437 | Base Loss: 0.6717
Epoch 52/100 | Batch 14400/18922 | KD Loss: 4.6845 | Base Loss: 0.7784
Epoch 52/100 | Batch 14600/18922 | KD Loss: 4.9014 | Base Loss: 0.7312
Epoch 52/100 | Batch 14800/18922 | KD Loss: 4.7652 | Base Loss: 0.8261
Epoch 52/100 | Batch 15000/18922 | KD Loss: 4.7895 | Base Loss: 0.6913
Epoch 52/100 | Batch 15200/18922 | KD Loss: 4.7956 | Base Loss: 0.9411
Epoch 52/100 | Batch 15400/18922 | KD Loss: 4.7934 | Base Loss: 0.8235
Epoch 52/100 | Batch 15600/18922 | KD Loss: 4.8928 | Base Loss: 0.8333
Epoch 52/100 | Batch 15800/18922 | KD Loss: 4.9724 | Base Loss: 0.8613
Epoch 52/100 | Batch 16000/18922 | KD Loss: 4.7534 | Base Loss: 0.7224
Epoch 52/100 | Batch 16200/18922 | KD Loss: 4.6674 | Base Loss: 0.8012
Epoch 52/100 | Batch 16400/18922 | KD Loss: 4.4483 | Base Loss: 0.5667
Epoch 52/100 | Batch 16600/18922 | KD Loss: 4.7794 | Base Loss: 0.7300
Epoch 52/100 | Batch 16800/18922 | KD Loss: 4.9425 | Base Loss: 0.8116
Epoch 52/100 | Batch 17000/18922 | KD Loss: 4.7197 | Base Loss: 0.8271
Epoch 52/100 | Batch 17200/18922 | KD Loss: 4.6609 | Base Loss: 0.6998
Epoch 52/100 | Batch 17400/18922 | KD Loss: 5.0725 | Base Loss: 0.9306
Epoch 52/100 | Batch 17600/18922 | KD Loss: 4.8474 | Base Loss: 0.6536
Epoch 52/100 | Batch 17800/18922 | KD Loss: 4.9885 | Base Loss: 0.8564
Epoch 52/100 | Batch 18000/18922 | KD Loss: 4.8696 | Base Loss: 0.7666
Epoch 52/100 | Batch 18200/18922 | KD Loss: 4.8169 | Base Loss: 0.8124
Epoch 52/100 | Batch 18400/18922 | KD Loss: 5.1855 | Base Loss: 0.9916
Epoch 52/100 | Batch 18600/18922 | KD Loss: 4.7651 | Base Loss: 0.7340
Epoch 52/100 | Batch 18800/18922 | KD Loss: 4.7371 | Base Loss: 0.8311
====> Epoch 52 Average KD Loss: 4.8303 | LR: 0.000200
Epoch 53/100 | Batch 0/18922 | KD Loss: 4.4418 | Base Loss: 0.6225
Epoch 53/100 | Batch 200/18922 | KD Loss: 4.8097 | Base Loss: 0.7841
Epoch 53/100 | Batch 400/18922 | KD Loss: 4.7710 | Base Loss: 0.7583
Epoch 53/100 | Batch 600/18922 | KD Loss: 5.1912 | Base Loss: 0.9330
Epoch 53/100 | Batch 800/18922 | KD Loss: 4.6080 | Base Loss: 0.7393
Epoch 53/100 | Batch 1000/18922 | KD Loss: 4.9135 | Base Loss: 0.9743
Epoch 53/100 | Batch 1200/18922 | KD Loss: 4.8962 | Base Loss: 0.7605
Epoch 53/100 | Batch 1400/18922 | KD Loss: 5.2019 | Base Loss: 0.9611
Epoch 53/100 | Batch 1600/18922 | KD Loss: 4.7697 | Base Loss: 0.7726
Epoch 53/100 | Batch 1800/18922 | KD Loss: 5.0670 | Base Loss: 0.7972
Epoch 53/100 | Batch 2000/18922 | KD Loss: 4.6409 | Base Loss: 0.7718
Epoch 53/100 | Batch 2200/18922 | KD Loss: 5.0746 | Base Loss: 0.9724
Epoch 53/100 | Batch 2400/18922 | KD Loss: 4.5866 | Base Loss: 0.7829
Epoch 53/100 | Batch 2600/18922 | KD Loss: 5.0092 | Base Loss: 0.8031
Epoch 53/100 | Batch 2800/18922 | KD Loss: 4.9526 | Base Loss: 0.8766
Epoch 53/100 | Batch 3000/18922 | KD Loss: 5.0603 | Base Loss: 1.0054
Epoch 53/100 | Batch 3200/18922 | KD Loss: 4.7194 | Base Loss: 0.8021
Epoch 53/100 | Batch 3400/18922 | KD Loss: 4.8863 | Base Loss: 0.8562
Epoch 53/100 | Batch 3600/18922 | KD Loss: 4.9176 | Base Loss: 0.8104
Epoch 53/100 | Batch 3800/18922 | KD Loss: 5.0552 | Base Loss: 1.0204
Epoch 53/100 | Batch 4000/18922 | KD Loss: 4.6145 | Base Loss: 0.7515
Epoch 53/100 | Batch 4200/18922 | KD Loss: 4.6852 | Base Loss: 0.6590
Epoch 53/100 | Batch 4400/18922 | KD Loss: 5.3791 | Base Loss: 0.8614
Epoch 53/100 | Batch 4600/18922 | KD Loss: 4.8636 | Base Loss: 0.6804
Epoch 53/100 | Batch 4800/18922 | KD Loss: 4.9638 | Base Loss: 0.8400
Epoch 53/100 | Batch 5000/18922 | KD Loss: 4.9637 | Base Loss: 0.8405
Epoch 53/100 | Batch 5200/18922 | KD Loss: 4.7783 | Base Loss: 0.8665
Epoch 53/100 | Batch 5400/18922 | KD Loss: 5.0514 | Base Loss: 0.7196
Epoch 53/100 | Batch 5600/18922 | KD Loss: 4.6942 | Base Loss: 0.7432
Epoch 53/100 | Batch 5800/18922 | KD Loss: 4.6780 | Base Loss: 0.7768
Epoch 53/100 | Batch 6000/18922 | KD Loss: 5.1363 | Base Loss: 0.8061
Epoch 53/100 | Batch 6200/18922 | KD Loss: 4.6802 | Base Loss: 0.5905
Epoch 53/100 | Batch 6400/18922 | KD Loss: 4.5840 | Base Loss: 0.8054
Epoch 53/100 | Batch 6600/18922 | KD Loss: 5.0617 | Base Loss: 0.8735
Epoch 53/100 | Batch 6800/18922 | KD Loss: 4.6878 | Base Loss: 0.6092
Epoch 53/100 | Batch 7000/18922 | KD Loss: 5.0957 | Base Loss: 1.0172
Epoch 53/100 | Batch 7200/18922 | KD Loss: 4.7862 | Base Loss: 0.6864
Epoch 53/100 | Batch 7400/18922 | KD Loss: 5.0515 | Base Loss: 0.8237
Epoch 53/100 | Batch 7600/18922 | KD Loss: 5.0848 | Base Loss: 0.9340
Epoch 53/100 | Batch 7800/18922 | KD Loss: 4.9644 | Base Loss: 0.8899
Epoch 53/100 | Batch 8000/18922 | KD Loss: 5.0874 | Base Loss: 0.8353
Epoch 53/100 | Batch 8200/18922 | KD Loss: 5.0554 | Base Loss: 0.8645
Epoch 53/100 | Batch 8400/18922 | KD Loss: 4.8928 | Base Loss: 0.8144
Epoch 53/100 | Batch 8600/18922 | KD Loss: 4.5817 | Base Loss: 0.7963
Epoch 53/100 | Batch 8800/18922 | KD Loss: 4.6235 | Base Loss: 0.7113
Epoch 53/100 | Batch 9000/18922 | KD Loss: 4.6155 | Base Loss: 0.9082
Epoch 53/100 | Batch 9200/18922 | KD Loss: 4.6611 | Base Loss: 0.8668
Epoch 53/100 | Batch 9400/18922 | KD Loss: 4.6331 | Base Loss: 0.8421
Epoch 53/100 | Batch 9600/18922 | KD Loss: 4.5901 | Base Loss: 0.7559
Epoch 53/100 | Batch 9800/18922 | KD Loss: 5.0343 | Base Loss: 0.8436
Epoch 53/100 | Batch 10000/18922 | KD Loss: 4.5381 | Base Loss: 0.7125
Epoch 53/100 | Batch 10200/18922 | KD Loss: 4.8489 | Base Loss: 0.8600
Epoch 53/100 | Batch 10400/18922 | KD Loss: 4.7364 | Base Loss: 0.8518
Epoch 53/100 | Batch 10600/18922 | KD Loss: 5.1227 | Base Loss: 0.9265
Epoch 53/100 | Batch 10800/18922 | KD Loss: 4.6997 | Base Loss: 0.7525
Epoch 53/100 | Batch 11000/18922 | KD Loss: 4.6040 | Base Loss: 0.7090
Epoch 53/100 | Batch 11200/18922 | KD Loss: 4.8073 | Base Loss: 0.7730
Epoch 53/100 | Batch 11400/18922 | KD Loss: 4.6035 | Base Loss: 0.5856
Epoch 53/100 | Batch 11600/18922 | KD Loss: 4.5407 | Base Loss: 0.7197
Epoch 53/100 | Batch 11800/18922 | KD Loss: 4.5987 | Base Loss: 0.7639
Epoch 53/100 | Batch 12000/18922 | KD Loss: 4.9520 | Base Loss: 0.8590
Epoch 53/100 | Batch 12200/18922 | KD Loss: 4.8033 | Base Loss: 0.7492
Epoch 53/100 | Batch 12400/18922 | KD Loss: 4.7572 | Base Loss: 0.8069
Epoch 53/100 | Batch 12600/18922 | KD Loss: 5.1715 | Base Loss: 1.0819
Epoch 53/100 | Batch 12800/18922 | KD Loss: 4.7105 | Base Loss: 0.6555
Epoch 53/100 | Batch 13000/18922 | KD Loss: 5.2108 | Base Loss: 0.8132
Epoch 53/100 | Batch 13200/18922 | KD Loss: 4.9447 | Base Loss: 0.8433
Epoch 53/100 | Batch 13400/18922 | KD Loss: 4.8637 | Base Loss: 0.7648
Epoch 53/100 | Batch 13600/18922 | KD Loss: 4.7018 | Base Loss: 0.7943
Epoch 53/100 | Batch 13800/18922 | KD Loss: 5.0332 | Base Loss: 0.9800
Epoch 53/100 | Batch 14000/18922 | KD Loss: 4.9679 | Base Loss: 1.1005
Epoch 53/100 | Batch 14200/18922 | KD Loss: 4.8854 | Base Loss: 0.7768
Epoch 53/100 | Batch 14400/18922 | KD Loss: 4.8914 | Base Loss: 0.9387
Epoch 53/100 | Batch 14600/18922 | KD Loss: 5.3842 | Base Loss: 1.0212
Epoch 53/100 | Batch 14800/18922 | KD Loss: 5.1872 | Base Loss: 0.8198
Epoch 53/100 | Batch 15000/18922 | KD Loss: 4.6752 | Base Loss: 0.6752
Epoch 53/100 | Batch 15200/18922 | KD Loss: 5.1990 | Base Loss: 0.8770
Epoch 53/100 | Batch 15400/18922 | KD Loss: 5.0590 | Base Loss: 0.9243
Epoch 53/100 | Batch 15600/18922 | KD Loss: 4.8962 | Base Loss: 0.8854
Epoch 53/100 | Batch 15800/18922 | KD Loss: 4.7629 | Base Loss: 0.6694
Epoch 53/100 | Batch 16000/18922 | KD Loss: 4.6435 | Base Loss: 0.7835
Epoch 53/100 | Batch 16200/18922 | KD Loss: 4.8572 | Base Loss: 0.9538
Epoch 53/100 | Batch 16400/18922 | KD Loss: 4.8550 | Base Loss: 0.8605
Epoch 53/100 | Batch 16600/18922 | KD Loss: 4.8675 | Base Loss: 0.8278
Epoch 53/100 | Batch 16800/18922 | KD Loss: 5.1548 | Base Loss: 0.9473
Epoch 53/100 | Batch 17000/18922 | KD Loss: 5.0225 | Base Loss: 0.6884
Epoch 53/100 | Batch 17200/18922 | KD Loss: 4.8411 | Base Loss: 0.8648
Epoch 53/100 | Batch 17400/18922 | KD Loss: 4.9549 | Base Loss: 0.9722
Epoch 53/100 | Batch 17600/18922 | KD Loss: 5.0140 | Base Loss: 0.7504
Epoch 53/100 | Batch 17800/18922 | KD Loss: 5.0319 | Base Loss: 0.7821
Epoch 53/100 | Batch 18000/18922 | KD Loss: 4.7653 | Base Loss: 0.8741
Epoch 53/100 | Batch 18200/18922 | KD Loss: 4.7121 | Base Loss: 0.7828
Epoch 53/100 | Batch 18400/18922 | KD Loss: 5.1262 | Base Loss: 0.7929
Epoch 53/100 | Batch 18600/18922 | KD Loss: 4.9378 | Base Loss: 0.7460
Epoch 53/100 | Batch 18800/18922 | KD Loss: 4.8090 | Base Loss: 0.9851
====> Epoch 53 Average KD Loss: 4.8296 | LR: 0.000200
Epoch 54/100 | Batch 0/18922 | KD Loss: 4.5553 | Base Loss: 0.7788
Epoch 54/100 | Batch 200/18922 | KD Loss: 5.0077 | Base Loss: 0.8721
Epoch 54/100 | Batch 400/18922 | KD Loss: 4.7492 | Base Loss: 0.7483
Epoch 54/100 | Batch 600/18922 | KD Loss: 4.7135 | Base Loss: 0.8347
Epoch 54/100 | Batch 800/18922 | KD Loss: 4.6350 | Base Loss: 0.8079
Epoch 54/100 | Batch 1000/18922 | KD Loss: 4.7882 | Base Loss: 0.7851
Epoch 54/100 | Batch 1200/18922 | KD Loss: 5.1787 | Base Loss: 0.8447
Epoch 54/100 | Batch 1400/18922 | KD Loss: 4.7797 | Base Loss: 0.7137
Epoch 54/100 | Batch 1600/18922 | KD Loss: 5.2303 | Base Loss: 0.8021
Epoch 54/100 | Batch 1800/18922 | KD Loss: 4.7977 | Base Loss: 0.6132
Epoch 54/100 | Batch 2000/18922 | KD Loss: 4.6858 | Base Loss: 0.6818
Epoch 54/100 | Batch 2200/18922 | KD Loss: 5.1299 | Base Loss: 0.7237
Epoch 54/100 | Batch 2400/18922 | KD Loss: 4.7428 | Base Loss: 0.8010
Epoch 54/100 | Batch 2600/18922 | KD Loss: 4.7552 | Base Loss: 0.7501
Epoch 54/100 | Batch 2800/18922 | KD Loss: 4.7729 | Base Loss: 0.9839
Epoch 54/100 | Batch 3000/18922 | KD Loss: 4.9726 | Base Loss: 0.7982
Epoch 54/100 | Batch 3200/18922 | KD Loss: 5.2286 | Base Loss: 0.9821
Epoch 54/100 | Batch 3400/18922 | KD Loss: 4.8309 | Base Loss: 0.7639
Epoch 54/100 | Batch 3600/18922 | KD Loss: 4.7873 | Base Loss: 0.7720
Epoch 54/100 | Batch 3800/18922 | KD Loss: 5.2980 | Base Loss: 0.8365
Epoch 54/100 | Batch 4000/18922 | KD Loss: 4.5814 | Base Loss: 0.7037
Epoch 54/100 | Batch 4200/18922 | KD Loss: 5.2768 | Base Loss: 0.7938
Epoch 54/100 | Batch 4400/18922 | KD Loss: 4.8581 | Base Loss: 0.9053
Epoch 54/100 | Batch 4600/18922 | KD Loss: 4.6652 | Base Loss: 0.8786
Epoch 54/100 | Batch 4800/18922 | KD Loss: 5.1488 | Base Loss: 0.9485
Epoch 54/100 | Batch 5000/18922 | KD Loss: 4.7941 | Base Loss: 0.7386
Epoch 54/100 | Batch 5200/18922 | KD Loss: 4.6720 | Base Loss: 0.7179
Epoch 54/100 | Batch 5400/18922 | KD Loss: 4.7662 | Base Loss: 0.7326
Epoch 54/100 | Batch 5600/18922 | KD Loss: 4.6773 | Base Loss: 0.5769
Epoch 54/100 | Batch 5800/18922 | KD Loss: 4.9500 | Base Loss: 1.0173
Epoch 54/100 | Batch 6000/18922 | KD Loss: 4.8879 | Base Loss: 0.8435
Epoch 54/100 | Batch 6200/18922 | KD Loss: 4.9314 | Base Loss: 0.7253
Epoch 54/100 | Batch 6400/18922 | KD Loss: 5.0826 | Base Loss: 0.8636
Epoch 54/100 | Batch 6600/18922 | KD Loss: 4.7315 | Base Loss: 0.8529
Epoch 54/100 | Batch 6800/18922 | KD Loss: 4.9458 | Base Loss: 0.9420
Epoch 54/100 | Batch 7000/18922 | KD Loss: 4.5780 | Base Loss: 0.9862
Epoch 54/100 | Batch 7200/18922 | KD Loss: 4.5616 | Base Loss: 0.7010
Epoch 54/100 | Batch 7400/18922 | KD Loss: 4.8838 | Base Loss: 0.8538
Epoch 54/100 | Batch 7600/18922 | KD Loss: 4.5062 | Base Loss: 0.7356
Epoch 54/100 | Batch 7800/18922 | KD Loss: 4.8036 | Base Loss: 0.8871
Epoch 54/100 | Batch 8000/18922 | KD Loss: 5.2285 | Base Loss: 0.7838
Epoch 54/100 | Batch 8200/18922 | KD Loss: 4.8449 | Base Loss: 0.7678
Epoch 54/100 | Batch 8400/18922 | KD Loss: 4.7107 | Base Loss: 0.7915
Epoch 54/100 | Batch 8600/18922 | KD Loss: 4.7054 | Base Loss: 0.8119
Epoch 54/100 | Batch 8800/18922 | KD Loss: 4.8724 | Base Loss: 1.0109
Epoch 54/100 | Batch 9000/18922 | KD Loss: 4.6558 | Base Loss: 0.7622
Epoch 54/100 | Batch 9200/18922 | KD Loss: 4.9727 | Base Loss: 0.8389
Epoch 54/100 | Batch 9400/18922 | KD Loss: 4.5108 | Base Loss: 0.7220
Epoch 54/100 | Batch 9600/18922 | KD Loss: 4.8191 | Base Loss: 0.6097
Epoch 54/100 | Batch 9800/18922 | KD Loss: 4.9468 | Base Loss: 0.8584
Epoch 54/100 | Batch 10000/18922 | KD Loss: 4.5958 | Base Loss: 0.7350
Epoch 54/100 | Batch 10200/18922 | KD Loss: 4.4560 | Base Loss: 0.6313
Epoch 54/100 | Batch 10400/18922 | KD Loss: 5.0032 | Base Loss: 0.8579
Epoch 54/100 | Batch 10600/18922 | KD Loss: 4.6064 | Base Loss: 0.7887
Epoch 54/100 | Batch 10800/18922 | KD Loss: 4.9203 | Base Loss: 0.8882
Epoch 54/100 | Batch 11000/18922 | KD Loss: 4.9295 | Base Loss: 0.7765
Epoch 54/100 | Batch 11200/18922 | KD Loss: 4.9800 | Base Loss: 0.8616
Epoch 54/100 | Batch 11400/18922 | KD Loss: 5.3068 | Base Loss: 0.7413
Epoch 54/100 | Batch 11600/18922 | KD Loss: 4.5372 | Base Loss: 0.7648
Epoch 54/100 | Batch 11800/18922 | KD Loss: 4.8895 | Base Loss: 0.9055
Epoch 54/100 | Batch 12000/18922 | KD Loss: 4.6873 | Base Loss: 0.7289
Epoch 54/100 | Batch 12200/18922 | KD Loss: 4.5829 | Base Loss: 0.7210
Epoch 54/100 | Batch 12400/18922 | KD Loss: 4.6647 | Base Loss: 0.8412
Epoch 54/100 | Batch 12600/18922 | KD Loss: 4.6567 | Base Loss: 0.6721
Epoch 54/100 | Batch 12800/18922 | KD Loss: 4.7085 | Base Loss: 0.8077
Epoch 54/100 | Batch 13000/18922 | KD Loss: 4.8420 | Base Loss: 0.8391
Epoch 54/100 | Batch 13200/18922 | KD Loss: 4.4888 | Base Loss: 0.6485
Epoch 54/100 | Batch 13400/18922 | KD Loss: 4.7603 | Base Loss: 0.6895
Epoch 54/100 | Batch 13600/18922 | KD Loss: 4.7222 | Base Loss: 0.6992
Epoch 54/100 | Batch 13800/18922 | KD Loss: 4.7414 | Base Loss: 0.8932
Epoch 54/100 | Batch 14000/18922 | KD Loss: 4.9021 | Base Loss: 0.8404
Epoch 54/100 | Batch 14200/18922 | KD Loss: 4.7404 | Base Loss: 0.7113
Epoch 54/100 | Batch 14400/18922 | KD Loss: 5.1263 | Base Loss: 0.7669
Epoch 54/100 | Batch 14600/18922 | KD Loss: 5.0914 | Base Loss: 1.0133
Epoch 54/100 | Batch 14800/18922 | KD Loss: 4.6760 | Base Loss: 0.7059
Epoch 54/100 | Batch 15000/18922 | KD Loss: 4.8431 | Base Loss: 0.8027
Epoch 54/100 | Batch 15200/18922 | KD Loss: 4.8680 | Base Loss: 0.7825
Epoch 54/100 | Batch 15400/18922 | KD Loss: 4.6180 | Base Loss: 0.8293
Epoch 54/100 | Batch 15600/18922 | KD Loss: 4.8633 | Base Loss: 0.8397
Epoch 54/100 | Batch 15800/18922 | KD Loss: 4.6105 | Base Loss: 0.7078
Epoch 54/100 | Batch 16000/18922 | KD Loss: 4.8728 | Base Loss: 0.8869
Epoch 54/100 | Batch 16200/18922 | KD Loss: 4.9254 | Base Loss: 0.9170
Epoch 54/100 | Batch 16400/18922 | KD Loss: 4.9501 | Base Loss: 0.8421
Epoch 54/100 | Batch 16600/18922 | KD Loss: 4.8894 | Base Loss: 0.8062
Epoch 54/100 | Batch 16800/18922 | KD Loss: 4.8205 | Base Loss: 0.7795
Epoch 54/100 | Batch 17000/18922 | KD Loss: 4.8435 | Base Loss: 0.8941
Epoch 54/100 | Batch 17200/18922 | KD Loss: 5.0045 | Base Loss: 0.7358
Epoch 54/100 | Batch 17400/18922 | KD Loss: 5.0876 | Base Loss: 0.9652
Epoch 54/100 | Batch 17600/18922 | KD Loss: 5.2323 | Base Loss: 0.8353
Epoch 54/100 | Batch 17800/18922 | KD Loss: 4.8930 | Base Loss: 0.6598
Epoch 54/100 | Batch 18000/18922 | KD Loss: 4.9583 | Base Loss: 0.8724
Epoch 54/100 | Batch 18200/18922 | KD Loss: 4.6445 | Base Loss: 0.6633
Epoch 54/100 | Batch 18400/18922 | KD Loss: 5.4602 | Base Loss: 0.7534
Epoch 54/100 | Batch 18600/18922 | KD Loss: 4.7573 | Base Loss: 0.8400
Epoch 54/100 | Batch 18800/18922 | KD Loss: 5.0032 | Base Loss: 0.7397
====> Epoch 54 Average KD Loss: 4.8282 | LR: 0.000200
Epoch 55/100 | Batch 0/18922 | KD Loss: 4.8736 | Base Loss: 0.7216
Epoch 55/100 | Batch 200/18922 | KD Loss: 4.9240 | Base Loss: 0.8637
Epoch 55/100 | Batch 400/18922 | KD Loss: 4.8354 | Base Loss: 0.7346
Epoch 55/100 | Batch 600/18922 | KD Loss: 4.5663 | Base Loss: 0.6592
Epoch 55/100 | Batch 800/18922 | KD Loss: 4.6983 | Base Loss: 0.8033
Epoch 55/100 | Batch 1000/18922 | KD Loss: 4.5214 | Base Loss: 0.7196
Epoch 55/100 | Batch 1200/18922 | KD Loss: 4.7800 | Base Loss: 0.7266
Epoch 55/100 | Batch 1400/18922 | KD Loss: 5.0678 | Base Loss: 0.9772
Epoch 55/100 | Batch 1600/18922 | KD Loss: 4.8994 | Base Loss: 0.9042
Epoch 55/100 | Batch 1800/18922 | KD Loss: 4.7828 | Base Loss: 0.7187
Epoch 55/100 | Batch 2000/18922 | KD Loss: 4.6150 | Base Loss: 0.7007
Epoch 55/100 | Batch 2200/18922 | KD Loss: 4.7884 | Base Loss: 0.7787
Epoch 55/100 | Batch 2400/18922 | KD Loss: 4.5483 | Base Loss: 0.7019
Epoch 55/100 | Batch 2600/18922 | KD Loss: 4.6193 | Base Loss: 0.7416
Epoch 55/100 | Batch 2800/18922 | KD Loss: 4.8701 | Base Loss: 0.8496
Epoch 55/100 | Batch 3000/18922 | KD Loss: 5.0970 | Base Loss: 0.8674
Epoch 55/100 | Batch 3200/18922 | KD Loss: 4.7339 | Base Loss: 0.7358
Epoch 55/100 | Batch 3400/18922 | KD Loss: 4.6322 | Base Loss: 0.7471
Epoch 55/100 | Batch 3600/18922 | KD Loss: 4.8701 | Base Loss: 0.7583
Epoch 55/100 | Batch 3800/18922 | KD Loss: 4.6441 | Base Loss: 0.7066
Epoch 55/100 | Batch 4000/18922 | KD Loss: 4.9227 | Base Loss: 0.8891
Epoch 55/100 | Batch 4200/18922 | KD Loss: 4.8272 | Base Loss: 0.7033
Epoch 55/100 | Batch 4400/18922 | KD Loss: 4.9863 | Base Loss: 0.7511
Epoch 55/100 | Batch 4600/18922 | KD Loss: 4.8235 | Base Loss: 0.7980
Epoch 55/100 | Batch 4800/18922 | KD Loss: 5.0486 | Base Loss: 1.0081
Epoch 55/100 | Batch 5000/18922 | KD Loss: 5.1829 | Base Loss: 0.7024
Epoch 55/100 | Batch 5200/18922 | KD Loss: 4.5943 | Base Loss: 0.7376
Epoch 55/100 | Batch 5400/18922 | KD Loss: 4.7275 | Base Loss: 0.7609
Epoch 55/100 | Batch 5600/18922 | KD Loss: 4.6338 | Base Loss: 0.6120
Epoch 55/100 | Batch 5800/18922 | KD Loss: 4.7128 | Base Loss: 0.8618
Epoch 55/100 | Batch 6000/18922 | KD Loss: 5.2824 | Base Loss: 0.9132
Epoch 55/100 | Batch 6200/18922 | KD Loss: 5.0222 | Base Loss: 0.9607
Epoch 55/100 | Batch 6400/18922 | KD Loss: 4.5315 | Base Loss: 0.6844
Epoch 55/100 | Batch 6600/18922 | KD Loss: 4.7399 | Base Loss: 0.8208
Epoch 55/100 | Batch 6800/18922 | KD Loss: 4.6994 | Base Loss: 0.8118
Epoch 55/100 | Batch 7000/18922 | KD Loss: 4.9727 | Base Loss: 0.8470
Epoch 55/100 | Batch 7200/18922 | KD Loss: 4.7284 | Base Loss: 0.7901
Epoch 55/100 | Batch 7400/18922 | KD Loss: 5.0769 | Base Loss: 0.9783
Epoch 55/100 | Batch 7600/18922 | KD Loss: 4.9140 | Base Loss: 0.8907
Epoch 55/100 | Batch 7800/18922 | KD Loss: 5.2040 | Base Loss: 0.8683
Epoch 55/100 | Batch 8000/18922 | KD Loss: 4.8948 | Base Loss: 0.7255
Epoch 55/100 | Batch 8200/18922 | KD Loss: 4.8592 | Base Loss: 0.6083
Epoch 55/100 | Batch 8400/18922 | KD Loss: 4.6629 | Base Loss: 0.6590
Epoch 55/100 | Batch 8600/18922 | KD Loss: 4.3694 | Base Loss: 0.7681
Epoch 55/100 | Batch 8800/18922 | KD Loss: 4.6162 | Base Loss: 0.6579
Epoch 55/100 | Batch 9000/18922 | KD Loss: 4.9089 | Base Loss: 0.8712
Epoch 55/100 | Batch 9200/18922 | KD Loss: 4.7384 | Base Loss: 0.6834
Epoch 55/100 | Batch 9400/18922 | KD Loss: 4.6376 | Base Loss: 0.8121
Epoch 55/100 | Batch 9600/18922 | KD Loss: 4.9874 | Base Loss: 0.9079
Epoch 55/100 | Batch 9800/18922 | KD Loss: 4.9275 | Base Loss: 0.8653
Epoch 55/100 | Batch 10000/18922 | KD Loss: 4.9272 | Base Loss: 0.8417
Epoch 55/100 | Batch 10200/18922 | KD Loss: 5.2604 | Base Loss: 0.8383
Epoch 55/100 | Batch 10400/18922 | KD Loss: 4.6836 | Base Loss: 0.7486
Epoch 55/100 | Batch 10600/18922 | KD Loss: 4.8245 | Base Loss: 0.7296
Epoch 55/100 | Batch 10800/18922 | KD Loss: 4.8512 | Base Loss: 0.8203
Epoch 55/100 | Batch 11000/18922 | KD Loss: 4.7496 | Base Loss: 0.7051
Epoch 55/100 | Batch 11200/18922 | KD Loss: 5.0802 | Base Loss: 0.8533
Epoch 55/100 | Batch 11400/18922 | KD Loss: 5.0331 | Base Loss: 0.6893
Epoch 55/100 | Batch 11600/18922 | KD Loss: 4.7992 | Base Loss: 0.7606
Epoch 55/100 | Batch 11800/18922 | KD Loss: 4.9661 | Base Loss: 0.9044
Epoch 55/100 | Batch 12000/18922 | KD Loss: 4.9141 | Base Loss: 0.8303
Epoch 55/100 | Batch 12200/18922 | KD Loss: 4.5557 | Base Loss: 0.7865
Epoch 55/100 | Batch 12400/18922 | KD Loss: 4.7861 | Base Loss: 0.6808
Epoch 55/100 | Batch 12600/18922 | KD Loss: 4.8813 | Base Loss: 0.9686
Epoch 55/100 | Batch 12800/18922 | KD Loss: 5.1815 | Base Loss: 0.9276
Epoch 55/100 | Batch 13000/18922 | KD Loss: 4.8358 | Base Loss: 0.8981
Epoch 55/100 | Batch 13200/18922 | KD Loss: 5.0229 | Base Loss: 0.9043
Epoch 55/100 | Batch 13400/18922 | KD Loss: 4.7996 | Base Loss: 0.7625
Epoch 55/100 | Batch 13600/18922 | KD Loss: 4.6665 | Base Loss: 0.7113
Epoch 55/100 | Batch 13800/18922 | KD Loss: 4.9223 | Base Loss: 0.8549
Epoch 55/100 | Batch 14000/18922 | KD Loss: 5.2461 | Base Loss: 0.8272
Epoch 55/100 | Batch 14200/18922 | KD Loss: 4.8101 | Base Loss: 0.8946
Epoch 55/100 | Batch 14400/18922 | KD Loss: 5.0673 | Base Loss: 0.9037
Epoch 55/100 | Batch 14600/18922 | KD Loss: 4.8255 | Base Loss: 0.6854
Epoch 55/100 | Batch 14800/18922 | KD Loss: 4.4463 | Base Loss: 0.6546
Epoch 55/100 | Batch 15000/18922 | KD Loss: 4.7214 | Base Loss: 0.8516
Epoch 55/100 | Batch 15200/18922 | KD Loss: 4.8246 | Base Loss: 0.8974
Epoch 55/100 | Batch 15400/18922 | KD Loss: 5.1056 | Base Loss: 0.9816
Epoch 55/100 | Batch 15600/18922 | KD Loss: 4.5814 | Base Loss: 0.7773
Epoch 55/100 | Batch 15800/18922 | KD Loss: 4.9047 | Base Loss: 0.7456
Epoch 55/100 | Batch 16000/18922 | KD Loss: 4.7177 | Base Loss: 0.7104
Epoch 55/100 | Batch 16200/18922 | KD Loss: 4.7198 | Base Loss: 0.6996
Epoch 55/100 | Batch 16400/18922 | KD Loss: 4.7473 | Base Loss: 0.7002
Epoch 55/100 | Batch 16600/18922 | KD Loss: 4.9040 | Base Loss: 0.8097
Epoch 55/100 | Batch 16800/18922 | KD Loss: 4.5741 | Base Loss: 0.5358
Epoch 55/100 | Batch 17000/18922 | KD Loss: 4.8174 | Base Loss: 0.8326
Epoch 55/100 | Batch 17200/18922 | KD Loss: 4.6617 | Base Loss: 0.8172
Epoch 55/100 | Batch 17400/18922 | KD Loss: 4.8548 | Base Loss: 0.8719
Epoch 55/100 | Batch 17600/18922 | KD Loss: 4.6356 | Base Loss: 0.6102
Epoch 55/100 | Batch 17800/18922 | KD Loss: 4.4736 | Base Loss: 0.8139
Epoch 55/100 | Batch 18000/18922 | KD Loss: 4.6426 | Base Loss: 0.6161
Epoch 55/100 | Batch 18200/18922 | KD Loss: 4.8670 | Base Loss: 0.8217
Epoch 55/100 | Batch 18400/18922 | KD Loss: 4.9509 | Base Loss: 0.8677
Epoch 55/100 | Batch 18600/18922 | KD Loss: 4.9383 | Base Loss: 0.9014
Epoch 55/100 | Batch 18800/18922 | KD Loss: 5.0739 | Base Loss: 0.7721
====> Epoch 55 Average KD Loss: 4.8262 | LR: 0.000200
Epoch 56/100 | Batch 0/18922 | KD Loss: 4.8064 | Base Loss: 0.7941
Epoch 56/100 | Batch 200/18922 | KD Loss: 4.8109 | Base Loss: 0.6531
Epoch 56/100 | Batch 400/18922 | KD Loss: 5.0629 | Base Loss: 0.7552
Epoch 56/100 | Batch 600/18922 | KD Loss: 5.1228 | Base Loss: 0.9598
Epoch 56/100 | Batch 800/18922 | KD Loss: 4.7064 | Base Loss: 0.8450
Epoch 56/100 | Batch 1000/18922 | KD Loss: 4.9839 | Base Loss: 0.7492
Epoch 56/100 | Batch 1200/18922 | KD Loss: 4.5789 | Base Loss: 0.7351
Epoch 56/100 | Batch 1400/18922 | KD Loss: 4.9579 | Base Loss: 0.7812
Epoch 56/100 | Batch 1600/18922 | KD Loss: 4.9680 | Base Loss: 1.0313
Epoch 56/100 | Batch 1800/18922 | KD Loss: 4.8381 | Base Loss: 0.8149
Epoch 56/100 | Batch 2000/18922 | KD Loss: 4.8131 | Base Loss: 0.6812
Epoch 56/100 | Batch 2200/18922 | KD Loss: 4.9378 | Base Loss: 0.7254
Epoch 56/100 | Batch 2400/18922 | KD Loss: 4.3306 | Base Loss: 0.7114
Epoch 56/100 | Batch 2600/18922 | KD Loss: 4.6472 | Base Loss: 0.6809
Epoch 56/100 | Batch 2800/18922 | KD Loss: 4.7070 | Base Loss: 0.7228
Epoch 56/100 | Batch 3000/18922 | KD Loss: 4.9498 | Base Loss: 0.7229
Epoch 56/100 | Batch 3200/18922 | KD Loss: 4.7021 | Base Loss: 0.8564
Epoch 56/100 | Batch 3400/18922 | KD Loss: 4.7385 | Base Loss: 0.7488
Epoch 56/100 | Batch 3600/18922 | KD Loss: 4.7972 | Base Loss: 0.6879
Epoch 56/100 | Batch 3800/18922 | KD Loss: 4.7606 | Base Loss: 0.7837
Epoch 56/100 | Batch 4000/18922 | KD Loss: 4.9135 | Base Loss: 0.8776
Epoch 56/100 | Batch 4200/18922 | KD Loss: 4.7518 | Base Loss: 0.9598
Epoch 56/100 | Batch 4400/18922 | KD Loss: 4.5896 | Base Loss: 0.7594
Epoch 56/100 | Batch 4600/18922 | KD Loss: 4.9834 | Base Loss: 1.0032
Epoch 56/100 | Batch 4800/18922 | KD Loss: 4.9499 | Base Loss: 0.8492
Epoch 56/100 | Batch 5000/18922 | KD Loss: 4.5743 | Base Loss: 0.6032
Epoch 56/100 | Batch 5200/18922 | KD Loss: 4.6017 | Base Loss: 0.7991
Epoch 56/100 | Batch 5400/18922 | KD Loss: 4.8303 | Base Loss: 0.8017
Epoch 56/100 | Batch 5600/18922 | KD Loss: 4.5117 | Base Loss: 0.7340
Epoch 56/100 | Batch 5800/18922 | KD Loss: 4.8402 | Base Loss: 0.7726
Epoch 56/100 | Batch 6000/18922 | KD Loss: 4.9534 | Base Loss: 0.8517
Epoch 56/100 | Batch 6200/18922 | KD Loss: 4.8600 | Base Loss: 0.7302
Epoch 56/100 | Batch 6400/18922 | KD Loss: 5.0471 | Base Loss: 0.8845
Epoch 56/100 | Batch 6600/18922 | KD Loss: 4.6396 | Base Loss: 0.7896
Epoch 56/100 | Batch 6800/18922 | KD Loss: 4.8760 | Base Loss: 0.7228
Epoch 56/100 | Batch 7000/18922 | KD Loss: 4.8132 | Base Loss: 0.8404
Epoch 56/100 | Batch 7200/18922 | KD Loss: 4.8049 | Base Loss: 0.7288
Epoch 56/100 | Batch 7400/18922 | KD Loss: 4.8942 | Base Loss: 0.8509
Epoch 56/100 | Batch 7600/18922 | KD Loss: 4.4895 | Base Loss: 0.7151
Epoch 56/100 | Batch 7800/18922 | KD Loss: 4.8845 | Base Loss: 0.6808
Epoch 56/100 | Batch 8000/18922 | KD Loss: 4.4994 | Base Loss: 0.6975
Epoch 56/100 | Batch 8200/18922 | KD Loss: 5.1704 | Base Loss: 0.8549
Epoch 56/100 | Batch 8400/18922 | KD Loss: 4.6444 | Base Loss: 0.7756
Epoch 56/100 | Batch 8600/18922 | KD Loss: 5.0334 | Base Loss: 0.8301
Epoch 56/100 | Batch 8800/18922 | KD Loss: 4.8500 | Base Loss: 0.7999
Epoch 56/100 | Batch 9000/18922 | KD Loss: 4.6968 | Base Loss: 0.8144
Epoch 56/100 | Batch 9200/18922 | KD Loss: 4.6636 | Base Loss: 0.5951
Epoch 56/100 | Batch 9400/18922 | KD Loss: 4.9454 | Base Loss: 0.8652
Epoch 56/100 | Batch 9600/18922 | KD Loss: 4.8874 | Base Loss: 0.8211
Epoch 56/100 | Batch 9800/18922 | KD Loss: 5.2862 | Base Loss: 0.7427
Epoch 56/100 | Batch 10000/18922 | KD Loss: 5.0115 | Base Loss: 0.8221
Epoch 56/100 | Batch 10200/18922 | KD Loss: 4.6988 | Base Loss: 0.7028
Epoch 56/100 | Batch 10400/18922 | KD Loss: 5.3145 | Base Loss: 0.9506
Epoch 56/100 | Batch 10600/18922 | KD Loss: 4.9332 | Base Loss: 0.8879
Epoch 56/100 | Batch 10800/18922 | KD Loss: 4.9325 | Base Loss: 0.9873
Epoch 56/100 | Batch 11000/18922 | KD Loss: 4.7486 | Base Loss: 0.6890
Epoch 56/100 | Batch 11200/18922 | KD Loss: 4.8420 | Base Loss: 0.9307
Epoch 56/100 | Batch 11400/18922 | KD Loss: 5.4681 | Base Loss: 0.7857
Epoch 56/100 | Batch 11600/18922 | KD Loss: 5.0404 | Base Loss: 0.9164
Epoch 56/100 | Batch 11800/18922 | KD Loss: 4.6822 | Base Loss: 0.8698
Epoch 56/100 | Batch 12000/18922 | KD Loss: 4.5154 | Base Loss: 0.6061
Epoch 56/100 | Batch 12200/18922 | KD Loss: 5.0401 | Base Loss: 0.7773
Epoch 56/100 | Batch 12400/18922 | KD Loss: 4.8432 | Base Loss: 0.6540
Epoch 56/100 | Batch 12600/18922 | KD Loss: 4.3835 | Base Loss: 0.7164
Epoch 56/100 | Batch 12800/18922 | KD Loss: 4.8662 | Base Loss: 0.7353
Epoch 56/100 | Batch 13000/18922 | KD Loss: 4.7453 | Base Loss: 0.8400
Epoch 56/100 | Batch 13200/18922 | KD Loss: 4.7884 | Base Loss: 0.8038
Epoch 56/100 | Batch 13400/18922 | KD Loss: 4.6121 | Base Loss: 0.6817
Epoch 56/100 | Batch 13600/18922 | KD Loss: 4.9130 | Base Loss: 0.8036
Epoch 56/100 | Batch 13800/18922 | KD Loss: 4.6250 | Base Loss: 0.7178
Epoch 56/100 | Batch 14000/18922 | KD Loss: 4.8953 | Base Loss: 0.7640
Epoch 56/100 | Batch 14200/18922 | KD Loss: 4.7097 | Base Loss: 0.7700
Epoch 56/100 | Batch 14400/18922 | KD Loss: 4.7666 | Base Loss: 0.7120
Epoch 56/100 | Batch 14600/18922 | KD Loss: 4.5576 | Base Loss: 0.7972
Epoch 56/100 | Batch 14800/18922 | KD Loss: 5.1870 | Base Loss: 0.8954
Epoch 56/100 | Batch 15000/18922 | KD Loss: 4.6303 | Base Loss: 0.8100
Epoch 56/100 | Batch 15200/18922 | KD Loss: 4.6216 | Base Loss: 0.7950
Epoch 56/100 | Batch 15400/18922 | KD Loss: 4.6371 | Base Loss: 0.7483
Epoch 56/100 | Batch 15600/18922 | KD Loss: 5.2762 | Base Loss: 0.8469
Epoch 56/100 | Batch 15800/18922 | KD Loss: 5.0612 | Base Loss: 0.9993
Epoch 56/100 | Batch 16000/18922 | KD Loss: 4.8203 | Base Loss: 0.8151
Epoch 56/100 | Batch 16200/18922 | KD Loss: 4.7212 | Base Loss: 0.7049
Epoch 56/100 | Batch 16400/18922 | KD Loss: 4.7326 | Base Loss: 0.7275
Epoch 56/100 | Batch 16600/18922 | KD Loss: 4.6847 | Base Loss: 0.7433
Epoch 56/100 | Batch 16800/18922 | KD Loss: 4.8244 | Base Loss: 0.7159
Epoch 56/100 | Batch 17000/18922 | KD Loss: 4.7981 | Base Loss: 0.7637
Epoch 56/100 | Batch 17200/18922 | KD Loss: 5.0638 | Base Loss: 0.8639
Epoch 56/100 | Batch 17400/18922 | KD Loss: 4.8604 | Base Loss: 0.7904
Epoch 56/100 | Batch 17600/18922 | KD Loss: 5.0697 | Base Loss: 0.7367
Epoch 56/100 | Batch 17800/18922 | KD Loss: 4.7745 | Base Loss: 0.7691
Epoch 56/100 | Batch 18000/18922 | KD Loss: 5.0680 | Base Loss: 0.7420
Epoch 56/100 | Batch 18200/18922 | KD Loss: 4.7879 | Base Loss: 0.6950
Epoch 56/100 | Batch 18400/18922 | KD Loss: 4.8906 | Base Loss: 0.6870
Epoch 56/100 | Batch 18600/18922 | KD Loss: 5.2022 | Base Loss: 1.0386
Epoch 56/100 | Batch 18800/18922 | KD Loss: 4.8911 | Base Loss: 0.7329
====> Epoch 56 Average KD Loss: 4.8236 | LR: 0.000200
Epoch 57/100 | Batch 0/18922 | KD Loss: 5.1585 | Base Loss: 0.9379
Epoch 57/100 | Batch 200/18922 | KD Loss: 4.7678 | Base Loss: 0.7378
Epoch 57/100 | Batch 400/18922 | KD Loss: 4.8119 | Base Loss: 0.8944
Epoch 57/100 | Batch 600/18922 | KD Loss: 4.5650 | Base Loss: 0.6164
Epoch 57/100 | Batch 800/18922 | KD Loss: 4.6613 | Base Loss: 0.8000
Epoch 57/100 | Batch 1000/18922 | KD Loss: 4.6641 | Base Loss: 0.8394
Epoch 57/100 | Batch 1200/18922 | KD Loss: 4.8986 | Base Loss: 0.7423
Epoch 57/100 | Batch 1400/18922 | KD Loss: 4.6814 | Base Loss: 0.6717
Epoch 57/100 | Batch 1600/18922 | KD Loss: 4.8897 | Base Loss: 0.8367
Epoch 57/100 | Batch 1800/18922 | KD Loss: 5.0771 | Base Loss: 0.8052
Epoch 57/100 | Batch 2000/18922 | KD Loss: 4.9757 | Base Loss: 0.9327
Epoch 57/100 | Batch 2200/18922 | KD Loss: 4.7499 | Base Loss: 0.5810
Epoch 57/100 | Batch 2400/18922 | KD Loss: 4.8982 | Base Loss: 1.0076
Epoch 57/100 | Batch 2600/18922 | KD Loss: 4.6382 | Base Loss: 0.8073
Epoch 57/100 | Batch 2800/18922 | KD Loss: 5.0126 | Base Loss: 0.7909
Epoch 57/100 | Batch 3000/18922 | KD Loss: 4.4911 | Base Loss: 0.7330
Epoch 57/100 | Batch 3200/18922 | KD Loss: 4.8897 | Base Loss: 0.7271
Epoch 57/100 | Batch 3400/18922 | KD Loss: 4.9814 | Base Loss: 0.9812
Epoch 57/100 | Batch 3600/18922 | KD Loss: 4.9696 | Base Loss: 0.8120
Epoch 57/100 | Batch 3800/18922 | KD Loss: 4.4117 | Base Loss: 0.6206
Epoch 57/100 | Batch 4000/18922 | KD Loss: 4.7195 | Base Loss: 0.9451
Epoch 57/100 | Batch 4200/18922 | KD Loss: 5.1850 | Base Loss: 0.9924
Epoch 57/100 | Batch 4400/18922 | KD Loss: 4.5264 | Base Loss: 0.6626
Epoch 57/100 | Batch 4600/18922 | KD Loss: 4.9763 | Base Loss: 0.7386
Epoch 57/100 | Batch 4800/18922 | KD Loss: 4.8828 | Base Loss: 0.7870
Epoch 57/100 | Batch 5000/18922 | KD Loss: 4.9698 | Base Loss: 0.9041
Epoch 57/100 | Batch 5200/18922 | KD Loss: 4.8195 | Base Loss: 0.8332
Epoch 57/100 | Batch 5400/18922 | KD Loss: 4.7163 | Base Loss: 0.6149
Epoch 57/100 | Batch 5600/18922 | KD Loss: 4.8697 | Base Loss: 0.7458
Epoch 57/100 | Batch 5800/18922 | KD Loss: 4.7741 | Base Loss: 0.8435
Epoch 57/100 | Batch 6000/18922 | KD Loss: 5.0804 | Base Loss: 0.9604
Epoch 57/100 | Batch 6200/18922 | KD Loss: 4.5364 | Base Loss: 0.7191
Epoch 57/100 | Batch 6400/18922 | KD Loss: 4.7315 | Base Loss: 0.8426
Epoch 57/100 | Batch 6600/18922 | KD Loss: 4.4379 | Base Loss: 0.7307
Epoch 57/100 | Batch 6800/18922 | KD Loss: 4.7557 | Base Loss: 0.7397
Epoch 57/100 | Batch 7000/18922 | KD Loss: 4.6915 | Base Loss: 0.7220
Epoch 57/100 | Batch 7200/18922 | KD Loss: 4.7443 | Base Loss: 0.7036
Epoch 57/100 | Batch 7400/18922 | KD Loss: 4.7603 | Base Loss: 0.8101
Epoch 57/100 | Batch 7600/18922 | KD Loss: 4.9983 | Base Loss: 0.8896
Epoch 57/100 | Batch 7800/18922 | KD Loss: 4.4522 | Base Loss: 0.7165
Epoch 57/100 | Batch 8000/18922 | KD Loss: 4.7580 | Base Loss: 0.9095
Epoch 57/100 | Batch 8200/18922 | KD Loss: 4.5536 | Base Loss: 0.6943
Epoch 57/100 | Batch 8400/18922 | KD Loss: 4.6184 | Base Loss: 0.6044
Epoch 57/100 | Batch 8600/18922 | KD Loss: 4.9672 | Base Loss: 0.7480
Epoch 57/100 | Batch 8800/18922 | KD Loss: 4.6198 | Base Loss: 0.6977
Epoch 57/100 | Batch 9000/18922 | KD Loss: 5.0719 | Base Loss: 0.8641
Epoch 57/100 | Batch 9200/18922 | KD Loss: 5.0854 | Base Loss: 0.9227
Epoch 57/100 | Batch 9400/18922 | KD Loss: 4.7241 | Base Loss: 0.8654
Epoch 57/100 | Batch 9600/18922 | KD Loss: 4.7520 | Base Loss: 0.7000
Epoch 57/100 | Batch 9800/18922 | KD Loss: 4.5739 | Base Loss: 0.7362
Epoch 57/100 | Batch 10000/18922 | KD Loss: 4.7203 | Base Loss: 0.7737
Epoch 57/100 | Batch 10200/18922 | KD Loss: 4.8374 | Base Loss: 0.7615
Epoch 57/100 | Batch 10400/18922 | KD Loss: 4.9775 | Base Loss: 0.8656
Epoch 57/100 | Batch 10600/18922 | KD Loss: 4.6964 | Base Loss: 0.7270
Epoch 57/100 | Batch 10800/18922 | KD Loss: 4.4977 | Base Loss: 0.6970
Epoch 57/100 | Batch 11000/18922 | KD Loss: 4.8441 | Base Loss: 0.8535
Epoch 57/100 | Batch 11200/18922 | KD Loss: 4.7080 | Base Loss: 0.7888
Epoch 57/100 | Batch 11400/18922 | KD Loss: 5.0448 | Base Loss: 0.9387
Epoch 57/100 | Batch 11600/18922 | KD Loss: 4.7486 | Base Loss: 0.8022
Epoch 57/100 | Batch 11800/18922 | KD Loss: 4.7353 | Base Loss: 0.6776
Epoch 57/100 | Batch 12000/18922 | KD Loss: 4.8207 | Base Loss: 0.7759
Epoch 57/100 | Batch 12200/18922 | KD Loss: 4.6105 | Base Loss: 0.7435
Epoch 57/100 | Batch 12400/18922 | KD Loss: 4.8466 | Base Loss: 0.7729
Epoch 57/100 | Batch 12600/18922 | KD Loss: 4.9900 | Base Loss: 0.9020
Epoch 57/100 | Batch 12800/18922 | KD Loss: 4.5552 | Base Loss: 0.7874
Epoch 57/100 | Batch 13000/18922 | KD Loss: 5.0597 | Base Loss: 0.8229
Epoch 57/100 | Batch 13200/18922 | KD Loss: 4.6400 | Base Loss: 0.7355
Epoch 57/100 | Batch 13400/18922 | KD Loss: 4.9291 | Base Loss: 0.7383
Epoch 57/100 | Batch 13600/18922 | KD Loss: 4.6089 | Base Loss: 0.6922
Epoch 57/100 | Batch 13800/18922 | KD Loss: 4.4220 | Base Loss: 0.6278
Epoch 57/100 | Batch 14000/18922 | KD Loss: 4.7797 | Base Loss: 0.9600
Epoch 57/100 | Batch 14200/18922 | KD Loss: 4.5860 | Base Loss: 0.7274
Epoch 57/100 | Batch 14400/18922 | KD Loss: 4.5832 | Base Loss: 0.7615
Epoch 57/100 | Batch 14600/18922 | KD Loss: 4.4892 | Base Loss: 0.7164
Epoch 57/100 | Batch 14800/18922 | KD Loss: 5.2450 | Base Loss: 0.8684
Epoch 57/100 | Batch 15000/18922 | KD Loss: 5.2913 | Base Loss: 0.8245
Epoch 57/100 | Batch 15200/18922 | KD Loss: 4.4745 | Base Loss: 0.5518
Epoch 57/100 | Batch 15400/18922 | KD Loss: 5.2218 | Base Loss: 0.9009
Epoch 57/100 | Batch 15600/18922 | KD Loss: 4.7785 | Base Loss: 1.0096
Epoch 57/100 | Batch 15800/18922 | KD Loss: 4.5803 | Base Loss: 0.7241
Epoch 57/100 | Batch 16000/18922 | KD Loss: 5.0363 | Base Loss: 0.9012
Epoch 57/100 | Batch 16200/18922 | KD Loss: 4.7481 | Base Loss: 0.8521
Epoch 57/100 | Batch 16400/18922 | KD Loss: 4.9173 | Base Loss: 0.8285
Epoch 57/100 | Batch 16600/18922 | KD Loss: 4.9470 | Base Loss: 0.8543
Epoch 57/100 | Batch 16800/18922 | KD Loss: 4.8161 | Base Loss: 0.8218
Epoch 57/100 | Batch 17000/18922 | KD Loss: 4.8766 | Base Loss: 0.8189
Epoch 57/100 | Batch 17200/18922 | KD Loss: 4.9188 | Base Loss: 0.7891
Epoch 57/100 | Batch 17400/18922 | KD Loss: 4.8996 | Base Loss: 0.7465
Epoch 57/100 | Batch 17600/18922 | KD Loss: 4.6054 | Base Loss: 0.8130
Epoch 57/100 | Batch 17800/18922 | KD Loss: 4.4531 | Base Loss: 0.6470
Epoch 57/100 | Batch 18000/18922 | KD Loss: 4.6353 | Base Loss: 0.7431
Epoch 57/100 | Batch 18200/18922 | KD Loss: 4.6577 | Base Loss: 0.5980
Epoch 57/100 | Batch 18400/18922 | KD Loss: 4.7727 | Base Loss: 0.8197
Epoch 57/100 | Batch 18600/18922 | KD Loss: 4.7039 | Base Loss: 0.7889
Epoch 57/100 | Batch 18800/18922 | KD Loss: 4.7768 | Base Loss: 0.6981
====> Epoch 57 Average KD Loss: 4.8237 | LR: 0.000200
Epoch 58/100 | Batch 0/18922 | KD Loss: 4.6283 | Base Loss: 0.5719
Epoch 58/100 | Batch 200/18922 | KD Loss: 4.5730 | Base Loss: 0.6921
Epoch 58/100 | Batch 400/18922 | KD Loss: 4.9833 | Base Loss: 0.8116
Epoch 58/100 | Batch 600/18922 | KD Loss: 4.5409 | Base Loss: 0.9378
Epoch 58/100 | Batch 800/18922 | KD Loss: 4.8184 | Base Loss: 0.7811
Epoch 58/100 | Batch 1000/18922 | KD Loss: 4.4150 | Base Loss: 0.5616
Epoch 58/100 | Batch 1200/18922 | KD Loss: 4.8563 | Base Loss: 0.9252
Epoch 58/100 | Batch 1400/18922 | KD Loss: 4.8870 | Base Loss: 0.8838
Epoch 58/100 | Batch 1600/18922 | KD Loss: 4.7738 | Base Loss: 0.8111
Epoch 58/100 | Batch 1800/18922 | KD Loss: 4.6658 | Base Loss: 0.7007
Epoch 58/100 | Batch 2000/18922 | KD Loss: 4.6139 | Base Loss: 0.7849
Epoch 58/100 | Batch 2200/18922 | KD Loss: 5.2718 | Base Loss: 0.9392
Epoch 58/100 | Batch 2400/18922 | KD Loss: 4.9822 | Base Loss: 0.9114
Epoch 58/100 | Batch 2600/18922 | KD Loss: 4.5918 | Base Loss: 0.7836
Epoch 58/100 | Batch 2800/18922 | KD Loss: 4.6768 | Base Loss: 0.8264
Epoch 58/100 | Batch 3000/18922 | KD Loss: 5.3366 | Base Loss: 0.8538
Epoch 58/100 | Batch 3200/18922 | KD Loss: 4.7512 | Base Loss: 0.7636
Epoch 58/100 | Batch 3400/18922 | KD Loss: 4.8149 | Base Loss: 0.8215
Epoch 58/100 | Batch 3600/18922 | KD Loss: 4.4313 | Base Loss: 0.6875
Epoch 58/100 | Batch 3800/18922 | KD Loss: 4.5245 | Base Loss: 0.6218
Epoch 58/100 | Batch 4000/18922 | KD Loss: 4.4890 | Base Loss: 0.7150
Epoch 58/100 | Batch 4200/18922 | KD Loss: 4.6790 | Base Loss: 0.7979
Epoch 58/100 | Batch 4400/18922 | KD Loss: 5.0611 | Base Loss: 0.8306
Epoch 58/100 | Batch 4600/18922 | KD Loss: 4.7559 | Base Loss: 0.9745
Epoch 58/100 | Batch 4800/18922 | KD Loss: 4.8553 | Base Loss: 0.7074
Epoch 58/100 | Batch 5000/18922 | KD Loss: 4.7605 | Base Loss: 0.8809
Epoch 58/100 | Batch 5200/18922 | KD Loss: 4.8288 | Base Loss: 0.6313
Epoch 58/100 | Batch 5400/18922 | KD Loss: 4.9194 | Base Loss: 0.6980
Epoch 58/100 | Batch 5600/18922 | KD Loss: 4.8194 | Base Loss: 0.8202
Epoch 58/100 | Batch 5800/18922 | KD Loss: 4.9677 | Base Loss: 0.7966
Epoch 58/100 | Batch 6000/18922 | KD Loss: 4.7176 | Base Loss: 0.7944
Epoch 58/100 | Batch 6200/18922 | KD Loss: 4.7856 | Base Loss: 0.6505
Epoch 58/100 | Batch 6400/18922 | KD Loss: 4.7586 | Base Loss: 0.6973
Epoch 58/100 | Batch 6600/18922 | KD Loss: 4.9004 | Base Loss: 0.9230
Epoch 58/100 | Batch 6800/18922 | KD Loss: 4.7779 | Base Loss: 0.7593
Epoch 58/100 | Batch 7000/18922 | KD Loss: 4.8295 | Base Loss: 0.7776
Epoch 58/100 | Batch 7200/18922 | KD Loss: 4.7497 | Base Loss: 0.7549
Epoch 58/100 | Batch 7400/18922 | KD Loss: 4.6779 | Base Loss: 0.7318
Epoch 58/100 | Batch 7600/18922 | KD Loss: 4.9094 | Base Loss: 0.8912
Epoch 58/100 | Batch 7800/18922 | KD Loss: 5.1978 | Base Loss: 0.7649
Epoch 58/100 | Batch 8000/18922 | KD Loss: 4.7634 | Base Loss: 0.6940
Epoch 58/100 | Batch 8200/18922 | KD Loss: 4.8827 | Base Loss: 0.9644
Epoch 58/100 | Batch 8400/18922 | KD Loss: 4.5922 | Base Loss: 0.7954
Epoch 58/100 | Batch 8600/18922 | KD Loss: 4.8155 | Base Loss: 0.8380
Epoch 58/100 | Batch 8800/18922 | KD Loss: 4.9347 | Base Loss: 0.8767
Epoch 58/100 | Batch 9000/18922 | KD Loss: 4.4218 | Base Loss: 0.7168
Epoch 58/100 | Batch 9200/18922 | KD Loss: 4.7447 | Base Loss: 0.7763
Epoch 58/100 | Batch 9400/18922 | KD Loss: 4.7925 | Base Loss: 0.6617
Epoch 58/100 | Batch 9600/18922 | KD Loss: 4.9429 | Base Loss: 0.9368
Epoch 58/100 | Batch 9800/18922 | KD Loss: 4.9779 | Base Loss: 0.6693
Epoch 58/100 | Batch 10000/18922 | KD Loss: 4.6915 | Base Loss: 0.7578
Epoch 58/100 | Batch 10200/18922 | KD Loss: 4.7106 | Base Loss: 0.7885
Epoch 58/100 | Batch 10400/18922 | KD Loss: 4.8496 | Base Loss: 0.7931
Epoch 58/100 | Batch 10600/18922 | KD Loss: 4.6969 | Base Loss: 0.5684
Epoch 58/100 | Batch 10800/18922 | KD Loss: 4.6440 | Base Loss: 0.5957
Epoch 58/100 | Batch 11000/18922 | KD Loss: 5.2610 | Base Loss: 0.7414
Epoch 58/100 | Batch 11200/18922 | KD Loss: 5.0146 | Base Loss: 0.7644
Epoch 58/100 | Batch 11400/18922 | KD Loss: 4.4487 | Base Loss: 0.7044
Epoch 58/100 | Batch 11600/18922 | KD Loss: 5.0998 | Base Loss: 0.7411
Epoch 58/100 | Batch 11800/18922 | KD Loss: 4.6266 | Base Loss: 0.7070
Epoch 58/100 | Batch 12000/18922 | KD Loss: 5.3148 | Base Loss: 1.1058
Epoch 58/100 | Batch 12200/18922 | KD Loss: 4.6368 | Base Loss: 0.7102
Epoch 58/100 | Batch 12400/18922 | KD Loss: 4.7482 | Base Loss: 0.8156
Epoch 58/100 | Batch 12600/18922 | KD Loss: 4.7016 | Base Loss: 0.9179
Epoch 58/100 | Batch 12800/18922 | KD Loss: 4.5959 | Base Loss: 0.6715
Epoch 58/100 | Batch 13000/18922 | KD Loss: 4.8995 | Base Loss: 0.8312
Epoch 58/100 | Batch 13200/18922 | KD Loss: 4.7720 | Base Loss: 0.8550
Epoch 58/100 | Batch 13400/18922 | KD Loss: 4.9485 | Base Loss: 0.8769
Epoch 58/100 | Batch 13600/18922 | KD Loss: 5.1596 | Base Loss: 1.0135
Epoch 58/100 | Batch 13800/18922 | KD Loss: 4.8000 | Base Loss: 0.9012
Epoch 58/100 | Batch 14000/18922 | KD Loss: 4.6913 | Base Loss: 0.7550
Epoch 58/100 | Batch 14200/18922 | KD Loss: 4.6220 | Base Loss: 0.6960
Epoch 58/100 | Batch 14400/18922 | KD Loss: 4.7640 | Base Loss: 0.8499
Epoch 58/100 | Batch 14600/18922 | KD Loss: 4.9900 | Base Loss: 0.8472
Epoch 58/100 | Batch 14800/18922 | KD Loss: 4.6940 | Base Loss: 0.7264
Epoch 58/100 | Batch 15000/18922 | KD Loss: 4.8359 | Base Loss: 0.8934
Epoch 58/100 | Batch 15200/18922 | KD Loss: 4.5948 | Base Loss: 0.7113
Epoch 58/100 | Batch 15400/18922 | KD Loss: 4.8587 | Base Loss: 0.8684
Epoch 58/100 | Batch 15600/18922 | KD Loss: 4.5522 | Base Loss: 0.8171
Epoch 58/100 | Batch 15800/18922 | KD Loss: 4.7820 | Base Loss: 0.9010
Epoch 58/100 | Batch 16000/18922 | KD Loss: 4.8058 | Base Loss: 0.7607
Epoch 58/100 | Batch 16200/18922 | KD Loss: 4.8190 | Base Loss: 0.8210
Epoch 58/100 | Batch 16400/18922 | KD Loss: 5.1246 | Base Loss: 0.9590
Epoch 58/100 | Batch 16600/18922 | KD Loss: 4.6553 | Base Loss: 0.7916
Epoch 58/100 | Batch 16800/18922 | KD Loss: 4.5486 | Base Loss: 0.7392
Epoch 58/100 | Batch 17000/18922 | KD Loss: 4.9416 | Base Loss: 0.7025
Epoch 58/100 | Batch 17200/18922 | KD Loss: 4.9864 | Base Loss: 0.8180
Epoch 58/100 | Batch 17400/18922 | KD Loss: 4.9208 | Base Loss: 0.7430
Epoch 58/100 | Batch 17600/18922 | KD Loss: 4.6555 | Base Loss: 0.7579
Epoch 58/100 | Batch 17800/18922 | KD Loss: 4.8533 | Base Loss: 0.7809
Epoch 58/100 | Batch 18000/18922 | KD Loss: 4.6199 | Base Loss: 0.9134
Epoch 58/100 | Batch 18200/18922 | KD Loss: 4.6766 | Base Loss: 0.7865
Epoch 58/100 | Batch 18400/18922 | KD Loss: 4.7958 | Base Loss: 0.8031
Epoch 58/100 | Batch 18600/18922 | KD Loss: 4.9103 | Base Loss: 0.8597
Epoch 58/100 | Batch 18800/18922 | KD Loss: 4.8033 | Base Loss: 0.8459
====> Epoch 58 Average KD Loss: 4.8224 | LR: 0.000200
Epoch 59/100 | Batch 0/18922 | KD Loss: 4.9014 | Base Loss: 0.7916
Epoch 59/100 | Batch 200/18922 | KD Loss: 4.6930 | Base Loss: 0.8419
Epoch 59/100 | Batch 400/18922 | KD Loss: 4.7053 | Base Loss: 0.7517
Epoch 59/100 | Batch 600/18922 | KD Loss: 4.6320 | Base Loss: 0.8376
Epoch 59/100 | Batch 800/18922 | KD Loss: 4.4735 | Base Loss: 0.7778
Epoch 59/100 | Batch 1000/18922 | KD Loss: 5.0610 | Base Loss: 1.0362
Epoch 59/100 | Batch 1200/18922 | KD Loss: 4.7631 | Base Loss: 0.7064
Epoch 59/100 | Batch 1400/18922 | KD Loss: 5.3969 | Base Loss: 0.9470
Epoch 59/100 | Batch 1600/18922 | KD Loss: 4.8647 | Base Loss: 0.8841
Epoch 59/100 | Batch 1800/18922 | KD Loss: 4.8231 | Base Loss: 0.8418
Epoch 59/100 | Batch 2000/18922 | KD Loss: 4.6959 | Base Loss: 0.8944
Epoch 59/100 | Batch 2200/18922 | KD Loss: 4.7611 | Base Loss: 0.8784
Epoch 59/100 | Batch 2400/18922 | KD Loss: 4.7404 | Base Loss: 0.6835
Epoch 59/100 | Batch 2600/18922 | KD Loss: 4.6363 | Base Loss: 0.7131
Epoch 59/100 | Batch 2800/18922 | KD Loss: 5.2284 | Base Loss: 0.9731
Epoch 59/100 | Batch 3000/18922 | KD Loss: 4.9063 | Base Loss: 0.7671
Epoch 59/100 | Batch 3200/18922 | KD Loss: 4.9578 | Base Loss: 0.7152
Epoch 59/100 | Batch 3400/18922 | KD Loss: 4.7635 | Base Loss: 0.7604
Epoch 59/100 | Batch 3600/18922 | KD Loss: 4.5386 | Base Loss: 0.8102
Epoch 59/100 | Batch 3800/18922 | KD Loss: 5.2031 | Base Loss: 0.9463
Epoch 59/100 | Batch 4000/18922 | KD Loss: 5.3363 | Base Loss: 0.9075
Epoch 59/100 | Batch 4200/18922 | KD Loss: 4.6134 | Base Loss: 0.6730
Epoch 59/100 | Batch 4400/18922 | KD Loss: 5.2194 | Base Loss: 0.8832
Epoch 59/100 | Batch 4600/18922 | KD Loss: 4.4364 | Base Loss: 0.7504
Epoch 59/100 | Batch 4800/18922 | KD Loss: 4.8706 | Base Loss: 0.8806
Epoch 59/100 | Batch 5000/18922 | KD Loss: 4.9177 | Base Loss: 0.9507
Epoch 59/100 | Batch 5200/18922 | KD Loss: 4.6180 | Base Loss: 0.7494
Epoch 59/100 | Batch 5400/18922 | KD Loss: 4.5765 | Base Loss: 0.6744
Epoch 59/100 | Batch 5600/18922 | KD Loss: 4.8948 | Base Loss: 0.8554
Epoch 59/100 | Batch 5800/18922 | KD Loss: 4.9236 | Base Loss: 0.8645
Epoch 59/100 | Batch 6000/18922 | KD Loss: 4.9938 | Base Loss: 0.8595
Epoch 59/100 | Batch 6200/18922 | KD Loss: 4.7244 | Base Loss: 0.7351
Epoch 59/100 | Batch 6400/18922 | KD Loss: 5.0291 | Base Loss: 0.8935
Epoch 59/100 | Batch 6600/18922 | KD Loss: 4.6902 | Base Loss: 0.7423
Epoch 59/100 | Batch 6800/18922 | KD Loss: 5.0511 | Base Loss: 0.9637
Epoch 59/100 | Batch 7000/18922 | KD Loss: 4.8810 | Base Loss: 0.7597
Epoch 59/100 | Batch 7200/18922 | KD Loss: 5.0629 | Base Loss: 1.1056
Epoch 59/100 | Batch 7400/18922 | KD Loss: 4.8666 | Base Loss: 0.9389
Epoch 59/100 | Batch 7600/18922 | KD Loss: 5.0275 | Base Loss: 0.7362
Epoch 59/100 | Batch 7800/18922 | KD Loss: 4.7202 | Base Loss: 0.6637
Epoch 59/100 | Batch 8000/18922 | KD Loss: 4.7649 | Base Loss: 0.8513
Epoch 59/100 | Batch 8200/18922 | KD Loss: 5.1505 | Base Loss: 0.7885
Epoch 59/100 | Batch 8400/18922 | KD Loss: 4.9114 | Base Loss: 0.7802
Epoch 59/100 | Batch 8600/18922 | KD Loss: 4.7434 | Base Loss: 0.7386
Epoch 59/100 | Batch 8800/18922 | KD Loss: 4.7670 | Base Loss: 0.8788
Epoch 59/100 | Batch 9000/18922 | KD Loss: 4.8252 | Base Loss: 0.8091
Epoch 59/100 | Batch 9200/18922 | KD Loss: 5.0853 | Base Loss: 1.0433
Epoch 59/100 | Batch 9400/18922 | KD Loss: 4.5258 | Base Loss: 0.8087
Epoch 59/100 | Batch 9600/18922 | KD Loss: 4.5992 | Base Loss: 0.6533
Epoch 59/100 | Batch 9800/18922 | KD Loss: 4.6967 | Base Loss: 0.8590
Epoch 59/100 | Batch 10000/18922 | KD Loss: 4.9306 | Base Loss: 0.8095
Epoch 59/100 | Batch 10200/18922 | KD Loss: 4.5685 | Base Loss: 0.7346
Epoch 59/100 | Batch 10400/18922 | KD Loss: 4.7021 | Base Loss: 0.5903
Epoch 59/100 | Batch 10600/18922 | KD Loss: 4.8952 | Base Loss: 0.9448
Epoch 59/100 | Batch 10800/18922 | KD Loss: 4.6236 | Base Loss: 0.6019
Epoch 59/100 | Batch 11000/18922 | KD Loss: 4.6367 | Base Loss: 0.7739
Epoch 59/100 | Batch 11200/18922 | KD Loss: 4.7045 | Base Loss: 0.8016
Epoch 59/100 | Batch 11400/18922 | KD Loss: 4.6881 | Base Loss: 0.6692
Epoch 59/100 | Batch 11600/18922 | KD Loss: 4.7394 | Base Loss: 0.9642
Epoch 59/100 | Batch 11800/18922 | KD Loss: 5.0493 | Base Loss: 0.9402
Epoch 59/100 | Batch 12000/18922 | KD Loss: 4.5741 | Base Loss: 0.6692
Epoch 59/100 | Batch 12200/18922 | KD Loss: 4.5118 | Base Loss: 0.7300
Epoch 59/100 | Batch 12400/18922 | KD Loss: 4.8596 | Base Loss: 0.7608
Epoch 59/100 | Batch 12600/18922 | KD Loss: 4.5229 | Base Loss: 0.8441
Epoch 59/100 | Batch 12800/18922 | KD Loss: 4.7708 | Base Loss: 0.8388
Epoch 59/100 | Batch 13000/18922 | KD Loss: 4.8550 | Base Loss: 0.9971
Epoch 59/100 | Batch 13200/18922 | KD Loss: 5.0875 | Base Loss: 0.6562
Epoch 59/100 | Batch 13400/18922 | KD Loss: 4.8475 | Base Loss: 0.7703
Epoch 59/100 | Batch 13600/18922 | KD Loss: 4.7713 | Base Loss: 0.7511
Epoch 59/100 | Batch 13800/18922 | KD Loss: 5.3620 | Base Loss: 0.8690
Epoch 59/100 | Batch 14000/18922 | KD Loss: 4.8485 | Base Loss: 0.8635
Epoch 59/100 | Batch 14200/18922 | KD Loss: 4.7839 | Base Loss: 0.6748
Epoch 59/100 | Batch 14400/18922 | KD Loss: 4.5898 | Base Loss: 0.6176
Epoch 59/100 | Batch 14600/18922 | KD Loss: 5.1300 | Base Loss: 0.8260
Epoch 59/100 | Batch 14800/18922 | KD Loss: 4.6280 | Base Loss: 0.7426
Epoch 59/100 | Batch 15000/18922 | KD Loss: 5.1358 | Base Loss: 0.8169
Epoch 59/100 | Batch 15200/18922 | KD Loss: 4.8948 | Base Loss: 0.7713
Epoch 59/100 | Batch 15400/18922 | KD Loss: 4.8886 | Base Loss: 0.8529
Epoch 59/100 | Batch 15600/18922 | KD Loss: 4.8700 | Base Loss: 0.7552
Epoch 59/100 | Batch 15800/18922 | KD Loss: 5.0678 | Base Loss: 0.8686
Epoch 59/100 | Batch 16000/18922 | KD Loss: 4.8692 | Base Loss: 0.6907
Epoch 59/100 | Batch 16200/18922 | KD Loss: 4.8220 | Base Loss: 0.7707
Epoch 59/100 | Batch 16400/18922 | KD Loss: 4.6510 | Base Loss: 0.5739
Epoch 59/100 | Batch 16600/18922 | KD Loss: 4.8575 | Base Loss: 0.7077
Epoch 59/100 | Batch 16800/18922 | KD Loss: 5.0691 | Base Loss: 0.7156
Epoch 59/100 | Batch 17000/18922 | KD Loss: 4.8192 | Base Loss: 0.7931
Epoch 59/100 | Batch 17200/18922 | KD Loss: 5.1943 | Base Loss: 0.7900
Epoch 59/100 | Batch 17400/18922 | KD Loss: 4.9735 | Base Loss: 0.8443
Epoch 59/100 | Batch 17600/18922 | KD Loss: 4.6818 | Base Loss: 0.8048
Epoch 59/100 | Batch 17800/18922 | KD Loss: 4.9302 | Base Loss: 0.8134
Epoch 59/100 | Batch 18000/18922 | KD Loss: 4.7433 | Base Loss: 0.7250
Epoch 59/100 | Batch 18200/18922 | KD Loss: 5.0337 | Base Loss: 0.8899
Epoch 59/100 | Batch 18400/18922 | KD Loss: 4.7710 | Base Loss: 0.8691
Epoch 59/100 | Batch 18600/18922 | KD Loss: 4.8952 | Base Loss: 0.7375
Epoch 59/100 | Batch 18800/18922 | KD Loss: 5.2194 | Base Loss: 0.9054
====> Epoch 59 Average KD Loss: 4.8214 | LR: 0.000200
Epoch 60/100 | Batch 0/18922 | KD Loss: 4.7696 | Base Loss: 0.7928
Epoch 60/100 | Batch 200/18922 | KD Loss: 4.5399 | Base Loss: 0.7746
Epoch 60/100 | Batch 400/18922 | KD Loss: 4.8970 | Base Loss: 0.7243
Epoch 60/100 | Batch 600/18922 | KD Loss: 5.2968 | Base Loss: 0.9381
Epoch 60/100 | Batch 800/18922 | KD Loss: 4.6151 | Base Loss: 0.5539
Epoch 60/100 | Batch 1000/18922 | KD Loss: 4.8668 | Base Loss: 0.7671
Epoch 60/100 | Batch 1200/18922 | KD Loss: 4.7436 | Base Loss: 0.7832
Epoch 60/100 | Batch 1400/18922 | KD Loss: 4.5719 | Base Loss: 0.6329
Epoch 60/100 | Batch 1600/18922 | KD Loss: 4.6957 | Base Loss: 0.7747
Epoch 60/100 | Batch 1800/18922 | KD Loss: 5.1226 | Base Loss: 0.8627
Epoch 60/100 | Batch 2000/18922 | KD Loss: 4.5339 | Base Loss: 0.5559
Epoch 60/100 | Batch 2200/18922 | KD Loss: 4.7810 | Base Loss: 0.6764
Epoch 60/100 | Batch 2400/18922 | KD Loss: 5.1623 | Base Loss: 0.7706
Epoch 60/100 | Batch 2600/18922 | KD Loss: 4.7009 | Base Loss: 0.7317
Epoch 60/100 | Batch 2800/18922 | KD Loss: 4.8458 | Base Loss: 0.7651
Epoch 60/100 | Batch 3000/18922 | KD Loss: 4.8143 | Base Loss: 0.8045
Epoch 60/100 | Batch 3200/18922 | KD Loss: 4.6403 | Base Loss: 0.6866
Epoch 60/100 | Batch 3400/18922 | KD Loss: 4.9103 | Base Loss: 0.9001
Epoch 60/100 | Batch 3600/18922 | KD Loss: 4.7338 | Base Loss: 0.8195
Epoch 60/100 | Batch 3800/18922 | KD Loss: 4.9353 | Base Loss: 0.8183
Epoch 60/100 | Batch 4000/18922 | KD Loss: 4.7438 | Base Loss: 0.7172
Epoch 60/100 | Batch 4200/18922 | KD Loss: 5.1093 | Base Loss: 0.7469
Epoch 60/100 | Batch 4400/18922 | KD Loss: 4.9854 | Base Loss: 0.7527
Epoch 60/100 | Batch 4600/18922 | KD Loss: 4.6426 | Base Loss: 0.8168
Epoch 60/100 | Batch 4800/18922 | KD Loss: 4.5166 | Base Loss: 0.7601
Epoch 60/100 | Batch 5000/18922 | KD Loss: 4.5708 | Base Loss: 0.6768
Epoch 60/100 | Batch 5200/18922 | KD Loss: 4.8358 | Base Loss: 0.9281
Epoch 60/100 | Batch 5400/18922 | KD Loss: 4.7009 | Base Loss: 0.6242
Epoch 60/100 | Batch 5600/18922 | KD Loss: 4.5631 | Base Loss: 0.8008
Epoch 60/100 | Batch 5800/18922 | KD Loss: 5.1107 | Base Loss: 0.8135
Epoch 60/100 | Batch 6000/18922 | KD Loss: 4.2981 | Base Loss: 0.6278
Epoch 60/100 | Batch 6200/18922 | KD Loss: 4.7510 | Base Loss: 0.6924
Epoch 60/100 | Batch 6400/18922 | KD Loss: 5.1104 | Base Loss: 0.9157
Epoch 60/100 | Batch 6600/18922 | KD Loss: 4.9341 | Base Loss: 1.0366
Epoch 60/100 | Batch 6800/18922 | KD Loss: 4.8142 | Base Loss: 0.5995
Epoch 60/100 | Batch 7000/18922 | KD Loss: 4.8047 | Base Loss: 0.7592
Epoch 60/100 | Batch 7200/18922 | KD Loss: 4.5811 | Base Loss: 0.6154
Epoch 60/100 | Batch 7400/18922 | KD Loss: 4.6936 | Base Loss: 0.7989
Epoch 60/100 | Batch 7600/18922 | KD Loss: 4.6832 | Base Loss: 0.6740
Epoch 60/100 | Batch 7800/18922 | KD Loss: 4.7399 | Base Loss: 0.9789
Epoch 60/100 | Batch 8000/18922 | KD Loss: 5.0401 | Base Loss: 0.8185
Epoch 60/100 | Batch 8200/18922 | KD Loss: 4.6275 | Base Loss: 0.7072
Epoch 60/100 | Batch 8400/18922 | KD Loss: 4.9556 | Base Loss: 0.7584
Epoch 60/100 | Batch 8600/18922 | KD Loss: 4.5500 | Base Loss: 0.8258
Epoch 60/100 | Batch 8800/18922 | KD Loss: 4.5711 | Base Loss: 0.7589
Epoch 60/100 | Batch 9000/18922 | KD Loss: 5.2826 | Base Loss: 0.8758
Epoch 60/100 | Batch 9200/18922 | KD Loss: 4.9595 | Base Loss: 0.7271
Epoch 60/100 | Batch 9400/18922 | KD Loss: 4.6798 | Base Loss: 0.7337
Epoch 60/100 | Batch 9600/18922 | KD Loss: 4.4045 | Base Loss: 0.6293
Epoch 60/100 | Batch 9800/18922 | KD Loss: 4.8118 | Base Loss: 0.7642
Epoch 60/100 | Batch 10000/18922 | KD Loss: 4.7929 | Base Loss: 0.7795
Epoch 60/100 | Batch 10200/18922 | KD Loss: 4.8099 | Base Loss: 0.9233
Epoch 60/100 | Batch 10400/18922 | KD Loss: 4.4993 | Base Loss: 0.7490
Epoch 60/100 | Batch 10600/18922 | KD Loss: 4.6462 | Base Loss: 0.7479
Epoch 60/100 | Batch 10800/18922 | KD Loss: 4.7397 | Base Loss: 0.7810
Epoch 60/100 | Batch 11000/18922 | KD Loss: 4.6751 | Base Loss: 0.6895
Epoch 60/100 | Batch 11200/18922 | KD Loss: 4.7061 | Base Loss: 0.7170
Epoch 60/100 | Batch 11400/18922 | KD Loss: 4.7224 | Base Loss: 0.7788
Epoch 60/100 | Batch 11600/18922 | KD Loss: 4.7158 | Base Loss: 0.8468
Epoch 60/100 | Batch 11800/18922 | KD Loss: 4.5132 | Base Loss: 0.7090
Epoch 60/100 | Batch 12000/18922 | KD Loss: 4.6525 | Base Loss: 0.5532
Epoch 60/100 | Batch 12200/18922 | KD Loss: 4.7903 | Base Loss: 0.6897
Epoch 60/100 | Batch 12400/18922 | KD Loss: 5.0826 | Base Loss: 0.9228
Epoch 60/100 | Batch 12600/18922 | KD Loss: 5.1121 | Base Loss: 0.8696
Epoch 60/100 | Batch 12800/18922 | KD Loss: 4.6923 | Base Loss: 0.8329
Epoch 60/100 | Batch 13000/18922 | KD Loss: 5.1005 | Base Loss: 0.9933
Epoch 60/100 | Batch 13200/18922 | KD Loss: 5.0145 | Base Loss: 0.7730
Epoch 60/100 | Batch 13400/18922 | KD Loss: 4.5434 | Base Loss: 0.7972
Epoch 60/100 | Batch 13600/18922 | KD Loss: 4.9418 | Base Loss: 0.9049
Epoch 60/100 | Batch 13800/18922 | KD Loss: 5.0030 | Base Loss: 0.7973
Epoch 60/100 | Batch 14000/18922 | KD Loss: 4.6450 | Base Loss: 0.7105
Epoch 60/100 | Batch 14200/18922 | KD Loss: 4.8134 | Base Loss: 0.7148
Epoch 60/100 | Batch 14400/18922 | KD Loss: 4.6947 | Base Loss: 0.7166
Epoch 60/100 | Batch 14600/18922 | KD Loss: 4.7768 | Base Loss: 0.7654
Epoch 60/100 | Batch 14800/18922 | KD Loss: 5.1957 | Base Loss: 0.9102
Epoch 60/100 | Batch 15000/18922 | KD Loss: 4.7537 | Base Loss: 0.6551
Epoch 60/100 | Batch 15200/18922 | KD Loss: 4.9611 | Base Loss: 0.8243
Epoch 60/100 | Batch 15400/18922 | KD Loss: 4.6857 | Base Loss: 0.8492
Epoch 60/100 | Batch 15600/18922 | KD Loss: 4.7581 | Base Loss: 0.7126
Epoch 60/100 | Batch 15800/18922 | KD Loss: 4.6783 | Base Loss: 0.7676
Epoch 60/100 | Batch 16000/18922 | KD Loss: 4.4785 | Base Loss: 0.6826
Epoch 60/100 | Batch 16200/18922 | KD Loss: 4.8405 | Base Loss: 0.7811
Epoch 60/100 | Batch 16400/18922 | KD Loss: 4.7004 | Base Loss: 0.6927
Epoch 60/100 | Batch 16600/18922 | KD Loss: 4.6830 | Base Loss: 0.6705
Epoch 60/100 | Batch 16800/18922 | KD Loss: 4.9423 | Base Loss: 0.8256
Epoch 60/100 | Batch 17000/18922 | KD Loss: 4.9517 | Base Loss: 0.7465
Epoch 60/100 | Batch 17200/18922 | KD Loss: 4.7571 | Base Loss: 0.6409
Epoch 60/100 | Batch 17400/18922 | KD Loss: 4.9222 | Base Loss: 0.8995
Epoch 60/100 | Batch 17600/18922 | KD Loss: 4.9550 | Base Loss: 0.7877
Epoch 60/100 | Batch 17800/18922 | KD Loss: 4.6619 | Base Loss: 0.7253
Epoch 60/100 | Batch 18000/18922 | KD Loss: 4.8310 | Base Loss: 0.9516
Epoch 60/100 | Batch 18200/18922 | KD Loss: 4.5246 | Base Loss: 0.5558
Epoch 60/100 | Batch 18400/18922 | KD Loss: 5.1312 | Base Loss: 0.8314
Epoch 60/100 | Batch 18600/18922 | KD Loss: 4.7736 | Base Loss: 0.6884
Epoch 60/100 | Batch 18800/18922 | KD Loss: 4.9361 | Base Loss: 0.7280
====> Epoch 60 Average KD Loss: 4.8189 | LR: 0.000200
Epoch 61/100 | Batch 0/18922 | KD Loss: 4.3812 | Base Loss: 0.5995
Epoch 61/100 | Batch 200/18922 | KD Loss: 4.5558 | Base Loss: 0.8099
Epoch 61/100 | Batch 400/18922 | KD Loss: 4.8632 | Base Loss: 0.7280
Epoch 61/100 | Batch 600/18922 | KD Loss: 4.6512 | Base Loss: 0.7410
Epoch 61/100 | Batch 800/18922 | KD Loss: 4.7514 | Base Loss: 0.7560
Epoch 61/100 | Batch 1000/18922 | KD Loss: 4.9395 | Base Loss: 0.8717
Epoch 61/100 | Batch 1200/18922 | KD Loss: 4.9938 | Base Loss: 0.8257
Epoch 61/100 | Batch 1400/18922 | KD Loss: 4.8056 | Base Loss: 0.9006
Epoch 61/100 | Batch 1600/18922 | KD Loss: 4.8583 | Base Loss: 0.7138
Epoch 61/100 | Batch 1800/18922 | KD Loss: 4.9495 | Base Loss: 0.7481
Epoch 61/100 | Batch 2000/18922 | KD Loss: 5.0930 | Base Loss: 0.9952
Epoch 61/100 | Batch 2200/18922 | KD Loss: 5.1613 | Base Loss: 0.8223
Epoch 61/100 | Batch 2400/18922 | KD Loss: 5.1031 | Base Loss: 0.8157
Epoch 61/100 | Batch 2600/18922 | KD Loss: 5.1008 | Base Loss: 0.7884
Epoch 61/100 | Batch 2800/18922 | KD Loss: 4.9635 | Base Loss: 0.8071
Epoch 61/100 | Batch 3000/18922 | KD Loss: 4.9745 | Base Loss: 0.6668
Epoch 61/100 | Batch 3200/18922 | KD Loss: 4.8389 | Base Loss: 0.7490
Epoch 61/100 | Batch 3400/18922 | KD Loss: 4.9467 | Base Loss: 0.7428
Epoch 61/100 | Batch 3600/18922 | KD Loss: 4.7283 | Base Loss: 0.6947
Epoch 61/100 | Batch 3800/18922 | KD Loss: 4.9732 | Base Loss: 0.8315
Epoch 61/100 | Batch 4000/18922 | KD Loss: 4.8284 | Base Loss: 0.5764
Epoch 61/100 | Batch 4200/18922 | KD Loss: 4.6484 | Base Loss: 0.7578
Epoch 61/100 | Batch 4400/18922 | KD Loss: 5.1550 | Base Loss: 0.7566
Epoch 61/100 | Batch 4600/18922 | KD Loss: 4.8301 | Base Loss: 0.6559
Epoch 61/100 | Batch 4800/18922 | KD Loss: 4.8935 | Base Loss: 0.9881
Epoch 61/100 | Batch 5000/18922 | KD Loss: 5.0375 | Base Loss: 0.8926
Epoch 61/100 | Batch 5200/18922 | KD Loss: 5.1732 | Base Loss: 0.9861
Epoch 61/100 | Batch 5400/18922 | KD Loss: 4.6776 | Base Loss: 0.6893
Epoch 61/100 | Batch 5600/18922 | KD Loss: 4.4996 | Base Loss: 0.8779
Epoch 61/100 | Batch 5800/18922 | KD Loss: 4.7211 | Base Loss: 0.7394
Epoch 61/100 | Batch 6000/18922 | KD Loss: 4.7209 | Base Loss: 0.7429
Epoch 61/100 | Batch 6200/18922 | KD Loss: 4.6226 | Base Loss: 0.6150
Epoch 61/100 | Batch 6400/18922 | KD Loss: 4.8030 | Base Loss: 0.8948
Epoch 61/100 | Batch 6600/18922 | KD Loss: 4.5373 | Base Loss: 0.5284
Epoch 61/100 | Batch 6800/18922 | KD Loss: 4.9930 | Base Loss: 0.8997
Epoch 61/100 | Batch 7000/18922 | KD Loss: 5.0212 | Base Loss: 0.8374
Epoch 61/100 | Batch 7200/18922 | KD Loss: 4.5766 | Base Loss: 0.7704
Epoch 61/100 | Batch 7400/18922 | KD Loss: 4.2439 | Base Loss: 0.6313
Epoch 61/100 | Batch 7600/18922 | KD Loss: 4.6567 | Base Loss: 0.6668
Epoch 61/100 | Batch 7800/18922 | KD Loss: 4.8079 | Base Loss: 0.6795
Epoch 61/100 | Batch 8000/18922 | KD Loss: 4.7547 | Base Loss: 0.7207
Epoch 61/100 | Batch 8200/18922 | KD Loss: 5.1000 | Base Loss: 0.7627
Epoch 61/100 | Batch 8400/18922 | KD Loss: 4.8612 | Base Loss: 0.9220
Epoch 61/100 | Batch 8600/18922 | KD Loss: 4.4744 | Base Loss: 0.6573
Epoch 61/100 | Batch 8800/18922 | KD Loss: 4.8900 | Base Loss: 0.8329
Epoch 61/100 | Batch 9000/18922 | KD Loss: 4.7907 | Base Loss: 0.7054
Epoch 61/100 | Batch 9200/18922 | KD Loss: 4.6998 | Base Loss: 0.7690
Epoch 61/100 | Batch 9400/18922 | KD Loss: 4.7459 | Base Loss: 0.8554
Epoch 61/100 | Batch 9600/18922 | KD Loss: 4.6901 | Base Loss: 0.7292
Epoch 61/100 | Batch 9800/18922 | KD Loss: 5.0943 | Base Loss: 0.8290
Epoch 61/100 | Batch 10000/18922 | KD Loss: 4.7686 | Base Loss: 0.6836
Epoch 61/100 | Batch 10200/18922 | KD Loss: 4.6678 | Base Loss: 0.7754
Epoch 61/100 | Batch 10400/18922 | KD Loss: 4.8434 | Base Loss: 0.7298
Epoch 61/100 | Batch 10600/18922 | KD Loss: 4.7138 | Base Loss: 0.7558
Epoch 61/100 | Batch 10800/18922 | KD Loss: 4.7170 | Base Loss: 0.8458
Epoch 61/100 | Batch 11000/18922 | KD Loss: 4.9737 | Base Loss: 0.8022
Epoch 61/100 | Batch 11200/18922 | KD Loss: 4.6944 | Base Loss: 0.7780
Epoch 61/100 | Batch 11400/18922 | KD Loss: 4.6503 | Base Loss: 0.7936
Epoch 61/100 | Batch 11600/18922 | KD Loss: 5.2714 | Base Loss: 0.9962
Epoch 61/100 | Batch 11800/18922 | KD Loss: 5.3391 | Base Loss: 0.8180
Epoch 61/100 | Batch 12000/18922 | KD Loss: 4.8334 | Base Loss: 0.7194
Epoch 61/100 | Batch 12200/18922 | KD Loss: 4.9077 | Base Loss: 0.7234
Epoch 61/100 | Batch 12400/18922 | KD Loss: 4.7258 | Base Loss: 0.8068
Epoch 61/100 | Batch 12600/18922 | KD Loss: 4.8622 | Base Loss: 0.7775
Epoch 61/100 | Batch 12800/18922 | KD Loss: 4.8214 | Base Loss: 0.7080
Epoch 61/100 | Batch 13000/18922 | KD Loss: 4.9037 | Base Loss: 0.8298
Epoch 61/100 | Batch 13200/18922 | KD Loss: 4.9991 | Base Loss: 0.6406
Epoch 61/100 | Batch 13400/18922 | KD Loss: 4.9378 | Base Loss: 0.7244
Epoch 61/100 | Batch 13600/18922 | KD Loss: 4.8359 | Base Loss: 0.8376
Epoch 61/100 | Batch 13800/18922 | KD Loss: 4.9830 | Base Loss: 0.7897
Epoch 61/100 | Batch 14000/18922 | KD Loss: 4.4529 | Base Loss: 0.6440
Epoch 61/100 | Batch 14200/18922 | KD Loss: 4.6867 | Base Loss: 0.8275
Epoch 61/100 | Batch 14400/18922 | KD Loss: 5.1256 | Base Loss: 0.9552
Epoch 61/100 | Batch 14600/18922 | KD Loss: 4.8844 | Base Loss: 0.7857
Epoch 61/100 | Batch 14800/18922 | KD Loss: 4.7445 | Base Loss: 0.7643
Epoch 61/100 | Batch 15000/18922 | KD Loss: 4.7374 | Base Loss: 0.6538
Epoch 61/100 | Batch 15200/18922 | KD Loss: 4.9490 | Base Loss: 0.8567
Epoch 61/100 | Batch 15400/18922 | KD Loss: 4.6002 | Base Loss: 0.7962
Epoch 61/100 | Batch 15600/18922 | KD Loss: 4.6628 | Base Loss: 0.8110
Epoch 61/100 | Batch 15800/18922 | KD Loss: 4.6812 | Base Loss: 0.8083
Epoch 61/100 | Batch 16000/18922 | KD Loss: 4.6310 | Base Loss: 0.6428
Epoch 61/100 | Batch 16200/18922 | KD Loss: 4.9625 | Base Loss: 0.7014
Epoch 61/100 | Batch 16400/18922 | KD Loss: 5.0185 | Base Loss: 0.9116
Epoch 61/100 | Batch 16600/18922 | KD Loss: 4.6816 | Base Loss: 0.6974
Epoch 61/100 | Batch 16800/18922 | KD Loss: 4.5474 | Base Loss: 0.7297
Epoch 61/100 | Batch 17000/18922 | KD Loss: 4.8072 | Base Loss: 0.9297
Epoch 61/100 | Batch 17200/18922 | KD Loss: 4.7977 | Base Loss: 0.9151
Epoch 61/100 | Batch 17400/18922 | KD Loss: 5.0287 | Base Loss: 0.7909
Epoch 61/100 | Batch 17600/18922 | KD Loss: 4.4444 | Base Loss: 0.6492
Epoch 61/100 | Batch 17800/18922 | KD Loss: 4.5069 | Base Loss: 0.7846
Epoch 61/100 | Batch 18000/18922 | KD Loss: 4.8803 | Base Loss: 0.8146
Epoch 61/100 | Batch 18200/18922 | KD Loss: 4.5221 | Base Loss: 0.7214
Epoch 61/100 | Batch 18400/18922 | KD Loss: 4.6047 | Base Loss: 0.6701
Epoch 61/100 | Batch 18600/18922 | KD Loss: 4.7024 | Base Loss: 0.8911
Epoch 61/100 | Batch 18800/18922 | KD Loss: 4.9565 | Base Loss: 0.9122
====> Epoch 61 Average KD Loss: 4.8180 | LR: 0.000200
Epoch 62/100 | Batch 0/18922 | KD Loss: 5.0807 | Base Loss: 0.8029
Epoch 62/100 | Batch 200/18922 | KD Loss: 5.0046 | Base Loss: 0.8516
Epoch 62/100 | Batch 400/18922 | KD Loss: 4.8417 | Base Loss: 0.7432
Epoch 62/100 | Batch 600/18922 | KD Loss: 5.0150 | Base Loss: 0.9190
Epoch 62/100 | Batch 800/18922 | KD Loss: 5.2202 | Base Loss: 0.9814
Epoch 62/100 | Batch 1000/18922 | KD Loss: 4.8240 | Base Loss: 0.8515
Epoch 62/100 | Batch 1200/18922 | KD Loss: 4.7823 | Base Loss: 0.6820
Epoch 62/100 | Batch 1400/18922 | KD Loss: 4.9948 | Base Loss: 0.7771
Epoch 62/100 | Batch 1600/18922 | KD Loss: 4.5695 | Base Loss: 0.5654
Epoch 62/100 | Batch 1800/18922 | KD Loss: 4.7115 | Base Loss: 0.8936
Epoch 62/100 | Batch 2000/18922 | KD Loss: 4.6688 | Base Loss: 0.7224
Epoch 62/100 | Batch 2200/18922 | KD Loss: 4.8427 | Base Loss: 0.8905
Epoch 62/100 | Batch 2400/18922 | KD Loss: 4.9253 | Base Loss: 0.8140
Epoch 62/100 | Batch 2600/18922 | KD Loss: 4.5256 | Base Loss: 0.7512
Epoch 62/100 | Batch 2800/18922 | KD Loss: 4.8756 | Base Loss: 0.6227
Epoch 62/100 | Batch 3000/18922 | KD Loss: 4.5995 | Base Loss: 0.6719
Epoch 62/100 | Batch 3200/18922 | KD Loss: 5.0871 | Base Loss: 0.8391
Epoch 62/100 | Batch 3400/18922 | KD Loss: 5.2208 | Base Loss: 0.9022
Epoch 62/100 | Batch 3600/18922 | KD Loss: 5.0052 | Base Loss: 0.8740
Epoch 62/100 | Batch 3800/18922 | KD Loss: 5.0385 | Base Loss: 0.8478
Epoch 62/100 | Batch 4000/18922 | KD Loss: 4.9975 | Base Loss: 1.0356
Epoch 62/100 | Batch 4200/18922 | KD Loss: 4.7819 | Base Loss: 0.7329
Epoch 62/100 | Batch 4400/18922 | KD Loss: 4.9370 | Base Loss: 0.7256
Epoch 62/100 | Batch 4600/18922 | KD Loss: 4.7698 | Base Loss: 0.8082
Epoch 62/100 | Batch 4800/18922 | KD Loss: 4.6088 | Base Loss: 0.8753
Epoch 62/100 | Batch 5000/18922 | KD Loss: 4.9341 | Base Loss: 0.7997
Epoch 62/100 | Batch 5200/18922 | KD Loss: 4.9969 | Base Loss: 0.8210
Epoch 62/100 | Batch 5400/18922 | KD Loss: 4.7847 | Base Loss: 0.7904
Epoch 62/100 | Batch 5600/18922 | KD Loss: 4.8477 | Base Loss: 0.7970
Epoch 62/100 | Batch 5800/18922 | KD Loss: 4.7048 | Base Loss: 0.7379
Epoch 62/100 | Batch 6000/18922 | KD Loss: 4.3042 | Base Loss: 0.5426
Epoch 62/100 | Batch 6200/18922 | KD Loss: 4.7400 | Base Loss: 0.8453
Epoch 62/100 | Batch 6400/18922 | KD Loss: 4.7639 | Base Loss: 0.8657
Epoch 62/100 | Batch 6600/18922 | KD Loss: 4.7209 | Base Loss: 0.7657
Epoch 62/100 | Batch 6800/18922 | KD Loss: 5.0012 | Base Loss: 0.9248
Epoch 62/100 | Batch 7000/18922 | KD Loss: 4.9947 | Base Loss: 0.8536
Epoch 62/100 | Batch 7200/18922 | KD Loss: 4.7968 | Base Loss: 0.8067
Epoch 62/100 | Batch 7400/18922 | KD Loss: 4.5986 | Base Loss: 0.7285
Epoch 62/100 | Batch 7600/18922 | KD Loss: 4.5640 | Base Loss: 0.7031
Epoch 62/100 | Batch 7800/18922 | KD Loss: 4.9050 | Base Loss: 1.0768
Epoch 62/100 | Batch 8000/18922 | KD Loss: 4.5560 | Base Loss: 0.6573
Epoch 62/100 | Batch 8200/18922 | KD Loss: 4.2383 | Base Loss: 0.6161
Epoch 62/100 | Batch 8400/18922 | KD Loss: 4.8784 | Base Loss: 0.7080
Epoch 62/100 | Batch 8600/18922 | KD Loss: 4.6352 | Base Loss: 0.6658
Epoch 62/100 | Batch 8800/18922 | KD Loss: 5.0084 | Base Loss: 0.8202
Epoch 62/100 | Batch 9000/18922 | KD Loss: 4.7743 | Base Loss: 0.8190
Epoch 62/100 | Batch 9200/18922 | KD Loss: 4.5597 | Base Loss: 0.7171
Epoch 62/100 | Batch 9400/18922 | KD Loss: 5.0138 | Base Loss: 0.9488
Epoch 62/100 | Batch 9600/18922 | KD Loss: 4.7956 | Base Loss: 0.6590
Epoch 62/100 | Batch 9800/18922 | KD Loss: 4.5279 | Base Loss: 0.8423
Epoch 62/100 | Batch 10000/18922 | KD Loss: 4.6823 | Base Loss: 0.8212
Epoch 62/100 | Batch 10200/18922 | KD Loss: 5.0135 | Base Loss: 0.8667
Epoch 62/100 | Batch 10400/18922 | KD Loss: 4.9435 | Base Loss: 0.8183
Epoch 62/100 | Batch 10600/18922 | KD Loss: 4.7872 | Base Loss: 0.7454
Epoch 62/100 | Batch 10800/18922 | KD Loss: 4.5941 | Base Loss: 0.7612
Epoch 62/100 | Batch 11000/18922 | KD Loss: 4.8557 | Base Loss: 0.7372
Epoch 62/100 | Batch 11200/18922 | KD Loss: 5.0293 | Base Loss: 0.5798
Epoch 62/100 | Batch 11400/18922 | KD Loss: 4.8431 | Base Loss: 0.7791
Epoch 62/100 | Batch 11600/18922 | KD Loss: 4.8355 | Base Loss: 0.7207
Epoch 62/100 | Batch 11800/18922 | KD Loss: 5.1642 | Base Loss: 0.8468
Epoch 62/100 | Batch 12000/18922 | KD Loss: 4.9972 | Base Loss: 0.8930
Epoch 62/100 | Batch 12200/18922 | KD Loss: 4.9830 | Base Loss: 0.9991
Epoch 62/100 | Batch 12400/18922 | KD Loss: 4.7881 | Base Loss: 0.7136
Epoch 62/100 | Batch 12600/18922 | KD Loss: 4.7988 | Base Loss: 0.8203
Epoch 62/100 | Batch 12800/18922 | KD Loss: 4.4691 | Base Loss: 0.6324
Epoch 62/100 | Batch 13000/18922 | KD Loss: 5.2069 | Base Loss: 0.7930
Epoch 62/100 | Batch 13200/18922 | KD Loss: 5.0251 | Base Loss: 0.8307
Epoch 62/100 | Batch 13400/18922 | KD Loss: 4.9046 | Base Loss: 0.8078
Epoch 62/100 | Batch 13600/18922 | KD Loss: 4.9929 | Base Loss: 0.7359
Epoch 62/100 | Batch 13800/18922 | KD Loss: 4.8315 | Base Loss: 0.6336
Epoch 62/100 | Batch 14000/18922 | KD Loss: 4.7300 | Base Loss: 0.9252
Epoch 62/100 | Batch 14200/18922 | KD Loss: 4.9374 | Base Loss: 0.8471
Epoch 62/100 | Batch 14400/18922 | KD Loss: 4.5355 | Base Loss: 0.7137
Epoch 62/100 | Batch 14600/18922 | KD Loss: 4.8060 | Base Loss: 0.8617
Epoch 62/100 | Batch 14800/18922 | KD Loss: 4.4141 | Base Loss: 0.6232
Epoch 62/100 | Batch 15000/18922 | KD Loss: 4.7802 | Base Loss: 0.8826
Epoch 62/100 | Batch 15200/18922 | KD Loss: 4.9661 | Base Loss: 0.7546
Epoch 62/100 | Batch 15400/18922 | KD Loss: 4.8134 | Base Loss: 0.7271
Epoch 62/100 | Batch 15600/18922 | KD Loss: 5.2732 | Base Loss: 0.9945
Epoch 62/100 | Batch 15800/18922 | KD Loss: 4.5647 | Base Loss: 0.6631
Epoch 62/100 | Batch 16000/18922 | KD Loss: 4.7260 | Base Loss: 0.8664
Epoch 62/100 | Batch 16200/18922 | KD Loss: 4.6986 | Base Loss: 0.6781
Epoch 62/100 | Batch 16400/18922 | KD Loss: 4.6026 | Base Loss: 0.7723
Epoch 62/100 | Batch 16600/18922 | KD Loss: 4.8492 | Base Loss: 0.7339
Epoch 62/100 | Batch 16800/18922 | KD Loss: 5.1153 | Base Loss: 0.8675
Epoch 62/100 | Batch 17000/18922 | KD Loss: 4.8013 | Base Loss: 0.9256
Epoch 62/100 | Batch 17200/18922 | KD Loss: 4.7753 | Base Loss: 0.8965
Epoch 62/100 | Batch 17400/18922 | KD Loss: 4.6844 | Base Loss: 0.6919
Epoch 62/100 | Batch 17600/18922 | KD Loss: 4.7261 | Base Loss: 0.6608
Epoch 62/100 | Batch 17800/18922 | KD Loss: 5.0134 | Base Loss: 0.7569
Epoch 62/100 | Batch 18000/18922 | KD Loss: 4.6690 | Base Loss: 0.8667
Epoch 62/100 | Batch 18200/18922 | KD Loss: 4.8702 | Base Loss: 0.9276
Epoch 62/100 | Batch 18400/18922 | KD Loss: 4.7989 | Base Loss: 0.7927
Epoch 62/100 | Batch 18600/18922 | KD Loss: 4.6716 | Base Loss: 0.6681
Epoch 62/100 | Batch 18800/18922 | KD Loss: 4.9101 | Base Loss: 0.6974
====> Epoch 62 Average KD Loss: 4.8184 | LR: 0.000200
Epoch 63/100 | Batch 0/18922 | KD Loss: 4.7012 | Base Loss: 0.9281
Epoch 63/100 | Batch 200/18922 | KD Loss: 4.7414 | Base Loss: 0.6583
Epoch 63/100 | Batch 400/18922 | KD Loss: 4.7805 | Base Loss: 0.7446
Epoch 63/100 | Batch 600/18922 | KD Loss: 4.8825 | Base Loss: 0.8627
Epoch 63/100 | Batch 800/18922 | KD Loss: 4.8448 | Base Loss: 1.0076
Epoch 63/100 | Batch 1000/18922 | KD Loss: 4.7036 | Base Loss: 0.6160
Epoch 63/100 | Batch 1200/18922 | KD Loss: 4.6254 | Base Loss: 0.6910
Epoch 63/100 | Batch 1400/18922 | KD Loss: 4.8893 | Base Loss: 0.7634
Epoch 63/100 | Batch 1600/18922 | KD Loss: 4.9959 | Base Loss: 0.8274
Epoch 63/100 | Batch 1800/18922 | KD Loss: 4.8603 | Base Loss: 0.6270
Epoch 63/100 | Batch 2000/18922 | KD Loss: 4.8017 | Base Loss: 0.8724
Epoch 63/100 | Batch 2200/18922 | KD Loss: 5.0465 | Base Loss: 0.8243
Epoch 63/100 | Batch 2400/18922 | KD Loss: 4.9433 | Base Loss: 0.8108
Epoch 63/100 | Batch 2600/18922 | KD Loss: 4.4264 | Base Loss: 0.7020
Epoch 63/100 | Batch 2800/18922 | KD Loss: 4.5899 | Base Loss: 0.7248
Epoch 63/100 | Batch 3000/18922 | KD Loss: 4.9373 | Base Loss: 0.7522
Epoch 63/100 | Batch 3200/18922 | KD Loss: 4.8166 | Base Loss: 0.7753
Epoch 63/100 | Batch 3400/18922 | KD Loss: 4.7416 | Base Loss: 0.8340
Epoch 63/100 | Batch 3600/18922 | KD Loss: 4.7875 | Base Loss: 0.9027
Epoch 63/100 | Batch 3800/18922 | KD Loss: 4.8806 | Base Loss: 0.8368
Epoch 63/100 | Batch 4000/18922 | KD Loss: 4.4662 | Base Loss: 0.7778
Epoch 63/100 | Batch 4200/18922 | KD Loss: 4.8486 | Base Loss: 0.7247
Epoch 63/100 | Batch 4400/18922 | KD Loss: 4.7896 | Base Loss: 0.7574
Epoch 63/100 | Batch 4600/18922 | KD Loss: 4.4805 | Base Loss: 0.7308
Epoch 63/100 | Batch 4800/18922 | KD Loss: 4.8185 | Base Loss: 0.6479
Epoch 63/100 | Batch 5000/18922 | KD Loss: 4.9992 | Base Loss: 0.8807
Epoch 63/100 | Batch 5200/18922 | KD Loss: 4.9899 | Base Loss: 0.8947
Epoch 63/100 | Batch 5400/18922 | KD Loss: 4.7337 | Base Loss: 0.7660
Epoch 63/100 | Batch 5600/18922 | KD Loss: 4.6343 | Base Loss: 0.7319
Epoch 63/100 | Batch 5800/18922 | KD Loss: 4.8375 | Base Loss: 0.9300
Epoch 63/100 | Batch 6000/18922 | KD Loss: 5.0321 | Base Loss: 0.8070
Epoch 63/100 | Batch 6200/18922 | KD Loss: 4.3350 | Base Loss: 0.6613
Epoch 63/100 | Batch 6400/18922 | KD Loss: 4.7948 | Base Loss: 0.7618
Epoch 63/100 | Batch 6600/18922 | KD Loss: 4.8574 | Base Loss: 0.8589
Epoch 63/100 | Batch 6800/18922 | KD Loss: 4.5929 | Base Loss: 0.8062
Epoch 63/100 | Batch 7000/18922 | KD Loss: 4.5242 | Base Loss: 0.8462
Epoch 63/100 | Batch 7200/18922 | KD Loss: 4.4597 | Base Loss: 0.6426
Epoch 63/100 | Batch 7400/18922 | KD Loss: 4.8797 | Base Loss: 0.8836
Epoch 63/100 | Batch 7600/18922 | KD Loss: 5.0340 | Base Loss: 0.7063
Epoch 63/100 | Batch 7800/18922 | KD Loss: 5.0478 | Base Loss: 0.9020
Epoch 63/100 | Batch 8000/18922 | KD Loss: 4.6746 | Base Loss: 0.8751
Epoch 63/100 | Batch 8200/18922 | KD Loss: 4.4468 | Base Loss: 0.7176
Epoch 63/100 | Batch 8400/18922 | KD Loss: 4.6833 | Base Loss: 0.9484
Epoch 63/100 | Batch 8600/18922 | KD Loss: 4.6917 | Base Loss: 0.7218
Epoch 63/100 | Batch 8800/18922 | KD Loss: 4.8359 | Base Loss: 0.8319
Epoch 63/100 | Batch 9000/18922 | KD Loss: 4.9770 | Base Loss: 0.8192
Epoch 63/100 | Batch 9200/18922 | KD Loss: 5.2836 | Base Loss: 0.9621
Epoch 63/100 | Batch 9400/18922 | KD Loss: 4.9488 | Base Loss: 0.7892
Epoch 63/100 | Batch 9600/18922 | KD Loss: 4.7981 | Base Loss: 0.8353
Epoch 63/100 | Batch 9800/18922 | KD Loss: 4.8863 | Base Loss: 0.8231
Epoch 63/100 | Batch 10000/18922 | KD Loss: 4.6477 | Base Loss: 0.8354
Epoch 63/100 | Batch 10200/18922 | KD Loss: 4.6036 | Base Loss: 0.6645
Epoch 63/100 | Batch 10400/18922 | KD Loss: 4.8820 | Base Loss: 0.9067
Epoch 63/100 | Batch 10600/18922 | KD Loss: 4.9012 | Base Loss: 0.6798
Epoch 63/100 | Batch 10800/18922 | KD Loss: 4.5771 | Base Loss: 0.7354
Epoch 63/100 | Batch 11000/18922 | KD Loss: 4.6388 | Base Loss: 0.6971
Epoch 63/100 | Batch 11200/18922 | KD Loss: 4.9117 | Base Loss: 0.6996
Epoch 63/100 | Batch 11400/18922 | KD Loss: 4.6836 | Base Loss: 0.6705
Epoch 63/100 | Batch 11600/18922 | KD Loss: 4.6539 | Base Loss: 0.7793
Epoch 63/100 | Batch 11800/18922 | KD Loss: 5.0287 | Base Loss: 0.7787
Epoch 63/100 | Batch 12000/18922 | KD Loss: 4.8340 | Base Loss: 0.9450
Epoch 63/100 | Batch 12200/18922 | KD Loss: 4.6836 | Base Loss: 0.7400
Epoch 63/100 | Batch 12400/18922 | KD Loss: 4.7604 | Base Loss: 0.7789
Epoch 63/100 | Batch 12600/18922 | KD Loss: 4.9713 | Base Loss: 0.7362
Epoch 63/100 | Batch 12800/18922 | KD Loss: 4.7742 | Base Loss: 0.8834
Epoch 63/100 | Batch 13000/18922 | KD Loss: 5.1967 | Base Loss: 0.8624
Epoch 63/100 | Batch 13200/18922 | KD Loss: 4.5276 | Base Loss: 0.7018
Epoch 63/100 | Batch 13400/18922 | KD Loss: 4.9344 | Base Loss: 0.6569
Epoch 63/100 | Batch 13600/18922 | KD Loss: 4.5943 | Base Loss: 0.7792
Epoch 63/100 | Batch 13800/18922 | KD Loss: 4.6006 | Base Loss: 0.7290
Epoch 63/100 | Batch 14000/18922 | KD Loss: 4.9836 | Base Loss: 0.9035
Epoch 63/100 | Batch 14200/18922 | KD Loss: 4.9440 | Base Loss: 0.8019
Epoch 63/100 | Batch 14400/18922 | KD Loss: 4.7705 | Base Loss: 0.8010
Epoch 63/100 | Batch 14600/18922 | KD Loss: 5.0390 | Base Loss: 0.7922
Epoch 63/100 | Batch 14800/18922 | KD Loss: 4.7948 | Base Loss: 0.9198
Epoch 63/100 | Batch 15000/18922 | KD Loss: 4.8372 | Base Loss: 0.7759
Epoch 63/100 | Batch 15200/18922 | KD Loss: 4.6498 | Base Loss: 0.7479
Epoch 63/100 | Batch 15400/18922 | KD Loss: 4.7328 | Base Loss: 0.7861
Epoch 63/100 | Batch 15600/18922 | KD Loss: 5.0787 | Base Loss: 0.9273
Epoch 63/100 | Batch 15800/18922 | KD Loss: 4.8445 | Base Loss: 0.7508
Epoch 63/100 | Batch 16000/18922 | KD Loss: 4.7700 | Base Loss: 0.6874
Epoch 63/100 | Batch 16200/18922 | KD Loss: 4.9319 | Base Loss: 0.7531
Epoch 63/100 | Batch 16400/18922 | KD Loss: 5.1331 | Base Loss: 0.8244
Epoch 63/100 | Batch 16600/18922 | KD Loss: 4.6712 | Base Loss: 0.6669
Epoch 63/100 | Batch 16800/18922 | KD Loss: 5.5005 | Base Loss: 0.9072
Epoch 63/100 | Batch 17000/18922 | KD Loss: 5.2065 | Base Loss: 1.0113
Epoch 63/100 | Batch 17200/18922 | KD Loss: 4.9861 | Base Loss: 0.8934
Epoch 63/100 | Batch 17400/18922 | KD Loss: 5.2010 | Base Loss: 0.9487
Epoch 63/100 | Batch 17600/18922 | KD Loss: 4.8040 | Base Loss: 0.7361
Epoch 63/100 | Batch 17800/18922 | KD Loss: 4.5854 | Base Loss: 0.6962
Epoch 63/100 | Batch 18000/18922 | KD Loss: 4.9012 | Base Loss: 1.0649
Epoch 63/100 | Batch 18200/18922 | KD Loss: 4.8436 | Base Loss: 0.8114
Epoch 63/100 | Batch 18400/18922 | KD Loss: 5.0882 | Base Loss: 0.8927
Epoch 63/100 | Batch 18600/18922 | KD Loss: 4.6477 | Base Loss: 0.8125
Epoch 63/100 | Batch 18800/18922 | KD Loss: 4.6257 | Base Loss: 0.7238
====> Epoch 63 Average KD Loss: 4.8183 | LR: 0.000200
Epoch 64/100 | Batch 0/18922 | KD Loss: 5.2194 | Base Loss: 0.8961
Epoch 64/100 | Batch 200/18922 | KD Loss: 4.6964 | Base Loss: 0.6499
Epoch 64/100 | Batch 400/18922 | KD Loss: 5.0968 | Base Loss: 0.9523
Epoch 64/100 | Batch 600/18922 | KD Loss: 4.7146 | Base Loss: 0.8260
Epoch 64/100 | Batch 800/18922 | KD Loss: 4.4083 | Base Loss: 0.6953
Epoch 64/100 | Batch 1000/18922 | KD Loss: 4.8090 | Base Loss: 0.5792
Epoch 64/100 | Batch 1200/18922 | KD Loss: 4.9722 | Base Loss: 0.6924
Epoch 64/100 | Batch 1400/18922 | KD Loss: 4.5744 | Base Loss: 0.7932
Epoch 64/100 | Batch 1600/18922 | KD Loss: 4.8944 | Base Loss: 0.8409
Epoch 64/100 | Batch 1800/18922 | KD Loss: 5.0752 | Base Loss: 1.0049
Epoch 64/100 | Batch 2000/18922 | KD Loss: 4.7737 | Base Loss: 0.8850
Epoch 64/100 | Batch 2200/18922 | KD Loss: 5.1527 | Base Loss: 0.8484
Epoch 64/100 | Batch 2400/18922 | KD Loss: 4.9405 | Base Loss: 0.6515
Epoch 64/100 | Batch 2600/18922 | KD Loss: 5.2514 | Base Loss: 0.7296
Epoch 64/100 | Batch 2800/18922 | KD Loss: 4.7226 | Base Loss: 0.8227
Epoch 64/100 | Batch 3000/18922 | KD Loss: 4.9490 | Base Loss: 0.8485
Epoch 64/100 | Batch 3200/18922 | KD Loss: 4.8459 | Base Loss: 0.7819
Epoch 64/100 | Batch 3400/18922 | KD Loss: 4.9773 | Base Loss: 0.8472
Epoch 64/100 | Batch 3600/18922 | KD Loss: 4.9090 | Base Loss: 0.9585
Epoch 64/100 | Batch 3800/18922 | KD Loss: 4.7004 | Base Loss: 0.7764
Epoch 64/100 | Batch 4000/18922 | KD Loss: 4.8725 | Base Loss: 0.8973
Epoch 64/100 | Batch 4200/18922 | KD Loss: 5.0410 | Base Loss: 0.7990
Epoch 64/100 | Batch 4400/18922 | KD Loss: 4.7784 | Base Loss: 0.6991
Epoch 64/100 | Batch 4600/18922 | KD Loss: 4.9629 | Base Loss: 0.8245
Epoch 64/100 | Batch 4800/18922 | KD Loss: 4.5576 | Base Loss: 0.8258
Epoch 64/100 | Batch 5000/18922 | KD Loss: 5.0022 | Base Loss: 0.7760
Epoch 64/100 | Batch 5200/18922 | KD Loss: 4.7617 | Base Loss: 0.9358
Epoch 64/100 | Batch 5400/18922 | KD Loss: 5.1211 | Base Loss: 0.7622
Epoch 64/100 | Batch 5600/18922 | KD Loss: 4.9543 | Base Loss: 0.8132
Epoch 64/100 | Batch 5800/18922 | KD Loss: 4.8511 | Base Loss: 0.7575
Epoch 64/100 | Batch 6000/18922 | KD Loss: 4.7728 | Base Loss: 0.8169
Epoch 64/100 | Batch 6200/18922 | KD Loss: 4.3833 | Base Loss: 0.7181
Epoch 64/100 | Batch 6400/18922 | KD Loss: 4.6855 | Base Loss: 0.7533
Epoch 64/100 | Batch 6600/18922 | KD Loss: 4.6702 | Base Loss: 0.7124
Epoch 64/100 | Batch 6800/18922 | KD Loss: 4.8332 | Base Loss: 0.7920
Epoch 64/100 | Batch 7000/18922 | KD Loss: 5.0105 | Base Loss: 0.8811
Epoch 64/100 | Batch 7200/18922 | KD Loss: 4.5533 | Base Loss: 0.7795
Epoch 64/100 | Batch 7400/18922 | KD Loss: 5.1737 | Base Loss: 0.7203
Epoch 64/100 | Batch 7600/18922 | KD Loss: 4.7290 | Base Loss: 0.7979
Epoch 64/100 | Batch 7800/18922 | KD Loss: 4.9642 | Base Loss: 0.7894
Epoch 64/100 | Batch 8000/18922 | KD Loss: 5.0064 | Base Loss: 0.8751
Epoch 64/100 | Batch 8200/18922 | KD Loss: 4.8497 | Base Loss: 0.9895
Epoch 64/100 | Batch 8400/18922 | KD Loss: 5.0450 | Base Loss: 0.7531
Epoch 64/100 | Batch 8600/18922 | KD Loss: 4.8650 | Base Loss: 0.8157
Epoch 64/100 | Batch 8800/18922 | KD Loss: 4.7774 | Base Loss: 0.6581
Epoch 64/100 | Batch 9000/18922 | KD Loss: 4.9397 | Base Loss: 0.8972
Epoch 64/100 | Batch 9200/18922 | KD Loss: 5.1134 | Base Loss: 0.8167
Epoch 64/100 | Batch 9400/18922 | KD Loss: 4.6715 | Base Loss: 0.6924
Epoch 64/100 | Batch 9600/18922 | KD Loss: 5.1401 | Base Loss: 0.8496
Epoch 64/100 | Batch 9800/18922 | KD Loss: 4.9110 | Base Loss: 0.6863
Epoch 64/100 | Batch 10000/18922 | KD Loss: 5.2810 | Base Loss: 0.9204
Epoch 64/100 | Batch 10200/18922 | KD Loss: 4.9292 | Base Loss: 0.8746
Epoch 64/100 | Batch 10400/18922 | KD Loss: 4.6522 | Base Loss: 0.6431
Epoch 64/100 | Batch 10600/18922 | KD Loss: 4.7006 | Base Loss: 0.6727
Epoch 64/100 | Batch 10800/18922 | KD Loss: 4.8085 | Base Loss: 0.8610
Epoch 64/100 | Batch 11000/18922 | KD Loss: 5.1243 | Base Loss: 0.7571
Epoch 64/100 | Batch 11200/18922 | KD Loss: 4.6598 | Base Loss: 0.8679
Epoch 64/100 | Batch 11400/18922 | KD Loss: 4.8060 | Base Loss: 0.6740
Epoch 64/100 | Batch 11600/18922 | KD Loss: 4.6629 | Base Loss: 0.8181
Epoch 64/100 | Batch 11800/18922 | KD Loss: 4.9306 | Base Loss: 0.6906
Epoch 64/100 | Batch 12000/18922 | KD Loss: 5.0629 | Base Loss: 0.8593
Epoch 64/100 | Batch 12200/18922 | KD Loss: 5.2217 | Base Loss: 0.9401
Epoch 64/100 | Batch 12400/18922 | KD Loss: 4.3669 | Base Loss: 0.7388
Epoch 64/100 | Batch 12600/18922 | KD Loss: 4.5877 | Base Loss: 0.7641
Epoch 64/100 | Batch 12800/18922 | KD Loss: 5.0403 | Base Loss: 0.7495
Epoch 64/100 | Batch 13000/18922 | KD Loss: 4.8787 | Base Loss: 0.8276
Epoch 64/100 | Batch 13200/18922 | KD Loss: 4.8195 | Base Loss: 0.8421
Epoch 64/100 | Batch 13400/18922 | KD Loss: 4.8227 | Base Loss: 0.8932
Epoch 64/100 | Batch 13600/18922 | KD Loss: 4.5783 | Base Loss: 0.7973
Epoch 64/100 | Batch 13800/18922 | KD Loss: 4.2926 | Base Loss: 0.6310
Epoch 64/100 | Batch 14000/18922 | KD Loss: 4.9650 | Base Loss: 0.6937
Epoch 64/100 | Batch 14200/18922 | KD Loss: 4.7042 | Base Loss: 0.6278
Epoch 64/100 | Batch 14400/18922 | KD Loss: 4.6626 | Base Loss: 0.7552
Epoch 64/100 | Batch 14600/18922 | KD Loss: 4.8013 | Base Loss: 0.7338
Epoch 64/100 | Batch 14800/18922 | KD Loss: 4.5676 | Base Loss: 0.6474
Epoch 64/100 | Batch 15000/18922 | KD Loss: 4.5284 | Base Loss: 0.6235
Epoch 64/100 | Batch 15200/18922 | KD Loss: 4.9160 | Base Loss: 0.8585
Epoch 64/100 | Batch 15400/18922 | KD Loss: 5.1327 | Base Loss: 1.0053
Epoch 64/100 | Batch 15600/18922 | KD Loss: 4.8817 | Base Loss: 0.8155
Epoch 64/100 | Batch 15800/18922 | KD Loss: 4.9982 | Base Loss: 0.9424
Epoch 64/100 | Batch 16000/18922 | KD Loss: 4.7486 | Base Loss: 0.7808
Epoch 64/100 | Batch 16200/18922 | KD Loss: 5.1984 | Base Loss: 0.8381
Epoch 64/100 | Batch 16400/18922 | KD Loss: 4.7808 | Base Loss: 0.7254
Epoch 64/100 | Batch 16600/18922 | KD Loss: 4.4108 | Base Loss: 0.6735
Epoch 64/100 | Batch 16800/18922 | KD Loss: 4.8045 | Base Loss: 0.7382
Epoch 64/100 | Batch 17000/18922 | KD Loss: 4.7245 | Base Loss: 0.7990
Epoch 64/100 | Batch 17200/18922 | KD Loss: 5.3470 | Base Loss: 0.8445
Epoch 64/100 | Batch 17400/18922 | KD Loss: 4.8039 | Base Loss: 0.6742
Epoch 64/100 | Batch 17600/18922 | KD Loss: 4.8130 | Base Loss: 0.7856
Epoch 64/100 | Batch 17800/18922 | KD Loss: 4.5334 | Base Loss: 0.6367
Epoch 64/100 | Batch 18000/18922 | KD Loss: 4.8293 | Base Loss: 0.6388
Epoch 64/100 | Batch 18200/18922 | KD Loss: 4.9205 | Base Loss: 0.7627
Epoch 64/100 | Batch 18400/18922 | KD Loss: 4.5952 | Base Loss: 0.6536
Epoch 64/100 | Batch 18600/18922 | KD Loss: 4.8439 | Base Loss: 0.7543
Epoch 64/100 | Batch 18800/18922 | KD Loss: 4.9953 | Base Loss: 0.6773
====> Epoch 64 Average KD Loss: 4.8147 | LR: 0.000200
Epoch 65/100 | Batch 0/18922 | KD Loss: 5.1803 | Base Loss: 0.7485
Epoch 65/100 | Batch 200/18922 | KD Loss: 5.0834 | Base Loss: 0.8590
Epoch 65/100 | Batch 400/18922 | KD Loss: 4.6176 | Base Loss: 0.9026
Epoch 65/100 | Batch 600/18922 | KD Loss: 4.8874 | Base Loss: 0.7718
Epoch 65/100 | Batch 800/18922 | KD Loss: 5.2313 | Base Loss: 0.9415
Epoch 65/100 | Batch 1000/18922 | KD Loss: 5.0737 | Base Loss: 0.7939
Epoch 65/100 | Batch 1200/18922 | KD Loss: 4.7446 | Base Loss: 0.7597
Epoch 65/100 | Batch 1400/18922 | KD Loss: 5.0563 | Base Loss: 0.8431
Epoch 65/100 | Batch 1600/18922 | KD Loss: 4.9781 | Base Loss: 0.8692
Epoch 65/100 | Batch 1800/18922 | KD Loss: 4.5548 | Base Loss: 0.7401
Epoch 65/100 | Batch 2000/18922 | KD Loss: 4.5556 | Base Loss: 0.6593
Epoch 65/100 | Batch 2200/18922 | KD Loss: 4.8353 | Base Loss: 1.0908
Epoch 65/100 | Batch 2400/18922 | KD Loss: 4.8463 | Base Loss: 0.7817
Epoch 65/100 | Batch 2600/18922 | KD Loss: 4.6409 | Base Loss: 0.8500
Epoch 65/100 | Batch 2800/18922 | KD Loss: 4.7552 | Base Loss: 0.8550
Epoch 65/100 | Batch 3000/18922 | KD Loss: 4.9948 | Base Loss: 0.7728
Epoch 65/100 | Batch 3200/18922 | KD Loss: 4.8740 | Base Loss: 0.9063
Epoch 65/100 | Batch 3400/18922 | KD Loss: 4.6896 | Base Loss: 0.8797
Epoch 65/100 | Batch 3600/18922 | KD Loss: 4.7720 | Base Loss: 0.6724
Epoch 65/100 | Batch 3800/18922 | KD Loss: 4.8378 | Base Loss: 0.9469
Epoch 65/100 | Batch 4000/18922 | KD Loss: 4.4380 | Base Loss: 0.6014
Epoch 65/100 | Batch 4200/18922 | KD Loss: 4.9383 | Base Loss: 0.8284
Epoch 65/100 | Batch 4400/18922 | KD Loss: 4.7619 | Base Loss: 0.7396
Epoch 65/100 | Batch 4600/18922 | KD Loss: 4.9572 | Base Loss: 0.6893
Epoch 65/100 | Batch 4800/18922 | KD Loss: 4.7473 | Base Loss: 0.6732
Epoch 65/100 | Batch 5000/18922 | KD Loss: 4.7306 | Base Loss: 0.7868
Epoch 65/100 | Batch 5200/18922 | KD Loss: 5.0047 | Base Loss: 0.9589
Epoch 65/100 | Batch 5400/18922 | KD Loss: 4.7692 | Base Loss: 0.7013
Epoch 65/100 | Batch 5600/18922 | KD Loss: 5.1252 | Base Loss: 1.0356
Epoch 65/100 | Batch 5800/18922 | KD Loss: 5.1649 | Base Loss: 0.8200
Epoch 65/100 | Batch 6000/18922 | KD Loss: 4.6046 | Base Loss: 0.8263
Epoch 65/100 | Batch 6200/18922 | KD Loss: 5.1258 | Base Loss: 0.8264
Epoch 65/100 | Batch 6400/18922 | KD Loss: 4.5424 | Base Loss: 0.6382
Epoch 65/100 | Batch 6600/18922 | KD Loss: 5.1167 | Base Loss: 0.8943
Epoch 65/100 | Batch 6800/18922 | KD Loss: 4.9387 | Base Loss: 0.8956
Epoch 65/100 | Batch 7000/18922 | KD Loss: 4.7095 | Base Loss: 0.6900
Epoch 65/100 | Batch 7200/18922 | KD Loss: 4.3347 | Base Loss: 0.6535
Epoch 65/100 | Batch 7400/18922 | KD Loss: 4.9783 | Base Loss: 0.7157
Epoch 65/100 | Batch 7600/18922 | KD Loss: 4.6935 | Base Loss: 0.8203
Epoch 65/100 | Batch 7800/18922 | KD Loss: 5.0225 | Base Loss: 0.8732
Epoch 65/100 | Batch 8000/18922 | KD Loss: 4.7066 | Base Loss: 0.7641
Epoch 65/100 | Batch 8200/18922 | KD Loss: 5.0262 | Base Loss: 0.9220
Epoch 65/100 | Batch 8400/18922 | KD Loss: 4.8050 | Base Loss: 0.9815
Epoch 65/100 | Batch 8600/18922 | KD Loss: 5.3224 | Base Loss: 0.8409
Epoch 65/100 | Batch 8800/18922 | KD Loss: 4.7394 | Base Loss: 0.7155
Epoch 65/100 | Batch 9000/18922 | KD Loss: 4.9719 | Base Loss: 0.7199
Epoch 65/100 | Batch 9200/18922 | KD Loss: 4.8288 | Base Loss: 0.8405
Epoch 65/100 | Batch 9400/18922 | KD Loss: 4.6594 | Base Loss: 0.7558
Epoch 65/100 | Batch 9600/18922 | KD Loss: 4.6109 | Base Loss: 0.7079
Epoch 65/100 | Batch 9800/18922 | KD Loss: 4.8682 | Base Loss: 0.8036
Epoch 65/100 | Batch 10000/18922 | KD Loss: 5.2174 | Base Loss: 0.9399
Epoch 65/100 | Batch 10200/18922 | KD Loss: 4.8195 | Base Loss: 0.7568
Epoch 65/100 | Batch 10400/18922 | KD Loss: 4.9802 | Base Loss: 0.6968
Epoch 65/100 | Batch 10600/18922 | KD Loss: 4.9370 | Base Loss: 0.9367
Epoch 65/100 | Batch 10800/18922 | KD Loss: 4.7876 | Base Loss: 0.7688
Epoch 65/100 | Batch 11000/18922 | KD Loss: 4.8089 | Base Loss: 0.8350
Epoch 65/100 | Batch 11200/18922 | KD Loss: 4.6733 | Base Loss: 0.7807
Epoch 65/100 | Batch 11400/18922 | KD Loss: 4.7783 | Base Loss: 0.6966
Epoch 65/100 | Batch 11600/18922 | KD Loss: 4.5717 | Base Loss: 0.7592
Epoch 65/100 | Batch 11800/18922 | KD Loss: 4.7551 | Base Loss: 0.8842
Epoch 65/100 | Batch 12000/18922 | KD Loss: 4.8037 | Base Loss: 0.7938
Epoch 65/100 | Batch 12200/18922 | KD Loss: 4.4250 | Base Loss: 0.6631
Epoch 65/100 | Batch 12400/18922 | KD Loss: 4.7932 | Base Loss: 0.9585
Epoch 65/100 | Batch 12600/18922 | KD Loss: 4.8073 | Base Loss: 0.7722
Epoch 65/100 | Batch 12800/18922 | KD Loss: 4.7597 | Base Loss: 0.7292
Epoch 65/100 | Batch 13000/18922 | KD Loss: 5.0676 | Base Loss: 1.1394
Epoch 65/100 | Batch 13200/18922 | KD Loss: 4.7507 | Base Loss: 0.6691
Epoch 65/100 | Batch 13400/18922 | KD Loss: 4.9598 | Base Loss: 0.7678
Epoch 65/100 | Batch 13600/18922 | KD Loss: 4.6479 | Base Loss: 0.7820
Epoch 65/100 | Batch 13800/18922 | KD Loss: 4.7668 | Base Loss: 0.8844
Epoch 65/100 | Batch 14000/18922 | KD Loss: 4.5104 | Base Loss: 0.8047
Epoch 65/100 | Batch 14200/18922 | KD Loss: 4.8926 | Base Loss: 0.9228
Epoch 65/100 | Batch 14400/18922 | KD Loss: 5.4492 | Base Loss: 0.9857
Epoch 65/100 | Batch 14600/18922 | KD Loss: 4.6982 | Base Loss: 0.8843
Epoch 65/100 | Batch 14800/18922 | KD Loss: 5.0487 | Base Loss: 0.8203
Epoch 65/100 | Batch 15000/18922 | KD Loss: 4.8591 | Base Loss: 0.7480
Epoch 65/100 | Batch 15200/18922 | KD Loss: 4.4573 | Base Loss: 0.7346
Epoch 65/100 | Batch 15400/18922 | KD Loss: 5.1777 | Base Loss: 0.8758
Epoch 65/100 | Batch 15600/18922 | KD Loss: 5.0796 | Base Loss: 0.9397
Epoch 65/100 | Batch 15800/18922 | KD Loss: 4.6138 | Base Loss: 0.6759
Epoch 65/100 | Batch 16000/18922 | KD Loss: 4.8476 | Base Loss: 0.8829
Epoch 65/100 | Batch 16200/18922 | KD Loss: 4.9956 | Base Loss: 0.9499
Epoch 65/100 | Batch 16400/18922 | KD Loss: 4.8066 | Base Loss: 0.8918
Epoch 65/100 | Batch 16600/18922 | KD Loss: 4.7337 | Base Loss: 0.7592
Epoch 65/100 | Batch 16800/18922 | KD Loss: 5.0091 | Base Loss: 0.8303
Epoch 65/100 | Batch 17000/18922 | KD Loss: 4.6674 | Base Loss: 0.8428
Epoch 65/100 | Batch 17200/18922 | KD Loss: 4.9067 | Base Loss: 0.7475
Epoch 65/100 | Batch 17400/18922 | KD Loss: 4.8330 | Base Loss: 0.7488
Epoch 65/100 | Batch 17600/18922 | KD Loss: 4.9128 | Base Loss: 0.8465
Epoch 65/100 | Batch 17800/18922 | KD Loss: 4.9041 | Base Loss: 0.7933
Epoch 65/100 | Batch 18000/18922 | KD Loss: 4.4607 | Base Loss: 0.8397
Epoch 65/100 | Batch 18200/18922 | KD Loss: 5.0821 | Base Loss: 0.8202
Epoch 65/100 | Batch 18400/18922 | KD Loss: 5.0380 | Base Loss: 0.6887
Epoch 65/100 | Batch 18600/18922 | KD Loss: 4.8727 | Base Loss: 0.6782
Epoch 65/100 | Batch 18800/18922 | KD Loss: 4.9603 | Base Loss: 0.8669
====> Epoch 65 Average KD Loss: 4.8158 | LR: 0.000200
Epoch 66/100 | Batch 0/18922 | KD Loss: 5.0261 | Base Loss: 0.8339
Epoch 66/100 | Batch 200/18922 | KD Loss: 4.5583 | Base Loss: 0.7057
Epoch 66/100 | Batch 400/18922 | KD Loss: 5.1004 | Base Loss: 0.7359
Epoch 66/100 | Batch 600/18922 | KD Loss: 4.5640 | Base Loss: 0.6559
Epoch 66/100 | Batch 800/18922 | KD Loss: 4.6979 | Base Loss: 0.6971
Epoch 66/100 | Batch 1000/18922 | KD Loss: 4.7592 | Base Loss: 0.8276
Epoch 66/100 | Batch 1200/18922 | KD Loss: 4.6306 | Base Loss: 0.6126
Epoch 66/100 | Batch 1400/18922 | KD Loss: 5.1335 | Base Loss: 0.8627
Epoch 66/100 | Batch 1600/18922 | KD Loss: 4.5458 | Base Loss: 0.7178
Epoch 66/100 | Batch 1800/18922 | KD Loss: 4.7736 | Base Loss: 0.8300
Epoch 66/100 | Batch 2000/18922 | KD Loss: 5.1462 | Base Loss: 0.8823
Epoch 66/100 | Batch 2200/18922 | KD Loss: 4.8058 | Base Loss: 0.7542
Epoch 66/100 | Batch 2400/18922 | KD Loss: 5.3596 | Base Loss: 1.1390
Epoch 66/100 | Batch 2600/18922 | KD Loss: 5.0411 | Base Loss: 0.6702
Epoch 66/100 | Batch 2800/18922 | KD Loss: 4.7580 | Base Loss: 0.8213
Epoch 66/100 | Batch 3000/18922 | KD Loss: 4.8606 | Base Loss: 0.8219
Epoch 66/100 | Batch 3200/18922 | KD Loss: 5.0951 | Base Loss: 0.8328
Epoch 66/100 | Batch 3400/18922 | KD Loss: 4.7409 | Base Loss: 0.7111
Epoch 66/100 | Batch 3600/18922 | KD Loss: 4.8587 | Base Loss: 0.9310
Epoch 66/100 | Batch 3800/18922 | KD Loss: 4.9655 | Base Loss: 0.8759
Epoch 66/100 | Batch 4000/18922 | KD Loss: 4.7616 | Base Loss: 0.7544
Epoch 66/100 | Batch 4200/18922 | KD Loss: 4.5243 | Base Loss: 0.7156
Epoch 66/100 | Batch 4400/18922 | KD Loss: 4.5966 | Base Loss: 0.7619
Epoch 66/100 | Batch 4600/18922 | KD Loss: 4.5593 | Base Loss: 0.7247
Epoch 66/100 | Batch 4800/18922 | KD Loss: 4.3300 | Base Loss: 0.7385
Epoch 66/100 | Batch 5000/18922 | KD Loss: 4.4603 | Base Loss: 0.7556
Epoch 66/100 | Batch 5200/18922 | KD Loss: 5.2217 | Base Loss: 0.8216
Epoch 66/100 | Batch 5400/18922 | KD Loss: 5.1757 | Base Loss: 0.9076
Epoch 66/100 | Batch 5600/18922 | KD Loss: 4.6309 | Base Loss: 0.8746
Epoch 66/100 | Batch 5800/18922 | KD Loss: 4.5452 | Base Loss: 0.7251
Epoch 66/100 | Batch 6000/18922 | KD Loss: 4.8200 | Base Loss: 0.8930
Epoch 66/100 | Batch 6200/18922 | KD Loss: 4.6576 | Base Loss: 0.7021
Epoch 66/100 | Batch 6400/18922 | KD Loss: 4.8106 | Base Loss: 0.8585
Epoch 66/100 | Batch 6600/18922 | KD Loss: 4.7524 | Base Loss: 0.7498
Epoch 66/100 | Batch 6800/18922 | KD Loss: 5.0840 | Base Loss: 1.0148
Epoch 66/100 | Batch 7000/18922 | KD Loss: 5.0639 | Base Loss: 0.7118
Epoch 66/100 | Batch 7200/18922 | KD Loss: 4.6778 | Base Loss: 0.9178
Epoch 66/100 | Batch 7400/18922 | KD Loss: 4.6830 | Base Loss: 0.7070
Epoch 66/100 | Batch 7600/18922 | KD Loss: 4.8314 | Base Loss: 0.7298
Epoch 66/100 | Batch 7800/18922 | KD Loss: 4.9415 | Base Loss: 0.7960
Epoch 66/100 | Batch 8000/18922 | KD Loss: 4.5794 | Base Loss: 0.5469
Epoch 66/100 | Batch 8200/18922 | KD Loss: 4.7601 | Base Loss: 0.6998
Epoch 66/100 | Batch 8400/18922 | KD Loss: 4.7423 | Base Loss: 0.7799
Epoch 66/100 | Batch 8600/18922 | KD Loss: 4.7630 | Base Loss: 0.7134
Epoch 66/100 | Batch 8800/18922 | KD Loss: 4.7692 | Base Loss: 0.7448
Epoch 66/100 | Batch 9000/18922 | KD Loss: 5.2568 | Base Loss: 1.0064
Epoch 66/100 | Batch 9200/18922 | KD Loss: 4.6709 | Base Loss: 0.6747
Epoch 66/100 | Batch 9400/18922 | KD Loss: 4.4958 | Base Loss: 0.6345
Epoch 66/100 | Batch 9600/18922 | KD Loss: 4.5979 | Base Loss: 0.8337
Epoch 66/100 | Batch 9800/18922 | KD Loss: 5.0423 | Base Loss: 0.9074
Epoch 66/100 | Batch 10000/18922 | KD Loss: 5.0318 | Base Loss: 0.8180
Epoch 66/100 | Batch 10200/18922 | KD Loss: 4.9472 | Base Loss: 0.7703
Epoch 66/100 | Batch 10400/18922 | KD Loss: 4.8256 | Base Loss: 0.8361
Epoch 66/100 | Batch 10600/18922 | KD Loss: 4.7283 | Base Loss: 0.7750
Epoch 66/100 | Batch 10800/18922 | KD Loss: 5.0749 | Base Loss: 0.7963
Epoch 66/100 | Batch 11000/18922 | KD Loss: 4.8211 | Base Loss: 0.7528
Epoch 66/100 | Batch 11200/18922 | KD Loss: 4.8746 | Base Loss: 0.7981
Epoch 66/100 | Batch 11400/18922 | KD Loss: 4.6483 | Base Loss: 0.8221
Epoch 66/100 | Batch 11600/18922 | KD Loss: 4.8472 | Base Loss: 0.7653
Epoch 66/100 | Batch 11800/18922 | KD Loss: 4.8397 | Base Loss: 0.8435
Epoch 66/100 | Batch 12000/18922 | KD Loss: 4.4388 | Base Loss: 0.6171
Epoch 66/100 | Batch 12200/18922 | KD Loss: 4.6838 | Base Loss: 0.7026
Epoch 66/100 | Batch 12400/18922 | KD Loss: 4.5342 | Base Loss: 0.7058
Epoch 66/100 | Batch 12600/18922 | KD Loss: 4.7085 | Base Loss: 0.8869
Epoch 66/100 | Batch 12800/18922 | KD Loss: 4.5964 | Base Loss: 0.6679
Epoch 66/100 | Batch 13000/18922 | KD Loss: 4.6561 | Base Loss: 0.5751
Epoch 66/100 | Batch 13200/18922 | KD Loss: 4.5281 | Base Loss: 0.6785
Epoch 66/100 | Batch 13400/18922 | KD Loss: 4.8294 | Base Loss: 0.8409
Epoch 66/100 | Batch 13600/18922 | KD Loss: 4.9387 | Base Loss: 0.6438
Epoch 66/100 | Batch 13800/18922 | KD Loss: 4.7397 | Base Loss: 0.7211
Epoch 66/100 | Batch 14000/18922 | KD Loss: 4.8618 | Base Loss: 0.9033
Epoch 66/100 | Batch 14200/18922 | KD Loss: 4.6567 | Base Loss: 0.7886
Epoch 66/100 | Batch 14400/18922 | KD Loss: 4.6859 | Base Loss: 0.7591
Epoch 66/100 | Batch 14600/18922 | KD Loss: 4.8001 | Base Loss: 0.8995
Epoch 66/100 | Batch 14800/18922 | KD Loss: 4.8290 | Base Loss: 0.7391
Epoch 66/100 | Batch 15000/18922 | KD Loss: 5.1522 | Base Loss: 0.9711
Epoch 66/100 | Batch 15200/18922 | KD Loss: 4.6728 | Base Loss: 0.6357
Epoch 66/100 | Batch 15400/18922 | KD Loss: 4.5462 | Base Loss: 0.6760
Epoch 66/100 | Batch 15600/18922 | KD Loss: 5.2800 | Base Loss: 1.0709
Epoch 66/100 | Batch 15800/18922 | KD Loss: 4.6569 | Base Loss: 0.7991
Epoch 66/100 | Batch 16000/18922 | KD Loss: 4.6456 | Base Loss: 0.6851
Epoch 66/100 | Batch 16200/18922 | KD Loss: 4.9011 | Base Loss: 0.7881
Epoch 66/100 | Batch 16400/18922 | KD Loss: 4.8477 | Base Loss: 0.7754
Epoch 66/100 | Batch 16600/18922 | KD Loss: 4.7516 | Base Loss: 0.6253
Epoch 66/100 | Batch 16800/18922 | KD Loss: 4.5089 | Base Loss: 0.7356
Epoch 66/100 | Batch 17000/18922 | KD Loss: 4.8714 | Base Loss: 0.8896
Epoch 66/100 | Batch 17200/18922 | KD Loss: 4.6737 | Base Loss: 0.6681
Epoch 66/100 | Batch 17400/18922 | KD Loss: 4.7664 | Base Loss: 0.7190
Epoch 66/100 | Batch 17600/18922 | KD Loss: 5.1784 | Base Loss: 0.8257
Epoch 66/100 | Batch 17800/18922 | KD Loss: 4.8556 | Base Loss: 0.7709
Epoch 66/100 | Batch 18000/18922 | KD Loss: 4.4489 | Base Loss: 0.6493
Epoch 66/100 | Batch 18200/18922 | KD Loss: 4.9699 | Base Loss: 0.7010
Epoch 66/100 | Batch 18400/18922 | KD Loss: 4.9242 | Base Loss: 0.6972
Epoch 66/100 | Batch 18600/18922 | KD Loss: 4.5150 | Base Loss: 0.7359
Epoch 66/100 | Batch 18800/18922 | KD Loss: 5.0275 | Base Loss: 1.0815
====> Epoch 66 Average KD Loss: 4.8126 | LR: 0.000200
Epoch 67/100 | Batch 0/18922 | KD Loss: 4.7932 | Base Loss: 0.9310
Epoch 67/100 | Batch 200/18922 | KD Loss: 4.8380 | Base Loss: 0.5753
Epoch 67/100 | Batch 400/18922 | KD Loss: 4.4172 | Base Loss: 0.8050
Epoch 67/100 | Batch 600/18922 | KD Loss: 4.5927 | Base Loss: 0.6250
Epoch 67/100 | Batch 800/18922 | KD Loss: 4.5515 | Base Loss: 0.6969
Epoch 67/100 | Batch 1000/18922 | KD Loss: 5.0827 | Base Loss: 0.6921
Epoch 67/100 | Batch 1200/18922 | KD Loss: 4.9568 | Base Loss: 0.9847
Epoch 67/100 | Batch 1400/18922 | KD Loss: 5.0726 | Base Loss: 0.8743
Epoch 67/100 | Batch 1600/18922 | KD Loss: 4.8238 | Base Loss: 0.6765
Epoch 67/100 | Batch 1800/18922 | KD Loss: 5.0683 | Base Loss: 0.8818
Epoch 67/100 | Batch 2000/18922 | KD Loss: 4.7732 | Base Loss: 0.6680
Epoch 67/100 | Batch 2200/18922 | KD Loss: 5.0089 | Base Loss: 0.8496
Epoch 67/100 | Batch 2400/18922 | KD Loss: 4.5093 | Base Loss: 0.6995
Epoch 67/100 | Batch 2600/18922 | KD Loss: 5.0042 | Base Loss: 0.7823
Epoch 67/100 | Batch 2800/18922 | KD Loss: 5.2645 | Base Loss: 0.9236
Epoch 67/100 | Batch 3000/18922 | KD Loss: 5.2809 | Base Loss: 0.7689
Epoch 67/100 | Batch 3200/18922 | KD Loss: 4.6089 | Base Loss: 0.6591
Epoch 67/100 | Batch 3400/18922 | KD Loss: 4.8442 | Base Loss: 0.7997
Epoch 67/100 | Batch 3600/18922 | KD Loss: 4.9634 | Base Loss: 0.7504
Epoch 67/100 | Batch 3800/18922 | KD Loss: 4.7515 | Base Loss: 0.8972
Epoch 67/100 | Batch 4000/18922 | KD Loss: 4.5284 | Base Loss: 0.7958
Epoch 67/100 | Batch 4200/18922 | KD Loss: 4.7702 | Base Loss: 0.6963
Epoch 67/100 | Batch 4400/18922 | KD Loss: 4.9451 | Base Loss: 0.7529
Epoch 67/100 | Batch 4600/18922 | KD Loss: 4.4598 | Base Loss: 0.5912
Epoch 67/100 | Batch 4800/18922 | KD Loss: 5.0629 | Base Loss: 0.8878
Epoch 67/100 | Batch 5000/18922 | KD Loss: 4.4852 | Base Loss: 0.6386
Epoch 67/100 | Batch 5200/18922 | KD Loss: 4.8861 | Base Loss: 0.8900
Epoch 67/100 | Batch 5400/18922 | KD Loss: 5.0092 | Base Loss: 0.9674
Epoch 67/100 | Batch 5600/18922 | KD Loss: 4.8158 | Base Loss: 0.6958
Epoch 67/100 | Batch 5800/18922 | KD Loss: 4.9032 | Base Loss: 0.6961
Epoch 67/100 | Batch 6000/18922 | KD Loss: 4.7852 | Base Loss: 0.8103
Epoch 67/100 | Batch 6200/18922 | KD Loss: 4.5775 | Base Loss: 0.7383
Epoch 67/100 | Batch 6400/18922 | KD Loss: 4.7384 | Base Loss: 0.7793
Epoch 67/100 | Batch 6600/18922 | KD Loss: 4.9655 | Base Loss: 0.7187
Epoch 67/100 | Batch 6800/18922 | KD Loss: 5.2864 | Base Loss: 1.0867
Epoch 67/100 | Batch 7000/18922 | KD Loss: 5.0097 | Base Loss: 0.9363
Epoch 67/100 | Batch 7200/18922 | KD Loss: 4.7532 | Base Loss: 0.6600
Epoch 67/100 | Batch 7400/18922 | KD Loss: 4.7966 | Base Loss: 0.7158
Epoch 67/100 | Batch 7600/18922 | KD Loss: 4.7954 | Base Loss: 0.7719
Epoch 67/100 | Batch 7800/18922 | KD Loss: 4.5713 | Base Loss: 0.7690
Epoch 67/100 | Batch 8000/18922 | KD Loss: 4.9859 | Base Loss: 0.7692
Epoch 67/100 | Batch 8200/18922 | KD Loss: 5.2088 | Base Loss: 0.9232
Epoch 67/100 | Batch 8400/18922 | KD Loss: 4.9043 | Base Loss: 0.8247
Epoch 67/100 | Batch 8600/18922 | KD Loss: 5.0029 | Base Loss: 0.9335
Epoch 67/100 | Batch 8800/18922 | KD Loss: 4.7443 | Base Loss: 0.7231
Epoch 67/100 | Batch 9000/18922 | KD Loss: 4.8009 | Base Loss: 0.8342
Epoch 67/100 | Batch 9200/18922 | KD Loss: 4.8133 | Base Loss: 0.8417
Epoch 67/100 | Batch 9400/18922 | KD Loss: 5.2143 | Base Loss: 1.0108
Epoch 67/100 | Batch 9600/18922 | KD Loss: 4.4928 | Base Loss: 0.7195
Epoch 67/100 | Batch 9800/18922 | KD Loss: 4.7391 | Base Loss: 0.8728
Epoch 67/100 | Batch 10000/18922 | KD Loss: 4.7798 | Base Loss: 0.8469
Epoch 67/100 | Batch 10200/18922 | KD Loss: 4.6728 | Base Loss: 0.7620
Epoch 67/100 | Batch 10400/18922 | KD Loss: 4.7834 | Base Loss: 0.8057
Epoch 67/100 | Batch 10600/18922 | KD Loss: 4.9577 | Base Loss: 0.8089
Epoch 67/100 | Batch 10800/18922 | KD Loss: 4.5735 | Base Loss: 0.6732
Epoch 67/100 | Batch 11000/18922 | KD Loss: 4.8692 | Base Loss: 0.7253
Epoch 67/100 | Batch 11200/18922 | KD Loss: 4.4185 | Base Loss: 0.5645
Epoch 67/100 | Batch 11400/18922 | KD Loss: 5.0119 | Base Loss: 0.6915
Epoch 67/100 | Batch 11600/18922 | KD Loss: 4.8414 | Base Loss: 0.6633
Epoch 67/100 | Batch 11800/18922 | KD Loss: 4.6096 | Base Loss: 0.7414
Epoch 67/100 | Batch 12000/18922 | KD Loss: 4.8453 | Base Loss: 0.8738
Epoch 67/100 | Batch 12200/18922 | KD Loss: 5.0542 | Base Loss: 0.8796
Epoch 67/100 | Batch 12400/18922 | KD Loss: 4.6001 | Base Loss: 0.7510
Epoch 67/100 | Batch 12600/18922 | KD Loss: 4.5217 | Base Loss: 0.7454
Epoch 67/100 | Batch 12800/18922 | KD Loss: 4.8065 | Base Loss: 0.7288
Epoch 67/100 | Batch 13000/18922 | KD Loss: 4.5097 | Base Loss: 0.6902
Epoch 67/100 | Batch 13200/18922 | KD Loss: 4.8286 | Base Loss: 0.7674
Epoch 67/100 | Batch 13400/18922 | KD Loss: 4.4119 | Base Loss: 0.8017
Epoch 67/100 | Batch 13600/18922 | KD Loss: 4.9141 | Base Loss: 0.7931
Epoch 67/100 | Batch 13800/18922 | KD Loss: 4.9571 | Base Loss: 0.8404
Epoch 67/100 | Batch 14000/18922 | KD Loss: 4.6174 | Base Loss: 0.7445
Epoch 67/100 | Batch 14200/18922 | KD Loss: 4.9587 | Base Loss: 0.8203
Epoch 67/100 | Batch 14400/18922 | KD Loss: 4.6145 | Base Loss: 0.7550
Epoch 67/100 | Batch 14600/18922 | KD Loss: 5.0698 | Base Loss: 0.8317
Epoch 67/100 | Batch 14800/18922 | KD Loss: 4.5825 | Base Loss: 0.7827
Epoch 67/100 | Batch 15000/18922 | KD Loss: 4.6244 | Base Loss: 0.7384
Epoch 67/100 | Batch 15200/18922 | KD Loss: 4.7792 | Base Loss: 0.7759
Epoch 67/100 | Batch 15400/18922 | KD Loss: 4.6732 | Base Loss: 0.6413
Epoch 67/100 | Batch 15600/18922 | KD Loss: 4.6244 | Base Loss: 0.7342
Epoch 67/100 | Batch 15800/18922 | KD Loss: 4.9580 | Base Loss: 1.0087
Epoch 67/100 | Batch 16000/18922 | KD Loss: 4.9337 | Base Loss: 0.9001
Epoch 67/100 | Batch 16200/18922 | KD Loss: 4.8177 | Base Loss: 0.7854
Epoch 67/100 | Batch 16400/18922 | KD Loss: 4.9103 | Base Loss: 0.7848
Epoch 67/100 | Batch 16600/18922 | KD Loss: 4.8339 | Base Loss: 0.7978
Epoch 67/100 | Batch 16800/18922 | KD Loss: 4.6318 | Base Loss: 0.7230
Epoch 67/100 | Batch 17000/18922 | KD Loss: 4.7192 | Base Loss: 0.9276
Epoch 67/100 | Batch 17200/18922 | KD Loss: 4.5444 | Base Loss: 0.7819
Epoch 67/100 | Batch 17400/18922 | KD Loss: 4.8689 | Base Loss: 0.8799
Epoch 67/100 | Batch 17600/18922 | KD Loss: 5.0374 | Base Loss: 0.8735
Epoch 67/100 | Batch 17800/18922 | KD Loss: 4.6064 | Base Loss: 0.7139
Epoch 67/100 | Batch 18000/18922 | KD Loss: 5.1022 | Base Loss: 0.9145
Epoch 67/100 | Batch 18200/18922 | KD Loss: 4.6972 | Base Loss: 0.7307
Epoch 67/100 | Batch 18400/18922 | KD Loss: 4.9031 | Base Loss: 0.9217
Epoch 67/100 | Batch 18600/18922 | KD Loss: 4.5120 | Base Loss: 0.7272
Epoch 67/100 | Batch 18800/18922 | KD Loss: 4.7046 | Base Loss: 0.7873
====> Epoch 67 Average KD Loss: 4.8113 | LR: 0.000200
Epoch 68/100 | Batch 0/18922 | KD Loss: 5.0635 | Base Loss: 1.0208
Epoch 68/100 | Batch 200/18922 | KD Loss: 4.7321 | Base Loss: 0.7412
Epoch 68/100 | Batch 400/18922 | KD Loss: 4.9339 | Base Loss: 0.7356
Epoch 68/100 | Batch 600/18922 | KD Loss: 4.6368 | Base Loss: 0.6075
Epoch 68/100 | Batch 800/18922 | KD Loss: 4.6757 | Base Loss: 0.7140
Epoch 68/100 | Batch 1000/18922 | KD Loss: 4.7121 | Base Loss: 0.7335
Epoch 68/100 | Batch 1200/18922 | KD Loss: 4.7257 | Base Loss: 0.6630
Epoch 68/100 | Batch 1400/18922 | KD Loss: 4.9613 | Base Loss: 0.9795
Epoch 68/100 | Batch 1600/18922 | KD Loss: 4.9413 | Base Loss: 0.9058
Epoch 68/100 | Batch 1800/18922 | KD Loss: 4.9503 | Base Loss: 0.8276
Epoch 68/100 | Batch 2000/18922 | KD Loss: 4.7133 | Base Loss: 0.9288
Epoch 68/100 | Batch 2200/18922 | KD Loss: 4.8484 | Base Loss: 0.9048
Epoch 68/100 | Batch 2400/18922 | KD Loss: 5.0546 | Base Loss: 0.8617
Epoch 68/100 | Batch 2600/18922 | KD Loss: 5.0102 | Base Loss: 0.7859
Epoch 68/100 | Batch 2800/18922 | KD Loss: 4.7234 | Base Loss: 0.9261
Epoch 68/100 | Batch 3000/18922 | KD Loss: 4.9288 | Base Loss: 0.9105
Epoch 68/100 | Batch 3200/18922 | KD Loss: 4.8799 | Base Loss: 0.9508
Epoch 68/100 | Batch 3400/18922 | KD Loss: 4.9207 | Base Loss: 0.8405
Epoch 68/100 | Batch 3600/18922 | KD Loss: 4.9858 | Base Loss: 0.7269
Epoch 68/100 | Batch 3800/18922 | KD Loss: 4.8737 | Base Loss: 0.7392
Epoch 68/100 | Batch 4000/18922 | KD Loss: 4.8958 | Base Loss: 0.7723
Epoch 68/100 | Batch 4200/18922 | KD Loss: 5.0522 | Base Loss: 0.8783
Epoch 68/100 | Batch 4400/18922 | KD Loss: 4.6886 | Base Loss: 0.5810
Epoch 68/100 | Batch 4600/18922 | KD Loss: 4.6393 | Base Loss: 0.7172
Epoch 68/100 | Batch 4800/18922 | KD Loss: 4.9152 | Base Loss: 0.9577
Epoch 68/100 | Batch 5000/18922 | KD Loss: 4.9383 | Base Loss: 0.8353
Epoch 68/100 | Batch 5200/18922 | KD Loss: 4.6888 | Base Loss: 0.7153
Epoch 68/100 | Batch 5400/18922 | KD Loss: 4.8432 | Base Loss: 0.7912
Epoch 68/100 | Batch 5600/18922 | KD Loss: 5.0026 | Base Loss: 0.9360
Epoch 68/100 | Batch 5800/18922 | KD Loss: 5.0854 | Base Loss: 0.7232
Epoch 68/100 | Batch 6000/18922 | KD Loss: 5.0665 | Base Loss: 0.7935
Epoch 68/100 | Batch 6200/18922 | KD Loss: 4.6947 | Base Loss: 0.7444
Epoch 68/100 | Batch 6400/18922 | KD Loss: 4.8544 | Base Loss: 0.6847
Epoch 68/100 | Batch 6600/18922 | KD Loss: 4.8304 | Base Loss: 0.8867
Epoch 68/100 | Batch 6800/18922 | KD Loss: 4.9453 | Base Loss: 0.9243
Epoch 68/100 | Batch 7000/18922 | KD Loss: 4.7419 | Base Loss: 0.7069
Epoch 68/100 | Batch 7200/18922 | KD Loss: 5.2642 | Base Loss: 0.9685
Epoch 68/100 | Batch 7400/18922 | KD Loss: 5.2289 | Base Loss: 0.9224
Epoch 68/100 | Batch 7600/18922 | KD Loss: 4.9217 | Base Loss: 0.8085
Epoch 68/100 | Batch 7800/18922 | KD Loss: 4.5883 | Base Loss: 0.6923
Epoch 68/100 | Batch 8000/18922 | KD Loss: 4.8081 | Base Loss: 0.8975
Epoch 68/100 | Batch 8200/18922 | KD Loss: 4.8084 | Base Loss: 0.7729
Epoch 68/100 | Batch 8400/18922 | KD Loss: 4.5567 | Base Loss: 0.7616
Epoch 68/100 | Batch 8600/18922 | KD Loss: 4.9114 | Base Loss: 0.9448
Epoch 68/100 | Batch 8800/18922 | KD Loss: 5.0866 | Base Loss: 0.8875
Epoch 68/100 | Batch 9000/18922 | KD Loss: 4.7314 | Base Loss: 0.7698
Epoch 68/100 | Batch 9200/18922 | KD Loss: 4.8226 | Base Loss: 0.8660
Epoch 68/100 | Batch 9400/18922 | KD Loss: 4.7450 | Base Loss: 0.7765
Epoch 68/100 | Batch 9600/18922 | KD Loss: 4.7767 | Base Loss: 0.7701
Epoch 68/100 | Batch 9800/18922 | KD Loss: 5.1400 | Base Loss: 0.8455
Epoch 68/100 | Batch 10000/18922 | KD Loss: 4.9457 | Base Loss: 0.9524
Epoch 68/100 | Batch 10200/18922 | KD Loss: 4.7460 | Base Loss: 0.6844
Epoch 68/100 | Batch 10400/18922 | KD Loss: 4.7686 | Base Loss: 0.7207
Epoch 68/100 | Batch 10600/18922 | KD Loss: 4.7940 | Base Loss: 0.6997
Epoch 68/100 | Batch 10800/18922 | KD Loss: 4.8734 | Base Loss: 0.8898
Epoch 68/100 | Batch 11000/18922 | KD Loss: 4.7650 | Base Loss: 0.8908
Epoch 68/100 | Batch 11200/18922 | KD Loss: 4.8983 | Base Loss: 0.8802
Epoch 68/100 | Batch 11400/18922 | KD Loss: 4.7348 | Base Loss: 0.7321
Epoch 68/100 | Batch 11600/18922 | KD Loss: 4.6458 | Base Loss: 0.6520
Epoch 68/100 | Batch 11800/18922 | KD Loss: 4.6290 | Base Loss: 0.7584
Epoch 68/100 | Batch 12000/18922 | KD Loss: 4.9436 | Base Loss: 0.7475
Epoch 68/100 | Batch 12200/18922 | KD Loss: 4.4940 | Base Loss: 0.6647
Epoch 68/100 | Batch 12400/18922 | KD Loss: 4.9196 | Base Loss: 0.8850
Epoch 68/100 | Batch 12600/18922 | KD Loss: 4.6685 | Base Loss: 0.8516
Epoch 68/100 | Batch 12800/18922 | KD Loss: 4.8608 | Base Loss: 0.8709
Epoch 68/100 | Batch 13000/18922 | KD Loss: 4.6528 | Base Loss: 0.6985
Epoch 68/100 | Batch 13200/18922 | KD Loss: 5.0562 | Base Loss: 0.9118
Epoch 68/100 | Batch 13400/18922 | KD Loss: 4.6141 | Base Loss: 0.6895
Epoch 68/100 | Batch 13600/18922 | KD Loss: 4.8117 | Base Loss: 0.7831
Epoch 68/100 | Batch 13800/18922 | KD Loss: 4.6034 | Base Loss: 0.7142
Epoch 68/100 | Batch 14000/18922 | KD Loss: 4.8092 | Base Loss: 0.7359
Epoch 68/100 | Batch 14200/18922 | KD Loss: 4.9432 | Base Loss: 0.9025
Epoch 68/100 | Batch 14400/18922 | KD Loss: 4.9640 | Base Loss: 1.0157
Epoch 68/100 | Batch 14600/18922 | KD Loss: 4.7642 | Base Loss: 0.7602
Epoch 68/100 | Batch 14800/18922 | KD Loss: 4.8152 | Base Loss: 0.6545
Epoch 68/100 | Batch 15000/18922 | KD Loss: 4.7260 | Base Loss: 0.7824
Epoch 68/100 | Batch 15200/18922 | KD Loss: 4.9706 | Base Loss: 0.7982
Epoch 68/100 | Batch 15400/18922 | KD Loss: 5.0376 | Base Loss: 0.8762
Epoch 68/100 | Batch 15600/18922 | KD Loss: 4.9277 | Base Loss: 0.7394
Epoch 68/100 | Batch 15800/18922 | KD Loss: 4.6616 | Base Loss: 0.7787
Epoch 68/100 | Batch 16000/18922 | KD Loss: 4.5548 | Base Loss: 0.6844
Epoch 68/100 | Batch 16200/18922 | KD Loss: 5.0821 | Base Loss: 0.7057
Epoch 68/100 | Batch 16400/18922 | KD Loss: 4.8581 | Base Loss: 0.8554
Epoch 68/100 | Batch 16600/18922 | KD Loss: 4.7639 | Base Loss: 0.8666
Epoch 68/100 | Batch 16800/18922 | KD Loss: 4.6983 | Base Loss: 0.7322
Epoch 68/100 | Batch 17000/18922 | KD Loss: 4.7638 | Base Loss: 0.7583
Epoch 68/100 | Batch 17200/18922 | KD Loss: 4.9995 | Base Loss: 0.8746
Epoch 68/100 | Batch 17400/18922 | KD Loss: 4.7813 | Base Loss: 0.7756
Epoch 68/100 | Batch 17600/18922 | KD Loss: 4.8364 | Base Loss: 0.6745
Epoch 68/100 | Batch 17800/18922 | KD Loss: 4.8156 | Base Loss: 0.8994
Epoch 68/100 | Batch 18000/18922 | KD Loss: 4.8854 | Base Loss: 0.7757
Epoch 68/100 | Batch 18200/18922 | KD Loss: 4.7763 | Base Loss: 0.6483
Epoch 68/100 | Batch 18400/18922 | KD Loss: 4.7327 | Base Loss: 0.8152
Epoch 68/100 | Batch 18600/18922 | KD Loss: 4.6144 | Base Loss: 0.8316
Epoch 68/100 | Batch 18800/18922 | KD Loss: 4.8185 | Base Loss: 0.8426
====> Epoch 68 Average KD Loss: 4.8111 | LR: 0.000200
Epoch 69/100 | Batch 0/18922 | KD Loss: 4.9922 | Base Loss: 0.9193
Epoch 69/100 | Batch 200/18922 | KD Loss: 4.7777 | Base Loss: 0.7459
Epoch 69/100 | Batch 400/18922 | KD Loss: 4.8029 | Base Loss: 0.8989
Epoch 69/100 | Batch 600/18922 | KD Loss: 4.5998 | Base Loss: 0.6945
Epoch 69/100 | Batch 800/18922 | KD Loss: 4.9191 | Base Loss: 0.7535
Epoch 69/100 | Batch 1000/18922 | KD Loss: 4.9321 | Base Loss: 0.7455
Epoch 69/100 | Batch 1200/18922 | KD Loss: 4.8378 | Base Loss: 0.6896
Epoch 69/100 | Batch 1400/18922 | KD Loss: 4.5600 | Base Loss: 0.6267
Epoch 69/100 | Batch 1600/18922 | KD Loss: 4.9122 | Base Loss: 0.7971
Epoch 69/100 | Batch 1800/18922 | KD Loss: 5.0258 | Base Loss: 0.8866
Epoch 69/100 | Batch 2000/18922 | KD Loss: 4.9886 | Base Loss: 0.8165
Epoch 69/100 | Batch 2200/18922 | KD Loss: 4.7835 | Base Loss: 0.8697
Epoch 69/100 | Batch 2400/18922 | KD Loss: 4.5881 | Base Loss: 0.7948
Epoch 69/100 | Batch 2600/18922 | KD Loss: 4.3911 | Base Loss: 0.6118
Epoch 69/100 | Batch 2800/18922 | KD Loss: 5.0235 | Base Loss: 0.8071
Epoch 69/100 | Batch 3000/18922 | KD Loss: 4.9931 | Base Loss: 0.7596
Epoch 69/100 | Batch 3200/18922 | KD Loss: 4.7157 | Base Loss: 0.9375
Epoch 69/100 | Batch 3400/18922 | KD Loss: 4.7179 | Base Loss: 0.7632
Epoch 69/100 | Batch 3600/18922 | KD Loss: 4.8401 | Base Loss: 0.9093
Epoch 69/100 | Batch 3800/18922 | KD Loss: 4.8842 | Base Loss: 1.0639
Epoch 69/100 | Batch 4000/18922 | KD Loss: 4.6764 | Base Loss: 0.8468
Epoch 69/100 | Batch 4200/18922 | KD Loss: 4.4131 | Base Loss: 0.5655
Epoch 69/100 | Batch 4400/18922 | KD Loss: 4.6433 | Base Loss: 0.8268
Epoch 69/100 | Batch 4600/18922 | KD Loss: 4.7741 | Base Loss: 0.6618
Epoch 69/100 | Batch 4800/18922 | KD Loss: 4.7594 | Base Loss: 0.9167
Epoch 69/100 | Batch 5000/18922 | KD Loss: 4.6660 | Base Loss: 0.9530
Epoch 69/100 | Batch 5200/18922 | KD Loss: 4.6392 | Base Loss: 0.8325
Epoch 69/100 | Batch 5400/18922 | KD Loss: 4.6519 | Base Loss: 0.8404
Epoch 69/100 | Batch 5600/18922 | KD Loss: 4.7490 | Base Loss: 0.8714
Epoch 69/100 | Batch 5800/18922 | KD Loss: 4.8075 | Base Loss: 0.8604
Epoch 69/100 | Batch 6000/18922 | KD Loss: 5.2802 | Base Loss: 1.0113
Epoch 69/100 | Batch 6200/18922 | KD Loss: 4.4729 | Base Loss: 0.6735
Epoch 69/100 | Batch 6400/18922 | KD Loss: 4.5792 | Base Loss: 0.6314
Epoch 69/100 | Batch 6600/18922 | KD Loss: 4.6296 | Base Loss: 0.7713
Epoch 69/100 | Batch 6800/18922 | KD Loss: 5.0220 | Base Loss: 0.8963
Epoch 69/100 | Batch 7000/18922 | KD Loss: 5.1238 | Base Loss: 1.0686
Epoch 69/100 | Batch 7200/18922 | KD Loss: 5.0133 | Base Loss: 0.6793
Epoch 69/100 | Batch 7400/18922 | KD Loss: 4.7264 | Base Loss: 0.8951
Epoch 69/100 | Batch 7600/18922 | KD Loss: 4.6921 | Base Loss: 0.6922
Epoch 69/100 | Batch 7800/18922 | KD Loss: 4.5872 | Base Loss: 0.6710
Epoch 69/100 | Batch 8000/18922 | KD Loss: 4.9319 | Base Loss: 0.9379
Epoch 69/100 | Batch 8200/18922 | KD Loss: 4.9659 | Base Loss: 0.9850
Epoch 69/100 | Batch 8400/18922 | KD Loss: 4.4173 | Base Loss: 0.5886
Epoch 69/100 | Batch 8600/18922 | KD Loss: 5.2273 | Base Loss: 0.8965
Epoch 69/100 | Batch 8800/18922 | KD Loss: 4.7581 | Base Loss: 0.7710
Epoch 69/100 | Batch 9000/18922 | KD Loss: 4.8523 | Base Loss: 0.7651
Epoch 69/100 | Batch 9200/18922 | KD Loss: 4.8482 | Base Loss: 0.9005
Epoch 69/100 | Batch 9400/18922 | KD Loss: 4.8070 | Base Loss: 0.6907
Epoch 69/100 | Batch 9600/18922 | KD Loss: 5.0186 | Base Loss: 0.9167
Epoch 69/100 | Batch 9800/18922 | KD Loss: 4.8645 | Base Loss: 0.6374
Epoch 69/100 | Batch 10000/18922 | KD Loss: 4.8575 | Base Loss: 0.7954
Epoch 69/100 | Batch 10200/18922 | KD Loss: 4.4793 | Base Loss: 0.6164
Epoch 69/100 | Batch 10400/18922 | KD Loss: 4.9607 | Base Loss: 0.8762
Epoch 69/100 | Batch 10600/18922 | KD Loss: 4.7797 | Base Loss: 1.0188
Epoch 69/100 | Batch 10800/18922 | KD Loss: 4.8633 | Base Loss: 0.6770
Epoch 69/100 | Batch 11000/18922 | KD Loss: 4.9693 | Base Loss: 0.7220
Epoch 69/100 | Batch 11200/18922 | KD Loss: 4.9558 | Base Loss: 0.6372
Epoch 69/100 | Batch 11400/18922 | KD Loss: 4.6340 | Base Loss: 0.7213
Epoch 69/100 | Batch 11600/18922 | KD Loss: 4.7001 | Base Loss: 0.6026
Epoch 69/100 | Batch 11800/18922 | KD Loss: 4.8346 | Base Loss: 0.7836
Epoch 69/100 | Batch 12000/18922 | KD Loss: 4.6854 | Base Loss: 0.7646
Epoch 69/100 | Batch 12200/18922 | KD Loss: 4.9618 | Base Loss: 0.8943
Epoch 69/100 | Batch 12400/18922 | KD Loss: 4.5742 | Base Loss: 0.6584
Epoch 69/100 | Batch 12600/18922 | KD Loss: 5.1111 | Base Loss: 1.0810
Epoch 69/100 | Batch 12800/18922 | KD Loss: 4.8629 | Base Loss: 0.8173
Epoch 69/100 | Batch 13000/18922 | KD Loss: 4.5297 | Base Loss: 0.8044
Epoch 69/100 | Batch 13200/18922 | KD Loss: 4.7402 | Base Loss: 0.8670
Epoch 69/100 | Batch 13400/18922 | KD Loss: 4.8009 | Base Loss: 0.7845
Epoch 69/100 | Batch 13600/18922 | KD Loss: 4.8894 | Base Loss: 0.7600
Epoch 69/100 | Batch 13800/18922 | KD Loss: 4.5880 | Base Loss: 0.7110
Epoch 69/100 | Batch 14000/18922 | KD Loss: 4.8154 | Base Loss: 0.8010
Epoch 69/100 | Batch 14200/18922 | KD Loss: 4.7525 | Base Loss: 0.8748
Epoch 69/100 | Batch 14400/18922 | KD Loss: 4.6498 | Base Loss: 0.6182
Epoch 69/100 | Batch 14600/18922 | KD Loss: 4.8005 | Base Loss: 0.7382
Epoch 69/100 | Batch 14800/18922 | KD Loss: 4.9705 | Base Loss: 0.7399
Epoch 69/100 | Batch 15000/18922 | KD Loss: 5.0972 | Base Loss: 0.7400
Epoch 69/100 | Batch 15200/18922 | KD Loss: 4.8980 | Base Loss: 0.8408
Epoch 69/100 | Batch 15400/18922 | KD Loss: 4.7208 | Base Loss: 0.6929
Epoch 69/100 | Batch 15600/18922 | KD Loss: 4.6060 | Base Loss: 0.7127
Epoch 69/100 | Batch 15800/18922 | KD Loss: 4.8502 | Base Loss: 0.7343
Epoch 69/100 | Batch 16000/18922 | KD Loss: 4.5422 | Base Loss: 0.7046
Epoch 69/100 | Batch 16200/18922 | KD Loss: 4.6933 | Base Loss: 0.6906
Epoch 69/100 | Batch 16400/18922 | KD Loss: 5.0680 | Base Loss: 0.9723
Epoch 69/100 | Batch 16600/18922 | KD Loss: 4.0147 | Base Loss: 0.6167
Epoch 69/100 | Batch 16800/18922 | KD Loss: 4.9092 | Base Loss: 0.8000
Epoch 69/100 | Batch 17000/18922 | KD Loss: 4.9567 | Base Loss: 0.8057
Epoch 69/100 | Batch 17200/18922 | KD Loss: 4.6190 | Base Loss: 0.7054
Epoch 69/100 | Batch 17400/18922 | KD Loss: 5.0766 | Base Loss: 0.8751
Epoch 69/100 | Batch 17600/18922 | KD Loss: 4.5511 | Base Loss: 0.7617
Epoch 69/100 | Batch 17800/18922 | KD Loss: 4.7554 | Base Loss: 0.8326
Epoch 69/100 | Batch 18000/18922 | KD Loss: 4.6144 | Base Loss: 0.8174
Epoch 69/100 | Batch 18200/18922 | KD Loss: 5.1650 | Base Loss: 0.9338
Epoch 69/100 | Batch 18400/18922 | KD Loss: 5.0717 | Base Loss: 0.8797
Epoch 69/100 | Batch 18600/18922 | KD Loss: 4.7784 | Base Loss: 0.6539
Epoch 69/100 | Batch 18800/18922 | KD Loss: 5.1403 | Base Loss: 0.7691
====> Epoch 69 Average KD Loss: 4.8104 | LR: 0.000200
Epoch 70/100 | Batch 0/18922 | KD Loss: 4.6615 | Base Loss: 0.5971
Epoch 70/100 | Batch 200/18922 | KD Loss: 4.7790 | Base Loss: 0.8258
Epoch 70/100 | Batch 400/18922 | KD Loss: 4.9248 | Base Loss: 0.8484
Epoch 70/100 | Batch 600/18922 | KD Loss: 4.5021 | Base Loss: 0.6807
Epoch 70/100 | Batch 800/18922 | KD Loss: 4.9658 | Base Loss: 0.9130
Epoch 70/100 | Batch 1000/18922 | KD Loss: 4.6478 | Base Loss: 0.7701
Epoch 70/100 | Batch 1200/18922 | KD Loss: 4.9861 | Base Loss: 0.7266
Epoch 70/100 | Batch 1400/18922 | KD Loss: 4.7198 | Base Loss: 0.6105
Epoch 70/100 | Batch 1600/18922 | KD Loss: 4.9076 | Base Loss: 0.8091
Epoch 70/100 | Batch 1800/18922 | KD Loss: 5.1189 | Base Loss: 1.0320
Epoch 70/100 | Batch 2000/18922 | KD Loss: 5.0937 | Base Loss: 0.9289
Epoch 70/100 | Batch 2200/18922 | KD Loss: 4.6556 | Base Loss: 0.7730
Epoch 70/100 | Batch 2400/18922 | KD Loss: 4.8490 | Base Loss: 0.8885
Epoch 70/100 | Batch 2600/18922 | KD Loss: 5.1430 | Base Loss: 0.8190
Epoch 70/100 | Batch 2800/18922 | KD Loss: 4.7187 | Base Loss: 0.6747
Epoch 70/100 | Batch 3000/18922 | KD Loss: 4.4896 | Base Loss: 0.7735
Epoch 70/100 | Batch 3200/18922 | KD Loss: 4.9022 | Base Loss: 0.8257
Epoch 70/100 | Batch 3400/18922 | KD Loss: 4.5340 | Base Loss: 0.7338
Epoch 70/100 | Batch 3600/18922 | KD Loss: 4.7757 | Base Loss: 0.7349
Epoch 70/100 | Batch 3800/18922 | KD Loss: 5.0034 | Base Loss: 0.9608
Epoch 70/100 | Batch 4000/18922 | KD Loss: 4.5034 | Base Loss: 0.7033
Epoch 70/100 | Batch 4200/18922 | KD Loss: 4.9221 | Base Loss: 0.7912
Epoch 70/100 | Batch 4400/18922 | KD Loss: 4.5621 | Base Loss: 0.7189
Epoch 70/100 | Batch 4600/18922 | KD Loss: 4.5385 | Base Loss: 0.7271
Epoch 70/100 | Batch 4800/18922 | KD Loss: 4.7640 | Base Loss: 0.7314
Epoch 70/100 | Batch 5000/18922 | KD Loss: 4.5545 | Base Loss: 0.7097
Epoch 70/100 | Batch 5200/18922 | KD Loss: 4.6834 | Base Loss: 0.8599
Epoch 70/100 | Batch 5400/18922 | KD Loss: 5.1665 | Base Loss: 0.9047
Epoch 70/100 | Batch 5600/18922 | KD Loss: 4.9312 | Base Loss: 0.8261
Epoch 70/100 | Batch 5800/18922 | KD Loss: 4.9073 | Base Loss: 0.8414
Epoch 70/100 | Batch 6000/18922 | KD Loss: 4.8794 | Base Loss: 0.7569
Epoch 70/100 | Batch 6200/18922 | KD Loss: 4.6073 | Base Loss: 0.7856
Epoch 70/100 | Batch 6400/18922 | KD Loss: 4.5078 | Base Loss: 0.5921
Epoch 70/100 | Batch 6600/18922 | KD Loss: 4.6040 | Base Loss: 0.6305
Epoch 70/100 | Batch 6800/18922 | KD Loss: 4.6963 | Base Loss: 1.0106
Epoch 70/100 | Batch 7000/18922 | KD Loss: 4.9165 | Base Loss: 0.6943
Epoch 70/100 | Batch 7200/18922 | KD Loss: 4.7799 | Base Loss: 0.9050
Epoch 70/100 | Batch 7400/18922 | KD Loss: 4.6617 | Base Loss: 0.7446
Epoch 70/100 | Batch 7600/18922 | KD Loss: 5.0251 | Base Loss: 0.8888
Epoch 70/100 | Batch 7800/18922 | KD Loss: 4.6306 | Base Loss: 0.7674
Epoch 70/100 | Batch 8000/18922 | KD Loss: 4.5046 | Base Loss: 0.7253
Epoch 70/100 | Batch 8200/18922 | KD Loss: 4.9986 | Base Loss: 0.7104
Epoch 70/100 | Batch 8400/18922 | KD Loss: 4.8840 | Base Loss: 0.7292
Epoch 70/100 | Batch 8600/18922 | KD Loss: 4.3777 | Base Loss: 0.6325
Epoch 70/100 | Batch 8800/18922 | KD Loss: 4.5679 | Base Loss: 0.6226
Epoch 70/100 | Batch 9000/18922 | KD Loss: 4.9982 | Base Loss: 0.7539
Epoch 70/100 | Batch 9200/18922 | KD Loss: 5.0010 | Base Loss: 0.8753
Epoch 70/100 | Batch 9400/18922 | KD Loss: 4.9480 | Base Loss: 0.7686
Epoch 70/100 | Batch 9600/18922 | KD Loss: 4.4599 | Base Loss: 0.7097
Epoch 70/100 | Batch 9800/18922 | KD Loss: 4.8030 | Base Loss: 0.9728
Epoch 70/100 | Batch 10000/18922 | KD Loss: 4.9751 | Base Loss: 0.9186
Epoch 70/100 | Batch 10200/18922 | KD Loss: 4.8564 | Base Loss: 0.7582
Epoch 70/100 | Batch 10400/18922 | KD Loss: 4.8418 | Base Loss: 0.9226
Epoch 70/100 | Batch 10600/18922 | KD Loss: 5.1368 | Base Loss: 0.7163
Epoch 70/100 | Batch 10800/18922 | KD Loss: 4.5130 | Base Loss: 0.8034
Epoch 70/100 | Batch 11000/18922 | KD Loss: 4.5394 | Base Loss: 0.5457
Epoch 70/100 | Batch 11200/18922 | KD Loss: 4.7257 | Base Loss: 0.7804
Epoch 70/100 | Batch 11400/18922 | KD Loss: 4.8023 | Base Loss: 0.7662
Epoch 70/100 | Batch 11600/18922 | KD Loss: 5.0909 | Base Loss: 0.9999
Epoch 70/100 | Batch 11800/18922 | KD Loss: 4.8979 | Base Loss: 0.9079
Epoch 70/100 | Batch 12000/18922 | KD Loss: 4.6411 | Base Loss: 0.7814
Epoch 70/100 | Batch 12200/18922 | KD Loss: 4.8287 | Base Loss: 0.7982
Epoch 70/100 | Batch 12400/18922 | KD Loss: 4.7323 | Base Loss: 0.6436
Epoch 70/100 | Batch 12600/18922 | KD Loss: 4.8631 | Base Loss: 0.8885
Epoch 70/100 | Batch 12800/18922 | KD Loss: 4.9656 | Base Loss: 0.8933
Epoch 70/100 | Batch 13000/18922 | KD Loss: 4.7749 | Base Loss: 0.6830
Epoch 70/100 | Batch 13200/18922 | KD Loss: 4.6714 | Base Loss: 0.7648
Epoch 70/100 | Batch 13400/18922 | KD Loss: 4.8982 | Base Loss: 0.8048
Epoch 70/100 | Batch 13600/18922 | KD Loss: 5.1216 | Base Loss: 0.8600
Epoch 70/100 | Batch 13800/18922 | KD Loss: 4.7606 | Base Loss: 0.7518
Epoch 70/100 | Batch 14000/18922 | KD Loss: 4.8838 | Base Loss: 0.7763
Epoch 70/100 | Batch 14200/18922 | KD Loss: 4.7824 | Base Loss: 0.6490
Epoch 70/100 | Batch 14400/18922 | KD Loss: 4.8038 | Base Loss: 0.8082
Epoch 70/100 | Batch 14600/18922 | KD Loss: 4.8696 | Base Loss: 0.6456
Epoch 70/100 | Batch 14800/18922 | KD Loss: 4.6598 | Base Loss: 0.7114
Epoch 70/100 | Batch 15000/18922 | KD Loss: 4.7442 | Base Loss: 0.7488
Epoch 70/100 | Batch 15200/18922 | KD Loss: 4.7115 | Base Loss: 0.8002
Epoch 70/100 | Batch 15400/18922 | KD Loss: 4.7640 | Base Loss: 0.7061
Epoch 70/100 | Batch 15600/18922 | KD Loss: 4.9627 | Base Loss: 0.7762
Epoch 70/100 | Batch 15800/18922 | KD Loss: 4.6012 | Base Loss: 0.7736
Epoch 70/100 | Batch 16000/18922 | KD Loss: 4.9978 | Base Loss: 0.8898
Epoch 70/100 | Batch 16200/18922 | KD Loss: 5.0317 | Base Loss: 0.8978
Epoch 70/100 | Batch 16400/18922 | KD Loss: 4.9350 | Base Loss: 0.9135
Epoch 70/100 | Batch 16600/18922 | KD Loss: 5.3960 | Base Loss: 0.8859
Epoch 70/100 | Batch 16800/18922 | KD Loss: 4.7285 | Base Loss: 0.7923
Epoch 70/100 | Batch 17000/18922 | KD Loss: 5.2840 | Base Loss: 1.0053
Epoch 70/100 | Batch 17200/18922 | KD Loss: 4.8147 | Base Loss: 0.7631
Epoch 70/100 | Batch 17400/18922 | KD Loss: 4.6833 | Base Loss: 0.8400
Epoch 70/100 | Batch 17600/18922 | KD Loss: 4.7102 | Base Loss: 0.7523
Epoch 70/100 | Batch 17800/18922 | KD Loss: 4.6638 | Base Loss: 0.5953
Epoch 70/100 | Batch 18000/18922 | KD Loss: 4.4704 | Base Loss: 0.5362
Epoch 70/100 | Batch 18200/18922 | KD Loss: 5.0466 | Base Loss: 0.8996
Epoch 70/100 | Batch 18400/18922 | KD Loss: 4.6618 | Base Loss: 0.7751
Epoch 70/100 | Batch 18600/18922 | KD Loss: 4.6395 | Base Loss: 0.6990
Epoch 70/100 | Batch 18800/18922 | KD Loss: 4.5690 | Base Loss: 0.8008
====> Epoch 70 Average KD Loss: 4.8099 | LR: 0.000200
Epoch 71/100 | Batch 0/18922 | KD Loss: 4.6723 | Base Loss: 0.7235
Epoch 71/100 | Batch 200/18922 | KD Loss: 5.0291 | Base Loss: 0.8096
Epoch 71/100 | Batch 400/18922 | KD Loss: 4.9391 | Base Loss: 0.9011
Epoch 71/100 | Batch 600/18922 | KD Loss: 4.7361 | Base Loss: 0.5148
Epoch 71/100 | Batch 800/18922 | KD Loss: 4.4210 | Base Loss: 0.6616
Epoch 71/100 | Batch 1000/18922 | KD Loss: 4.7313 | Base Loss: 0.6907
Epoch 71/100 | Batch 1200/18922 | KD Loss: 4.7035 | Base Loss: 0.6811
Epoch 71/100 | Batch 1400/18922 | KD Loss: 4.6406 | Base Loss: 0.8733
Epoch 71/100 | Batch 1600/18922 | KD Loss: 4.8835 | Base Loss: 0.7943
Epoch 71/100 | Batch 1800/18922 | KD Loss: 4.9671 | Base Loss: 0.7822
Epoch 71/100 | Batch 2000/18922 | KD Loss: 4.8960 | Base Loss: 0.7762
Epoch 71/100 | Batch 2200/18922 | KD Loss: 4.9867 | Base Loss: 0.7370
Epoch 71/100 | Batch 2400/18922 | KD Loss: 4.8711 | Base Loss: 0.8040
Epoch 71/100 | Batch 2600/18922 | KD Loss: 4.3025 | Base Loss: 0.7387
Epoch 71/100 | Batch 2800/18922 | KD Loss: 4.7223 | Base Loss: 0.7369
Epoch 71/100 | Batch 3000/18922 | KD Loss: 4.6927 | Base Loss: 0.8411
Epoch 71/100 | Batch 3200/18922 | KD Loss: 4.3750 | Base Loss: 0.6368
Epoch 71/100 | Batch 3400/18922 | KD Loss: 5.0102 | Base Loss: 0.7984
Epoch 71/100 | Batch 3600/18922 | KD Loss: 4.9086 | Base Loss: 0.8602
Epoch 71/100 | Batch 3800/18922 | KD Loss: 4.7577 | Base Loss: 0.6194
Epoch 71/100 | Batch 4000/18922 | KD Loss: 4.7421 | Base Loss: 0.7787
Epoch 71/100 | Batch 4200/18922 | KD Loss: 4.7768 | Base Loss: 0.6733
Epoch 71/100 | Batch 4400/18922 | KD Loss: 4.5510 | Base Loss: 0.6661
Epoch 71/100 | Batch 4600/18922 | KD Loss: 4.5981 | Base Loss: 0.6059
Epoch 71/100 | Batch 4800/18922 | KD Loss: 5.1280 | Base Loss: 0.8738
Epoch 71/100 | Batch 5000/18922 | KD Loss: 5.0319 | Base Loss: 0.8398
Epoch 71/100 | Batch 5200/18922 | KD Loss: 4.4065 | Base Loss: 0.7925
Epoch 71/100 | Batch 5400/18922 | KD Loss: 4.9118 | Base Loss: 0.8317
Epoch 71/100 | Batch 5600/18922 | KD Loss: 4.5136 | Base Loss: 0.6650
Epoch 71/100 | Batch 5800/18922 | KD Loss: 4.8973 | Base Loss: 0.9853
Epoch 71/100 | Batch 6000/18922 | KD Loss: 4.8864 | Base Loss: 0.8316
Epoch 71/100 | Batch 6200/18922 | KD Loss: 4.7482 | Base Loss: 0.7637
Epoch 71/100 | Batch 6400/18922 | KD Loss: 4.7506 | Base Loss: 0.7846
Epoch 71/100 | Batch 6600/18922 | KD Loss: 4.8723 | Base Loss: 0.7770
Epoch 71/100 | Batch 6800/18922 | KD Loss: 4.6550 | Base Loss: 0.7245
Epoch 71/100 | Batch 7000/18922 | KD Loss: 4.8286 | Base Loss: 0.8771
Epoch 71/100 | Batch 7200/18922 | KD Loss: 4.9093 | Base Loss: 0.7287
Epoch 71/100 | Batch 7400/18922 | KD Loss: 4.7717 | Base Loss: 0.8510
Epoch 71/100 | Batch 7600/18922 | KD Loss: 4.5359 | Base Loss: 0.7577
Epoch 71/100 | Batch 7800/18922 | KD Loss: 5.0198 | Base Loss: 0.7116
Epoch 71/100 | Batch 8000/18922 | KD Loss: 4.7680 | Base Loss: 0.7452
Epoch 71/100 | Batch 8200/18922 | KD Loss: 4.8023 | Base Loss: 0.7288
Epoch 71/100 | Batch 8400/18922 | KD Loss: 4.4899 | Base Loss: 0.6816
Epoch 71/100 | Batch 8600/18922 | KD Loss: 4.9491 | Base Loss: 0.6982
Epoch 71/100 | Batch 8800/18922 | KD Loss: 4.7294 | Base Loss: 0.6773
Epoch 71/100 | Batch 9000/18922 | KD Loss: 5.2961 | Base Loss: 0.9540
Epoch 71/100 | Batch 9200/18922 | KD Loss: 4.5373 | Base Loss: 0.7082
Epoch 71/100 | Batch 9400/18922 | KD Loss: 5.0295 | Base Loss: 0.7840
Epoch 71/100 | Batch 9600/18922 | KD Loss: 4.8109 | Base Loss: 0.6570
Epoch 71/100 | Batch 9800/18922 | KD Loss: 4.6877 | Base Loss: 0.8268
Epoch 71/100 | Batch 10000/18922 | KD Loss: 4.3790 | Base Loss: 0.5694
Epoch 71/100 | Batch 10200/18922 | KD Loss: 5.0487 | Base Loss: 0.7947
Epoch 71/100 | Batch 10400/18922 | KD Loss: 5.0164 | Base Loss: 0.9004
Epoch 71/100 | Batch 10600/18922 | KD Loss: 5.2164 | Base Loss: 0.8437
Epoch 71/100 | Batch 10800/18922 | KD Loss: 4.6292 | Base Loss: 0.8366
Epoch 71/100 | Batch 11000/18922 | KD Loss: 4.5957 | Base Loss: 0.7108
Epoch 71/100 | Batch 11200/18922 | KD Loss: 5.0667 | Base Loss: 0.7883
Epoch 71/100 | Batch 11400/18922 | KD Loss: 4.6139 | Base Loss: 0.7806
Epoch 71/100 | Batch 11600/18922 | KD Loss: 4.7333 | Base Loss: 0.6849
Epoch 71/100 | Batch 11800/18922 | KD Loss: 4.7300 | Base Loss: 0.8783
Epoch 71/100 | Batch 12000/18922 | KD Loss: 4.6433 | Base Loss: 0.8154
Epoch 71/100 | Batch 12200/18922 | KD Loss: 4.6314 | Base Loss: 0.6793
Epoch 71/100 | Batch 12400/18922 | KD Loss: 4.5389 | Base Loss: 0.7337
Epoch 71/100 | Batch 12600/18922 | KD Loss: 4.8241 | Base Loss: 0.7270
Epoch 71/100 | Batch 12800/18922 | KD Loss: 5.0019 | Base Loss: 0.7795
Epoch 71/100 | Batch 13000/18922 | KD Loss: 5.1874 | Base Loss: 0.8285
Epoch 71/100 | Batch 13200/18922 | KD Loss: 4.7258 | Base Loss: 0.7573
Epoch 71/100 | Batch 13400/18922 | KD Loss: 4.7592 | Base Loss: 0.8279
Epoch 71/100 | Batch 13600/18922 | KD Loss: 4.6527 | Base Loss: 0.7845
Epoch 71/100 | Batch 13800/18922 | KD Loss: 4.6211 | Base Loss: 0.6876
Epoch 71/100 | Batch 14000/18922 | KD Loss: 5.1154 | Base Loss: 0.9450
Epoch 71/100 | Batch 14200/18922 | KD Loss: 4.9632 | Base Loss: 0.6648
Epoch 71/100 | Batch 14400/18922 | KD Loss: 4.5964 | Base Loss: 0.7451
Epoch 71/100 | Batch 14600/18922 | KD Loss: 4.6717 | Base Loss: 0.6634
Epoch 71/100 | Batch 14800/18922 | KD Loss: 5.1487 | Base Loss: 1.0562
Epoch 71/100 | Batch 15000/18922 | KD Loss: 4.4605 | Base Loss: 0.7467
Epoch 71/100 | Batch 15200/18922 | KD Loss: 4.8675 | Base Loss: 0.8717
Epoch 71/100 | Batch 15400/18922 | KD Loss: 5.2084 | Base Loss: 0.8404
Epoch 71/100 | Batch 15600/18922 | KD Loss: 4.6900 | Base Loss: 0.7782
Epoch 71/100 | Batch 15800/18922 | KD Loss: 5.0534 | Base Loss: 0.9086
Epoch 71/100 | Batch 16000/18922 | KD Loss: 5.0180 | Base Loss: 0.6572
Epoch 71/100 | Batch 16200/18922 | KD Loss: 4.7077 | Base Loss: 0.8128
Epoch 71/100 | Batch 16400/18922 | KD Loss: 4.6469 | Base Loss: 0.6068
Epoch 71/100 | Batch 16600/18922 | KD Loss: 5.0303 | Base Loss: 1.0772
Epoch 71/100 | Batch 16800/18922 | KD Loss: 4.8681 | Base Loss: 0.7911
Epoch 71/100 | Batch 17000/18922 | KD Loss: 4.8794 | Base Loss: 0.7940
Epoch 71/100 | Batch 17200/18922 | KD Loss: 4.8766 | Base Loss: 0.8347
Epoch 71/100 | Batch 17400/18922 | KD Loss: 4.8097 | Base Loss: 0.7023
Epoch 71/100 | Batch 17600/18922 | KD Loss: 4.6207 | Base Loss: 0.6780
Epoch 71/100 | Batch 17800/18922 | KD Loss: 5.0034 | Base Loss: 0.9407
Epoch 71/100 | Batch 18000/18922 | KD Loss: 4.7956 | Base Loss: 0.8008
Epoch 71/100 | Batch 18200/18922 | KD Loss: 4.7440 | Base Loss: 0.8772
Epoch 71/100 | Batch 18400/18922 | KD Loss: 4.9200 | Base Loss: 0.9529
Epoch 71/100 | Batch 18600/18922 | KD Loss: 4.5183 | Base Loss: 0.6457
Epoch 71/100 | Batch 18800/18922 | KD Loss: 4.9111 | Base Loss: 0.8441
====> Epoch 71 Average KD Loss: 4.8091 | LR: 0.000200
Epoch 72/100 | Batch 0/18922 | KD Loss: 4.5290 | Base Loss: 0.5911
Epoch 72/100 | Batch 200/18922 | KD Loss: 4.4870 | Base Loss: 0.6781
Epoch 72/100 | Batch 400/18922 | KD Loss: 5.0006 | Base Loss: 0.7183
Epoch 72/100 | Batch 600/18922 | KD Loss: 4.5793 | Base Loss: 0.6338
Epoch 72/100 | Batch 800/18922 | KD Loss: 4.6839 | Base Loss: 0.7093
Epoch 72/100 | Batch 1000/18922 | KD Loss: 4.6268 | Base Loss: 0.6826
Epoch 72/100 | Batch 1200/18922 | KD Loss: 4.5297 | Base Loss: 0.7737
Epoch 72/100 | Batch 1400/18922 | KD Loss: 4.8865 | Base Loss: 0.8331
Epoch 72/100 | Batch 1600/18922 | KD Loss: 4.8889 | Base Loss: 0.7797
Epoch 72/100 | Batch 1800/18922 | KD Loss: 4.9072 | Base Loss: 0.7916
Epoch 72/100 | Batch 2000/18922 | KD Loss: 4.9842 | Base Loss: 0.8741
Epoch 72/100 | Batch 2200/18922 | KD Loss: 4.7492 | Base Loss: 0.8966
Epoch 72/100 | Batch 2400/18922 | KD Loss: 4.9468 | Base Loss: 0.8706
Epoch 72/100 | Batch 2600/18922 | KD Loss: 4.6543 | Base Loss: 0.6863
Epoch 72/100 | Batch 2800/18922 | KD Loss: 4.6891 | Base Loss: 0.7938
Epoch 72/100 | Batch 3000/18922 | KD Loss: 5.1233 | Base Loss: 0.9547
Epoch 72/100 | Batch 3200/18922 | KD Loss: 5.0547 | Base Loss: 0.7884
Epoch 72/100 | Batch 3400/18922 | KD Loss: 4.9486 | Base Loss: 0.8875
Epoch 72/100 | Batch 3600/18922 | KD Loss: 4.8152 | Base Loss: 0.7345
Epoch 72/100 | Batch 3800/18922 | KD Loss: 5.0013 | Base Loss: 0.9579
Epoch 72/100 | Batch 4000/18922 | KD Loss: 4.7758 | Base Loss: 0.8308
Epoch 72/100 | Batch 4200/18922 | KD Loss: 4.6630 | Base Loss: 0.8976
Epoch 72/100 | Batch 4400/18922 | KD Loss: 4.7960 | Base Loss: 0.7656
Epoch 72/100 | Batch 4600/18922 | KD Loss: 5.1142 | Base Loss: 0.9986
Epoch 72/100 | Batch 4800/18922 | KD Loss: 4.8312 | Base Loss: 1.0244
Epoch 72/100 | Batch 5000/18922 | KD Loss: 4.7492 | Base Loss: 0.7530
Epoch 72/100 | Batch 5200/18922 | KD Loss: 5.0599 | Base Loss: 0.8816
Epoch 72/100 | Batch 5400/18922 | KD Loss: 4.8866 | Base Loss: 0.8001
Epoch 72/100 | Batch 5600/18922 | KD Loss: 4.8417 | Base Loss: 0.8577
Epoch 72/100 | Batch 5800/18922 | KD Loss: 5.1381 | Base Loss: 0.7405
Epoch 72/100 | Batch 6000/18922 | KD Loss: 4.8207 | Base Loss: 0.7537
Epoch 72/100 | Batch 6200/18922 | KD Loss: 4.8561 | Base Loss: 0.7878
Epoch 72/100 | Batch 6400/18922 | KD Loss: 4.4961 | Base Loss: 0.5443
Epoch 72/100 | Batch 6600/18922 | KD Loss: 4.8672 | Base Loss: 0.7528
Epoch 72/100 | Batch 6800/18922 | KD Loss: 4.9077 | Base Loss: 0.7770
Epoch 72/100 | Batch 7000/18922 | KD Loss: 4.7359 | Base Loss: 0.7313
Epoch 72/100 | Batch 7200/18922 | KD Loss: 4.9825 | Base Loss: 0.6337
Epoch 72/100 | Batch 7400/18922 | KD Loss: 5.1535 | Base Loss: 0.8473
Epoch 72/100 | Batch 7600/18922 | KD Loss: 5.2574 | Base Loss: 1.0809
Epoch 72/100 | Batch 7800/18922 | KD Loss: 4.7128 | Base Loss: 0.6576
Epoch 72/100 | Batch 8000/18922 | KD Loss: 4.6032 | Base Loss: 0.7545
Epoch 72/100 | Batch 8200/18922 | KD Loss: 4.5319 | Base Loss: 0.6224
Epoch 72/100 | Batch 8400/18922 | KD Loss: 5.0315 | Base Loss: 1.1272
Epoch 72/100 | Batch 8600/18922 | KD Loss: 5.0370 | Base Loss: 0.8782
Epoch 72/100 | Batch 8800/18922 | KD Loss: 4.5832 | Base Loss: 0.7248
Epoch 72/100 | Batch 9000/18922 | KD Loss: 4.8344 | Base Loss: 0.8388
Epoch 72/100 | Batch 9200/18922 | KD Loss: 4.8928 | Base Loss: 0.8947
Epoch 72/100 | Batch 9400/18922 | KD Loss: 5.0734 | Base Loss: 0.9271
Epoch 72/100 | Batch 9600/18922 | KD Loss: 4.8673 | Base Loss: 0.7920
Epoch 72/100 | Batch 9800/18922 | KD Loss: 5.1334 | Base Loss: 0.7286
Epoch 72/100 | Batch 10000/18922 | KD Loss: 4.7437 | Base Loss: 0.7253
Epoch 72/100 | Batch 10200/18922 | KD Loss: 4.7627 | Base Loss: 0.7894
Epoch 72/100 | Batch 10400/18922 | KD Loss: 4.6916 | Base Loss: 0.7360
Epoch 72/100 | Batch 10600/18922 | KD Loss: 4.8095 | Base Loss: 0.8073
Epoch 72/100 | Batch 10800/18922 | KD Loss: 5.1372 | Base Loss: 0.8735
Epoch 72/100 | Batch 11000/18922 | KD Loss: 4.7742 | Base Loss: 0.9622
Epoch 72/100 | Batch 11200/18922 | KD Loss: 4.8227 | Base Loss: 0.7465
Epoch 72/100 | Batch 11400/18922 | KD Loss: 4.8584 | Base Loss: 0.8998
Epoch 72/100 | Batch 11600/18922 | KD Loss: 5.1940 | Base Loss: 0.7728
Epoch 72/100 | Batch 11800/18922 | KD Loss: 4.5229 | Base Loss: 0.7320
Epoch 72/100 | Batch 12000/18922 | KD Loss: 4.9174 | Base Loss: 0.8070
Epoch 72/100 | Batch 12200/18922 | KD Loss: 4.7578 | Base Loss: 1.0107
Epoch 72/100 | Batch 12400/18922 | KD Loss: 4.6956 | Base Loss: 0.7062
Epoch 72/100 | Batch 12600/18922 | KD Loss: 4.7127 | Base Loss: 0.6669
Epoch 72/100 | Batch 12800/18922 | KD Loss: 4.8742 | Base Loss: 0.9266
Epoch 72/100 | Batch 13000/18922 | KD Loss: 4.9006 | Base Loss: 0.8765
Epoch 72/100 | Batch 13200/18922 | KD Loss: 4.7499 | Base Loss: 0.6730
Epoch 72/100 | Batch 13400/18922 | KD Loss: 4.6547 | Base Loss: 0.6469
Epoch 72/100 | Batch 13600/18922 | KD Loss: 4.9651 | Base Loss: 0.7075
Epoch 72/100 | Batch 13800/18922 | KD Loss: 4.9702 | Base Loss: 0.8125
Epoch 72/100 | Batch 14000/18922 | KD Loss: 4.6026 | Base Loss: 0.6899
Epoch 72/100 | Batch 14200/18922 | KD Loss: 4.8669 | Base Loss: 0.8387
Epoch 72/100 | Batch 14400/18922 | KD Loss: 4.8009 | Base Loss: 0.8697
Epoch 72/100 | Batch 14600/18922 | KD Loss: 4.8610 | Base Loss: 0.7194
Epoch 72/100 | Batch 14800/18922 | KD Loss: 4.9756 | Base Loss: 0.8097
Epoch 72/100 | Batch 15000/18922 | KD Loss: 4.7686 | Base Loss: 0.7556
Epoch 72/100 | Batch 15200/18922 | KD Loss: 4.7209 | Base Loss: 0.7442
Epoch 72/100 | Batch 15400/18922 | KD Loss: 4.8312 | Base Loss: 0.7241
Epoch 72/100 | Batch 15600/18922 | KD Loss: 5.5368 | Base Loss: 0.9226
Epoch 72/100 | Batch 15800/18922 | KD Loss: 4.9647 | Base Loss: 0.8953
Epoch 72/100 | Batch 16000/18922 | KD Loss: 5.1893 | Base Loss: 0.8488
Epoch 72/100 | Batch 16200/18922 | KD Loss: 5.2613 | Base Loss: 0.9868
Epoch 72/100 | Batch 16400/18922 | KD Loss: 5.0015 | Base Loss: 0.7719
Epoch 72/100 | Batch 16600/18922 | KD Loss: 4.6630 | Base Loss: 0.6512
Epoch 72/100 | Batch 16800/18922 | KD Loss: 4.8832 | Base Loss: 0.7203
Epoch 72/100 | Batch 17000/18922 | KD Loss: 4.9042 | Base Loss: 0.8314
Epoch 72/100 | Batch 17200/18922 | KD Loss: 4.6828 | Base Loss: 1.0198
Epoch 72/100 | Batch 17400/18922 | KD Loss: 4.7605 | Base Loss: 0.6926
Epoch 72/100 | Batch 17600/18922 | KD Loss: 4.7546 | Base Loss: 0.8962
Epoch 72/100 | Batch 17800/18922 | KD Loss: 5.0150 | Base Loss: 0.8788
Epoch 72/100 | Batch 18000/18922 | KD Loss: 4.5959 | Base Loss: 0.6419
Epoch 72/100 | Batch 18200/18922 | KD Loss: 4.7340 | Base Loss: 0.7008
Epoch 72/100 | Batch 18400/18922 | KD Loss: 4.6415 | Base Loss: 0.8546
Epoch 72/100 | Batch 18600/18922 | KD Loss: 5.0509 | Base Loss: 0.8195
Epoch 72/100 | Batch 18800/18922 | KD Loss: 4.7356 | Base Loss: 0.7814
====> Epoch 72 Average KD Loss: 4.8073 | LR: 0.000200
Epoch 73/100 | Batch 0/18922 | KD Loss: 4.7848 | Base Loss: 0.7111
Epoch 73/100 | Batch 200/18922 | KD Loss: 4.7497 | Base Loss: 0.9183
Epoch 73/100 | Batch 400/18922 | KD Loss: 5.0424 | Base Loss: 0.8560
Epoch 73/100 | Batch 600/18922 | KD Loss: 4.8735 | Base Loss: 0.9153
Epoch 73/100 | Batch 800/18922 | KD Loss: 4.5948 | Base Loss: 0.6788
Epoch 73/100 | Batch 1000/18922 | KD Loss: 4.5330 | Base Loss: 0.6968
Epoch 73/100 | Batch 1200/18922 | KD Loss: 5.1080 | Base Loss: 0.8043
Epoch 73/100 | Batch 1400/18922 | KD Loss: 4.4369 | Base Loss: 0.6712
Epoch 73/100 | Batch 1600/18922 | KD Loss: 4.7554 | Base Loss: 0.7770
Epoch 73/100 | Batch 1800/18922 | KD Loss: 4.6178 | Base Loss: 0.7660
Epoch 73/100 | Batch 2000/18922 | KD Loss: 4.5832 | Base Loss: 0.6163
Epoch 73/100 | Batch 2200/18922 | KD Loss: 4.5342 | Base Loss: 0.6318
Epoch 73/100 | Batch 2400/18922 | KD Loss: 4.7281 | Base Loss: 0.8412
Epoch 73/100 | Batch 2600/18922 | KD Loss: 4.6656 | Base Loss: 0.5859
Epoch 73/100 | Batch 2800/18922 | KD Loss: 4.4973 | Base Loss: 0.6550
Epoch 73/100 | Batch 3000/18922 | KD Loss: 4.6700 | Base Loss: 0.8149
Epoch 73/100 | Batch 3200/18922 | KD Loss: 4.5942 | Base Loss: 0.7003
Epoch 73/100 | Batch 3400/18922 | KD Loss: 4.6924 | Base Loss: 0.9211
Epoch 73/100 | Batch 3600/18922 | KD Loss: 4.9464 | Base Loss: 0.8115
Epoch 73/100 | Batch 3800/18922 | KD Loss: 4.5743 | Base Loss: 0.7563
Epoch 73/100 | Batch 4000/18922 | KD Loss: 4.6899 | Base Loss: 0.7509
Epoch 73/100 | Batch 4200/18922 | KD Loss: 4.9826 | Base Loss: 0.8473
Epoch 73/100 | Batch 4400/18922 | KD Loss: 5.1917 | Base Loss: 0.8316
Epoch 73/100 | Batch 4600/18922 | KD Loss: 5.4169 | Base Loss: 1.0966
Epoch 73/100 | Batch 4800/18922 | KD Loss: 5.1438 | Base Loss: 0.8903
Epoch 73/100 | Batch 5000/18922 | KD Loss: 5.1982 | Base Loss: 0.8946
Epoch 73/100 | Batch 5200/18922 | KD Loss: 4.6296 | Base Loss: 0.8006
Epoch 73/100 | Batch 5400/18922 | KD Loss: 4.6755 | Base Loss: 0.7519
Epoch 73/100 | Batch 5600/18922 | KD Loss: 4.7930 | Base Loss: 0.7983
Epoch 73/100 | Batch 5800/18922 | KD Loss: 4.8193 | Base Loss: 0.8058
Epoch 73/100 | Batch 6000/18922 | KD Loss: 4.9555 | Base Loss: 0.9431
Epoch 73/100 | Batch 6200/18922 | KD Loss: 5.2963 | Base Loss: 0.6590
Epoch 73/100 | Batch 6400/18922 | KD Loss: 4.8377 | Base Loss: 0.6976
Epoch 73/100 | Batch 6600/18922 | KD Loss: 4.8536 | Base Loss: 0.8533
Epoch 73/100 | Batch 6800/18922 | KD Loss: 5.0973 | Base Loss: 0.8469
Epoch 73/100 | Batch 7000/18922 | KD Loss: 5.2324 | Base Loss: 0.7800
Epoch 73/100 | Batch 7200/18922 | KD Loss: 4.5689 | Base Loss: 0.7135
Epoch 73/100 | Batch 7400/18922 | KD Loss: 4.7311 | Base Loss: 0.6601
Epoch 73/100 | Batch 7600/18922 | KD Loss: 5.4990 | Base Loss: 0.9027
Epoch 73/100 | Batch 7800/18922 | KD Loss: 4.8053 | Base Loss: 0.7679
Epoch 73/100 | Batch 8000/18922 | KD Loss: 4.6949 | Base Loss: 0.6980
Epoch 73/100 | Batch 8200/18922 | KD Loss: 4.7316 | Base Loss: 0.8750
Epoch 73/100 | Batch 8400/18922 | KD Loss: 4.6504 | Base Loss: 0.7878
Epoch 73/100 | Batch 8600/18922 | KD Loss: 5.3997 | Base Loss: 0.8952
Epoch 73/100 | Batch 8800/18922 | KD Loss: 4.7813 | Base Loss: 0.8174
Epoch 73/100 | Batch 9000/18922 | KD Loss: 5.4297 | Base Loss: 1.2325
Epoch 73/100 | Batch 9200/18922 | KD Loss: 4.6830 | Base Loss: 0.7654
Epoch 73/100 | Batch 9400/18922 | KD Loss: 4.8160 | Base Loss: 0.7572
Epoch 73/100 | Batch 9600/18922 | KD Loss: 4.8708 | Base Loss: 0.8766
Epoch 73/100 | Batch 9800/18922 | KD Loss: 4.5507 | Base Loss: 0.5731
Epoch 73/100 | Batch 10000/18922 | KD Loss: 4.3358 | Base Loss: 0.6306
Epoch 73/100 | Batch 10200/18922 | KD Loss: 4.3631 | Base Loss: 0.6217
Epoch 73/100 | Batch 10400/18922 | KD Loss: 4.7946 | Base Loss: 0.8730
Epoch 73/100 | Batch 10600/18922 | KD Loss: 4.6229 | Base Loss: 0.7505
Epoch 73/100 | Batch 10800/18922 | KD Loss: 4.7366 | Base Loss: 0.8307
Epoch 73/100 | Batch 11000/18922 | KD Loss: 4.9804 | Base Loss: 0.7080
Epoch 73/100 | Batch 11200/18922 | KD Loss: 4.5994 | Base Loss: 0.6489
Epoch 73/100 | Batch 11400/18922 | KD Loss: 5.0490 | Base Loss: 0.8032
Epoch 73/100 | Batch 11600/18922 | KD Loss: 4.8407 | Base Loss: 0.8961
Epoch 73/100 | Batch 11800/18922 | KD Loss: 4.9809 | Base Loss: 0.8359
Epoch 73/100 | Batch 12000/18922 | KD Loss: 4.7719 | Base Loss: 0.6933
Epoch 73/100 | Batch 12200/18922 | KD Loss: 5.0067 | Base Loss: 0.7601
Epoch 73/100 | Batch 12400/18922 | KD Loss: 4.9684 | Base Loss: 0.7038
Epoch 73/100 | Batch 12600/18922 | KD Loss: 4.7728 | Base Loss: 0.8217
Epoch 73/100 | Batch 12800/18922 | KD Loss: 4.8429 | Base Loss: 1.0605
Epoch 73/100 | Batch 13000/18922 | KD Loss: 4.4824 | Base Loss: 0.7443
Epoch 73/100 | Batch 13200/18922 | KD Loss: 4.6643 | Base Loss: 0.7915
Epoch 73/100 | Batch 13400/18922 | KD Loss: 4.6030 | Base Loss: 0.6943
Epoch 73/100 | Batch 13600/18922 | KD Loss: 4.7027 | Base Loss: 0.7197
Epoch 73/100 | Batch 13800/18922 | KD Loss: 4.7516 | Base Loss: 0.6969
Epoch 73/100 | Batch 14000/18922 | KD Loss: 4.8974 | Base Loss: 0.7772
Epoch 73/100 | Batch 14200/18922 | KD Loss: 4.9707 | Base Loss: 1.0093
Epoch 73/100 | Batch 14400/18922 | KD Loss: 5.3250 | Base Loss: 0.8355
Epoch 73/100 | Batch 14600/18922 | KD Loss: 4.3774 | Base Loss: 0.7965
Epoch 73/100 | Batch 14800/18922 | KD Loss: 4.7776 | Base Loss: 0.7927
Epoch 73/100 | Batch 15000/18922 | KD Loss: 5.0274 | Base Loss: 0.8795
Epoch 73/100 | Batch 15200/18922 | KD Loss: 4.8263 | Base Loss: 0.8578
Epoch 73/100 | Batch 15400/18922 | KD Loss: 5.0163 | Base Loss: 0.9617
Epoch 73/100 | Batch 15600/18922 | KD Loss: 4.9215 | Base Loss: 0.7568
Epoch 73/100 | Batch 15800/18922 | KD Loss: 4.5968 | Base Loss: 0.6671
Epoch 73/100 | Batch 16000/18922 | KD Loss: 4.2465 | Base Loss: 0.5936
Epoch 73/100 | Batch 16200/18922 | KD Loss: 4.6099 | Base Loss: 0.8081
Epoch 73/100 | Batch 16400/18922 | KD Loss: 4.8726 | Base Loss: 0.6349
Epoch 73/100 | Batch 16600/18922 | KD Loss: 4.9740 | Base Loss: 0.9343
Epoch 73/100 | Batch 16800/18922 | KD Loss: 4.4397 | Base Loss: 0.7494
Epoch 73/100 | Batch 17000/18922 | KD Loss: 4.7598 | Base Loss: 0.6935
Epoch 73/100 | Batch 17200/18922 | KD Loss: 4.8257 | Base Loss: 0.8945
Epoch 73/100 | Batch 17400/18922 | KD Loss: 4.7156 | Base Loss: 0.7741
Epoch 73/100 | Batch 17600/18922 | KD Loss: 4.9584 | Base Loss: 0.8037
Epoch 73/100 | Batch 17800/18922 | KD Loss: 4.9519 | Base Loss: 0.8887
Epoch 73/100 | Batch 18000/18922 | KD Loss: 4.6647 | Base Loss: 0.6755
Epoch 73/100 | Batch 18200/18922 | KD Loss: 4.8896 | Base Loss: 0.7807
Epoch 73/100 | Batch 18400/18922 | KD Loss: 4.8881 | Base Loss: 0.7421
Epoch 73/100 | Batch 18600/18922 | KD Loss: 5.2132 | Base Loss: 1.0354
Epoch 73/100 | Batch 18800/18922 | KD Loss: 4.7676 | Base Loss: 0.7218
====> Epoch 73 Average KD Loss: 4.8075 | LR: 0.000200
Epoch 74/100 | Batch 0/18922 | KD Loss: 4.7887 | Base Loss: 0.7470
Epoch 74/100 | Batch 200/18922 | KD Loss: 5.0056 | Base Loss: 0.8474
Epoch 74/100 | Batch 400/18922 | KD Loss: 4.8897 | Base Loss: 0.8868
Epoch 74/100 | Batch 600/18922 | KD Loss: 4.5516 | Base Loss: 0.7566
Epoch 74/100 | Batch 800/18922 | KD Loss: 5.2039 | Base Loss: 0.7199
Epoch 74/100 | Batch 1000/18922 | KD Loss: 4.7933 | Base Loss: 0.7394
Epoch 74/100 | Batch 1200/18922 | KD Loss: 4.5494 | Base Loss: 0.5925
Epoch 74/100 | Batch 1400/18922 | KD Loss: 4.4342 | Base Loss: 0.7104
Epoch 74/100 | Batch 1600/18922 | KD Loss: 4.8299 | Base Loss: 0.7571
Epoch 74/100 | Batch 1800/18922 | KD Loss: 5.0365 | Base Loss: 0.6791
Epoch 74/100 | Batch 2000/18922 | KD Loss: 5.2179 | Base Loss: 0.7010
Epoch 74/100 | Batch 2200/18922 | KD Loss: 4.8981 | Base Loss: 0.8425
Epoch 74/100 | Batch 2400/18922 | KD Loss: 4.6328 | Base Loss: 0.7480
Epoch 74/100 | Batch 2600/18922 | KD Loss: 4.6235 | Base Loss: 0.7668
Epoch 74/100 | Batch 2800/18922 | KD Loss: 4.4742 | Base Loss: 0.7609
Epoch 74/100 | Batch 3000/18922 | KD Loss: 4.6078 | Base Loss: 0.8395
Epoch 74/100 | Batch 3200/18922 | KD Loss: 4.7934 | Base Loss: 0.8320
Epoch 74/100 | Batch 3400/18922 | KD Loss: 5.2176 | Base Loss: 0.9445
Epoch 74/100 | Batch 3600/18922 | KD Loss: 4.6663 | Base Loss: 0.8692
Epoch 74/100 | Batch 3800/18922 | KD Loss: 4.9432 | Base Loss: 0.7028
Epoch 74/100 | Batch 4000/18922 | KD Loss: 4.6997 | Base Loss: 0.6785
Epoch 74/100 | Batch 4200/18922 | KD Loss: 4.8618 | Base Loss: 0.7128
Epoch 74/100 | Batch 4400/18922 | KD Loss: 4.8484 | Base Loss: 0.8191
Epoch 74/100 | Batch 4600/18922 | KD Loss: 4.4676 | Base Loss: 0.7669
Epoch 74/100 | Batch 4800/18922 | KD Loss: 4.7799 | Base Loss: 0.6821
Epoch 74/100 | Batch 5000/18922 | KD Loss: 4.7697 | Base Loss: 0.7912
Epoch 74/100 | Batch 5200/18922 | KD Loss: 5.3248 | Base Loss: 1.0367
Epoch 74/100 | Batch 5400/18922 | KD Loss: 4.8636 | Base Loss: 0.9561
Epoch 74/100 | Batch 5600/18922 | KD Loss: 4.6761 | Base Loss: 0.8664
Epoch 74/100 | Batch 5800/18922 | KD Loss: 4.3828 | Base Loss: 0.6450
Epoch 74/100 | Batch 6000/18922 | KD Loss: 4.7754 | Base Loss: 0.7017
Epoch 74/100 | Batch 6200/18922 | KD Loss: 4.7202 | Base Loss: 0.8366
Epoch 74/100 | Batch 6400/18922 | KD Loss: 4.5441 | Base Loss: 0.6450
Epoch 74/100 | Batch 6600/18922 | KD Loss: 4.8590 | Base Loss: 0.9051
Epoch 74/100 | Batch 6800/18922 | KD Loss: 4.5895 | Base Loss: 0.7391
Epoch 74/100 | Batch 7000/18922 | KD Loss: 4.8439 | Base Loss: 0.8106
Epoch 74/100 | Batch 7200/18922 | KD Loss: 5.1313 | Base Loss: 0.8719
Epoch 74/100 | Batch 7400/18922 | KD Loss: 4.8089 | Base Loss: 0.9412
Epoch 74/100 | Batch 7600/18922 | KD Loss: 4.4357 | Base Loss: 0.6981
Epoch 74/100 | Batch 7800/18922 | KD Loss: 4.5969 | Base Loss: 0.7275
Epoch 74/100 | Batch 8000/18922 | KD Loss: 4.5185 | Base Loss: 0.7642
Epoch 74/100 | Batch 8200/18922 | KD Loss: 4.9365 | Base Loss: 0.8039
Epoch 74/100 | Batch 8400/18922 | KD Loss: 4.9855 | Base Loss: 0.6770
Epoch 74/100 | Batch 8600/18922 | KD Loss: 4.6979 | Base Loss: 0.8077
Epoch 74/100 | Batch 8800/18922 | KD Loss: 4.7996 | Base Loss: 0.7517
Epoch 74/100 | Batch 9000/18922 | KD Loss: 4.8569 | Base Loss: 0.8731
Epoch 74/100 | Batch 9200/18922 | KD Loss: 4.8160 | Base Loss: 0.9068
Epoch 74/100 | Batch 9400/18922 | KD Loss: 4.9358 | Base Loss: 0.8390
Epoch 74/100 | Batch 9600/18922 | KD Loss: 4.8565 | Base Loss: 0.7175
Epoch 74/100 | Batch 9800/18922 | KD Loss: 5.1402 | Base Loss: 0.9070
Epoch 74/100 | Batch 10000/18922 | KD Loss: 5.0720 | Base Loss: 1.0404
Epoch 74/100 | Batch 10200/18922 | KD Loss: 5.0163 | Base Loss: 0.9572
Epoch 74/100 | Batch 10400/18922 | KD Loss: 4.7262 | Base Loss: 0.8847
Epoch 74/100 | Batch 10600/18922 | KD Loss: 4.5851 | Base Loss: 0.7849
Epoch 74/100 | Batch 10800/18922 | KD Loss: 4.8492 | Base Loss: 0.8551
Epoch 74/100 | Batch 11000/18922 | KD Loss: 4.8953 | Base Loss: 0.8617
Epoch 74/100 | Batch 11200/18922 | KD Loss: 5.0068 | Base Loss: 0.7459
Epoch 74/100 | Batch 11400/18922 | KD Loss: 4.8688 | Base Loss: 0.9640
Epoch 74/100 | Batch 11600/18922 | KD Loss: 4.6429 | Base Loss: 0.8503
Epoch 74/100 | Batch 11800/18922 | KD Loss: 4.5263 | Base Loss: 0.7117
Epoch 74/100 | Batch 12000/18922 | KD Loss: 4.8278 | Base Loss: 0.8501
Epoch 74/100 | Batch 12200/18922 | KD Loss: 4.9713 | Base Loss: 0.7610
Epoch 74/100 | Batch 12400/18922 | KD Loss: 4.6386 | Base Loss: 0.5615
Epoch 74/100 | Batch 12600/18922 | KD Loss: 5.1475 | Base Loss: 0.8009
Epoch 74/100 | Batch 12800/18922 | KD Loss: 5.0357 | Base Loss: 0.8075
Epoch 74/100 | Batch 13000/18922 | KD Loss: 4.5446 | Base Loss: 0.8402
Epoch 74/100 | Batch 13200/18922 | KD Loss: 4.8656 | Base Loss: 0.7095
Epoch 74/100 | Batch 13400/18922 | KD Loss: 4.6471 | Base Loss: 0.6610
Epoch 74/100 | Batch 13600/18922 | KD Loss: 4.5930 | Base Loss: 0.7036
Epoch 74/100 | Batch 13800/18922 | KD Loss: 4.4975 | Base Loss: 0.7409
Epoch 74/100 | Batch 14000/18922 | KD Loss: 4.8864 | Base Loss: 0.7310
Epoch 74/100 | Batch 14200/18922 | KD Loss: 4.9107 | Base Loss: 0.9069
Epoch 74/100 | Batch 14400/18922 | KD Loss: 5.0845 | Base Loss: 0.8932
Epoch 74/100 | Batch 14600/18922 | KD Loss: 4.6550 | Base Loss: 0.8103
Epoch 74/100 | Batch 14800/18922 | KD Loss: 4.8801 | Base Loss: 0.7980
Epoch 74/100 | Batch 15000/18922 | KD Loss: 4.7593 | Base Loss: 0.8830
Epoch 74/100 | Batch 15200/18922 | KD Loss: 4.5107 | Base Loss: 0.7246
Epoch 74/100 | Batch 15400/18922 | KD Loss: 4.5631 | Base Loss: 0.6757
Epoch 74/100 | Batch 15600/18922 | KD Loss: 4.8102 | Base Loss: 0.8666
Epoch 74/100 | Batch 15800/18922 | KD Loss: 4.4923 | Base Loss: 0.6101
Epoch 74/100 | Batch 16000/18922 | KD Loss: 4.7518 | Base Loss: 0.7244
Epoch 74/100 | Batch 16200/18922 | KD Loss: 4.5406 | Base Loss: 0.6462
Epoch 74/100 | Batch 16400/18922 | KD Loss: 4.6943 | Base Loss: 0.6249
Epoch 74/100 | Batch 16600/18922 | KD Loss: 4.9723 | Base Loss: 0.8111
Epoch 74/100 | Batch 16800/18922 | KD Loss: 4.9671 | Base Loss: 0.8596
Epoch 74/100 | Batch 17000/18922 | KD Loss: 4.4643 | Base Loss: 0.6950
Epoch 74/100 | Batch 17200/18922 | KD Loss: 4.6457 | Base Loss: 0.8083
Epoch 74/100 | Batch 17400/18922 | KD Loss: 4.9716 | Base Loss: 0.8436
Epoch 74/100 | Batch 17600/18922 | KD Loss: 4.9577 | Base Loss: 0.8633
Epoch 74/100 | Batch 17800/18922 | KD Loss: 4.7214 | Base Loss: 0.7458
Epoch 74/100 | Batch 18000/18922 | KD Loss: 4.7637 | Base Loss: 0.8355
Epoch 74/100 | Batch 18200/18922 | KD Loss: 5.1111 | Base Loss: 0.9612
Epoch 74/100 | Batch 18400/18922 | KD Loss: 5.2745 | Base Loss: 0.7654
Epoch 74/100 | Batch 18600/18922 | KD Loss: 5.1628 | Base Loss: 0.9756
Epoch 74/100 | Batch 18800/18922 | KD Loss: 5.2620 | Base Loss: 0.6954
====> Epoch 74 Average KD Loss: 4.8044 | LR: 0.000200
Epoch 75/100 | Batch 0/18922 | KD Loss: 4.7338 | Base Loss: 0.6874
Epoch 75/100 | Batch 200/18922 | KD Loss: 4.7719 | Base Loss: 0.8446
Epoch 75/100 | Batch 400/18922 | KD Loss: 4.8048 | Base Loss: 0.9208
Epoch 75/100 | Batch 600/18922 | KD Loss: 4.7213 | Base Loss: 0.8959
Epoch 75/100 | Batch 800/18922 | KD Loss: 4.7625 | Base Loss: 0.8840
Epoch 75/100 | Batch 1000/18922 | KD Loss: 4.7753 | Base Loss: 0.7641
Epoch 75/100 | Batch 1200/18922 | KD Loss: 5.0412 | Base Loss: 0.9782
Epoch 75/100 | Batch 1400/18922 | KD Loss: 4.4996 | Base Loss: 0.7245
Epoch 75/100 | Batch 1600/18922 | KD Loss: 5.0206 | Base Loss: 0.6943
Epoch 75/100 | Batch 1800/18922 | KD Loss: 4.5895 | Base Loss: 0.6432
Epoch 75/100 | Batch 2000/18922 | KD Loss: 4.9729 | Base Loss: 0.9076
Epoch 75/100 | Batch 2200/18922 | KD Loss: 5.0082 | Base Loss: 1.0471
Epoch 75/100 | Batch 2400/18922 | KD Loss: 4.3337 | Base Loss: 0.5681
Epoch 75/100 | Batch 2600/18922 | KD Loss: 4.7134 | Base Loss: 0.9491
Epoch 75/100 | Batch 2800/18922 | KD Loss: 4.6142 | Base Loss: 0.7181
Epoch 75/100 | Batch 3000/18922 | KD Loss: 5.1433 | Base Loss: 0.7819
Epoch 75/100 | Batch 3200/18922 | KD Loss: 4.6666 | Base Loss: 0.7463
Epoch 75/100 | Batch 3400/18922 | KD Loss: 4.8219 | Base Loss: 0.8515
Epoch 75/100 | Batch 3600/18922 | KD Loss: 4.9125 | Base Loss: 0.8876
Epoch 75/100 | Batch 3800/18922 | KD Loss: 4.6848 | Base Loss: 0.6697
Epoch 75/100 | Batch 4000/18922 | KD Loss: 4.9381 | Base Loss: 0.8448
Epoch 75/100 | Batch 4200/18922 | KD Loss: 4.8252 | Base Loss: 0.8758
Epoch 75/100 | Batch 4400/18922 | KD Loss: 5.0381 | Base Loss: 1.0335
Epoch 75/100 | Batch 4600/18922 | KD Loss: 5.3833 | Base Loss: 1.0174
Epoch 75/100 | Batch 4800/18922 | KD Loss: 4.7396 | Base Loss: 0.7352
Epoch 75/100 | Batch 5000/18922 | KD Loss: 4.9850 | Base Loss: 0.9172
Epoch 75/100 | Batch 5200/18922 | KD Loss: 4.5245 | Base Loss: 0.7347
Epoch 75/100 | Batch 5400/18922 | KD Loss: 5.0505 | Base Loss: 0.9232
Epoch 75/100 | Batch 5600/18922 | KD Loss: 4.8894 | Base Loss: 0.8009
Epoch 75/100 | Batch 5800/18922 | KD Loss: 4.8842 | Base Loss: 1.0368
Epoch 75/100 | Batch 6000/18922 | KD Loss: 4.3241 | Base Loss: 0.5969
Epoch 75/100 | Batch 6200/18922 | KD Loss: 4.6488 | Base Loss: 0.7273
Epoch 75/100 | Batch 6400/18922 | KD Loss: 4.8245 | Base Loss: 0.7720
Epoch 75/100 | Batch 6600/18922 | KD Loss: 5.0262 | Base Loss: 1.0250
Epoch 75/100 | Batch 6800/18922 | KD Loss: 4.6012 | Base Loss: 0.7015
Epoch 75/100 | Batch 7000/18922 | KD Loss: 4.7566 | Base Loss: 0.7966
Epoch 75/100 | Batch 7200/18922 | KD Loss: 4.5158 | Base Loss: 0.7050
Epoch 75/100 | Batch 7400/18922 | KD Loss: 4.6753 | Base Loss: 0.7563
Epoch 75/100 | Batch 7600/18922 | KD Loss: 4.8584 | Base Loss: 0.9239
Epoch 75/100 | Batch 7800/18922 | KD Loss: 4.7739 | Base Loss: 0.8285
Epoch 75/100 | Batch 8000/18922 | KD Loss: 4.9359 | Base Loss: 0.8234
Epoch 75/100 | Batch 8200/18922 | KD Loss: 4.7470 | Base Loss: 0.7809
Epoch 75/100 | Batch 8400/18922 | KD Loss: 4.9545 | Base Loss: 0.8368
Epoch 75/100 | Batch 8600/18922 | KD Loss: 4.6821 | Base Loss: 0.8968
Epoch 75/100 | Batch 8800/18922 | KD Loss: 4.9806 | Base Loss: 0.6600
Epoch 75/100 | Batch 9000/18922 | KD Loss: 5.0406 | Base Loss: 0.7899
Epoch 75/100 | Batch 9200/18922 | KD Loss: 4.8109 | Base Loss: 0.9289
Epoch 75/100 | Batch 9400/18922 | KD Loss: 4.4768 | Base Loss: 0.7945
Epoch 75/100 | Batch 9600/18922 | KD Loss: 4.8757 | Base Loss: 0.8284
Epoch 75/100 | Batch 9800/18922 | KD Loss: 5.1980 | Base Loss: 0.9291
Epoch 75/100 | Batch 10000/18922 | KD Loss: 4.6272 | Base Loss: 0.9324
Epoch 75/100 | Batch 10200/18922 | KD Loss: 4.9509 | Base Loss: 0.8547
Epoch 75/100 | Batch 10400/18922 | KD Loss: 4.3719 | Base Loss: 0.6319
Epoch 75/100 | Batch 10600/18922 | KD Loss: 4.8394 | Base Loss: 0.6142
Epoch 75/100 | Batch 10800/18922 | KD Loss: 4.9436 | Base Loss: 0.7644
Epoch 75/100 | Batch 11000/18922 | KD Loss: 4.5811 | Base Loss: 0.6301
Epoch 75/100 | Batch 11200/18922 | KD Loss: 4.5437 | Base Loss: 0.7270
Epoch 75/100 | Batch 11400/18922 | KD Loss: 4.9233 | Base Loss: 0.8844
Epoch 75/100 | Batch 11600/18922 | KD Loss: 4.7358 | Base Loss: 0.8356
Epoch 75/100 | Batch 11800/18922 | KD Loss: 4.9758 | Base Loss: 0.9449
Epoch 75/100 | Batch 12000/18922 | KD Loss: 4.8950 | Base Loss: 0.9119
Epoch 75/100 | Batch 12200/18922 | KD Loss: 4.8488 | Base Loss: 0.8617
Epoch 75/100 | Batch 12400/18922 | KD Loss: 4.4987 | Base Loss: 0.7210
Epoch 75/100 | Batch 12600/18922 | KD Loss: 5.1680 | Base Loss: 1.0856
Epoch 75/100 | Batch 12800/18922 | KD Loss: 4.6956 | Base Loss: 0.8574
Epoch 75/100 | Batch 13000/18922 | KD Loss: 4.8448 | Base Loss: 0.7274
Epoch 75/100 | Batch 13200/18922 | KD Loss: 4.7964 | Base Loss: 0.8009
Epoch 75/100 | Batch 13400/18922 | KD Loss: 4.8173 | Base Loss: 0.6915
Epoch 75/100 | Batch 13600/18922 | KD Loss: 4.7760 | Base Loss: 0.8657
Epoch 75/100 | Batch 13800/18922 | KD Loss: 4.6680 | Base Loss: 0.7378
Epoch 75/100 | Batch 14000/18922 | KD Loss: 4.6518 | Base Loss: 0.6161
Epoch 75/100 | Batch 14200/18922 | KD Loss: 5.1556 | Base Loss: 0.7393
Epoch 75/100 | Batch 14400/18922 | KD Loss: 4.5655 | Base Loss: 0.7197
Epoch 75/100 | Batch 14600/18922 | KD Loss: 4.5948 | Base Loss: 0.7346
Epoch 75/100 | Batch 14800/18922 | KD Loss: 4.7456 | Base Loss: 0.8684
Epoch 75/100 | Batch 15000/18922 | KD Loss: 4.7402 | Base Loss: 0.8253
Epoch 75/100 | Batch 15200/18922 | KD Loss: 4.8082 | Base Loss: 0.9033
Epoch 75/100 | Batch 15400/18922 | KD Loss: 4.9836 | Base Loss: 0.7870
Epoch 75/100 | Batch 15600/18922 | KD Loss: 4.8110 | Base Loss: 0.8059
Epoch 75/100 | Batch 15800/18922 | KD Loss: 4.9828 | Base Loss: 0.6364
Epoch 75/100 | Batch 16000/18922 | KD Loss: 4.8163 | Base Loss: 0.8516
Epoch 75/100 | Batch 16200/18922 | KD Loss: 4.7651 | Base Loss: 0.7520
Epoch 75/100 | Batch 16400/18922 | KD Loss: 4.7582 | Base Loss: 0.7083
Epoch 75/100 | Batch 16600/18922 | KD Loss: 5.2907 | Base Loss: 0.7532
Epoch 75/100 | Batch 16800/18922 | KD Loss: 4.5962 | Base Loss: 0.7030
Epoch 75/100 | Batch 17000/18922 | KD Loss: 4.8265 | Base Loss: 0.8204
Epoch 75/100 | Batch 17200/18922 | KD Loss: 4.6487 | Base Loss: 0.7262
Epoch 75/100 | Batch 17400/18922 | KD Loss: 5.2228 | Base Loss: 0.8435
Epoch 75/100 | Batch 17600/18922 | KD Loss: 4.7097 | Base Loss: 0.7458
Epoch 75/100 | Batch 17800/18922 | KD Loss: 4.4484 | Base Loss: 0.6321
Epoch 75/100 | Batch 18000/18922 | KD Loss: 4.9965 | Base Loss: 0.8443
Epoch 75/100 | Batch 18200/18922 | KD Loss: 4.9136 | Base Loss: 0.7245
Epoch 75/100 | Batch 18400/18922 | KD Loss: 5.1248 | Base Loss: 0.7653
Epoch 75/100 | Batch 18600/18922 | KD Loss: 4.8072 | Base Loss: 0.9616
Epoch 75/100 | Batch 18800/18922 | KD Loss: 4.5930 | Base Loss: 0.7491
====> Epoch 75 Average KD Loss: 4.8036 | LR: 0.000200
Epoch 76/100 | Batch 0/18922 | KD Loss: 4.9143 | Base Loss: 0.9399
Epoch 76/100 | Batch 200/18922 | KD Loss: 4.5176 | Base Loss: 0.6838
Epoch 76/100 | Batch 400/18922 | KD Loss: 4.5289 | Base Loss: 0.6819
Epoch 76/100 | Batch 600/18922 | KD Loss: 4.8442 | Base Loss: 0.8259
Epoch 76/100 | Batch 800/18922 | KD Loss: 4.4617 | Base Loss: 0.6563
Epoch 76/100 | Batch 1000/18922 | KD Loss: 5.0817 | Base Loss: 0.7460
Epoch 76/100 | Batch 1200/18922 | KD Loss: 5.1202 | Base Loss: 0.9471
Epoch 76/100 | Batch 1400/18922 | KD Loss: 4.8505 | Base Loss: 0.8791
Epoch 76/100 | Batch 1600/18922 | KD Loss: 4.6876 | Base Loss: 0.6387
Epoch 76/100 | Batch 1800/18922 | KD Loss: 5.1733 | Base Loss: 0.8776
Epoch 76/100 | Batch 2000/18922 | KD Loss: 4.7415 | Base Loss: 0.6982
Epoch 76/100 | Batch 2200/18922 | KD Loss: 4.7211 | Base Loss: 0.7995
Epoch 76/100 | Batch 2400/18922 | KD Loss: 4.5776 | Base Loss: 0.6570
Epoch 76/100 | Batch 2600/18922 | KD Loss: 5.1007 | Base Loss: 0.7823
Epoch 76/100 | Batch 2800/18922 | KD Loss: 4.7848 | Base Loss: 0.7830
Epoch 76/100 | Batch 3000/18922 | KD Loss: 4.8981 | Base Loss: 0.7859
Epoch 76/100 | Batch 3200/18922 | KD Loss: 5.0806 | Base Loss: 0.9418
Epoch 76/100 | Batch 3400/18922 | KD Loss: 4.9623 | Base Loss: 0.8560
Epoch 76/100 | Batch 3600/18922 | KD Loss: 4.7989 | Base Loss: 0.6730
Epoch 76/100 | Batch 3800/18922 | KD Loss: 4.8011 | Base Loss: 0.7134
Epoch 76/100 | Batch 4000/18922 | KD Loss: 4.6242 | Base Loss: 0.7212
Epoch 76/100 | Batch 4200/18922 | KD Loss: 4.9081 | Base Loss: 0.7775
Epoch 76/100 | Batch 4400/18922 | KD Loss: 5.1016 | Base Loss: 0.8000
Epoch 76/100 | Batch 4600/18922 | KD Loss: 4.6188 | Base Loss: 0.6730
Epoch 76/100 | Batch 4800/18922 | KD Loss: 5.2214 | Base Loss: 0.9478
Epoch 76/100 | Batch 5000/18922 | KD Loss: 5.2490 | Base Loss: 0.9037
Epoch 76/100 | Batch 5200/18922 | KD Loss: 4.9228 | Base Loss: 0.7973
Epoch 76/100 | Batch 5400/18922 | KD Loss: 4.8887 | Base Loss: 0.8063
Epoch 76/100 | Batch 5600/18922 | KD Loss: 5.0461 | Base Loss: 0.8050
Epoch 76/100 | Batch 5800/18922 | KD Loss: 4.6571 | Base Loss: 0.8256
Epoch 76/100 | Batch 6000/18922 | KD Loss: 4.6674 | Base Loss: 0.7689
Epoch 76/100 | Batch 6200/18922 | KD Loss: 5.0931 | Base Loss: 0.8445
Epoch 76/100 | Batch 6400/18922 | KD Loss: 4.5061 | Base Loss: 0.6322
Epoch 76/100 | Batch 6600/18922 | KD Loss: 4.8113 | Base Loss: 0.7379
Epoch 76/100 | Batch 6800/18922 | KD Loss: 4.5293 | Base Loss: 0.6861
Epoch 76/100 | Batch 7000/18922 | KD Loss: 4.5875 | Base Loss: 0.6448
Epoch 76/100 | Batch 7200/18922 | KD Loss: 4.8702 | Base Loss: 0.7021
Epoch 76/100 | Batch 7400/18922 | KD Loss: 4.9117 | Base Loss: 0.8440
Epoch 76/100 | Batch 7600/18922 | KD Loss: 4.8175 | Base Loss: 0.8110
Epoch 76/100 | Batch 7800/18922 | KD Loss: 4.4021 | Base Loss: 0.7604
Epoch 76/100 | Batch 8000/18922 | KD Loss: 5.2125 | Base Loss: 0.8718
Epoch 76/100 | Batch 8200/18922 | KD Loss: 4.7504 | Base Loss: 0.6420
Epoch 76/100 | Batch 8400/18922 | KD Loss: 4.5729 | Base Loss: 0.7152
Epoch 76/100 | Batch 8600/18922 | KD Loss: 4.6213 | Base Loss: 0.8530
Epoch 76/100 | Batch 8800/18922 | KD Loss: 4.7443 | Base Loss: 0.9108
Epoch 76/100 | Batch 9000/18922 | KD Loss: 5.0287 | Base Loss: 0.8479
Epoch 76/100 | Batch 9200/18922 | KD Loss: 4.8080 | Base Loss: 0.9889
Epoch 76/100 | Batch 9400/18922 | KD Loss: 4.9642 | Base Loss: 0.8230
Epoch 76/100 | Batch 9600/18922 | KD Loss: 4.7809 | Base Loss: 0.7862
Epoch 76/100 | Batch 9800/18922 | KD Loss: 4.8024 | Base Loss: 0.7450
Epoch 76/100 | Batch 10000/18922 | KD Loss: 4.8509 | Base Loss: 0.8172
Epoch 76/100 | Batch 10200/18922 | KD Loss: 5.2174 | Base Loss: 0.9764
Epoch 76/100 | Batch 10400/18922 | KD Loss: 4.8140 | Base Loss: 0.7996
Epoch 76/100 | Batch 10600/18922 | KD Loss: 4.5887 | Base Loss: 0.8210
Epoch 76/100 | Batch 10800/18922 | KD Loss: 5.1127 | Base Loss: 0.7902
Epoch 76/100 | Batch 11000/18922 | KD Loss: 4.9086 | Base Loss: 0.7426
Epoch 76/100 | Batch 11200/18922 | KD Loss: 5.0000 | Base Loss: 0.8449
Epoch 76/100 | Batch 11400/18922 | KD Loss: 4.7353 | Base Loss: 0.8860
Epoch 76/100 | Batch 11600/18922 | KD Loss: 4.7597 | Base Loss: 0.8351
Epoch 76/100 | Batch 11800/18922 | KD Loss: 5.0788 | Base Loss: 0.7005
Epoch 76/100 | Batch 12000/18922 | KD Loss: 5.0641 | Base Loss: 0.9236
Epoch 76/100 | Batch 12200/18922 | KD Loss: 4.8570 | Base Loss: 0.8078
Epoch 76/100 | Batch 12400/18922 | KD Loss: 4.5943 | Base Loss: 0.7204
Epoch 76/100 | Batch 12600/18922 | KD Loss: 4.6840 | Base Loss: 0.7415
Epoch 76/100 | Batch 12800/18922 | KD Loss: 4.6900 | Base Loss: 0.7983
Epoch 76/100 | Batch 13000/18922 | KD Loss: 4.9996 | Base Loss: 0.8647
Epoch 76/100 | Batch 13200/18922 | KD Loss: 4.9532 | Base Loss: 0.9090
Epoch 76/100 | Batch 13400/18922 | KD Loss: 5.2014 | Base Loss: 0.9416
Epoch 76/100 | Batch 13600/18922 | KD Loss: 4.7540 | Base Loss: 0.7156
Epoch 76/100 | Batch 13800/18922 | KD Loss: 4.9722 | Base Loss: 0.8239
Epoch 76/100 | Batch 14000/18922 | KD Loss: 4.5986 | Base Loss: 0.7370
Epoch 76/100 | Batch 14200/18922 | KD Loss: 4.9392 | Base Loss: 0.7240
Epoch 76/100 | Batch 14400/18922 | KD Loss: 4.5919 | Base Loss: 0.7052
Epoch 76/100 | Batch 14600/18922 | KD Loss: 5.1081 | Base Loss: 0.8016
Epoch 76/100 | Batch 14800/18922 | KD Loss: 4.7336 | Base Loss: 0.7069
Epoch 76/100 | Batch 15000/18922 | KD Loss: 4.6808 | Base Loss: 0.7818
Epoch 76/100 | Batch 15200/18922 | KD Loss: 4.6642 | Base Loss: 0.6929
Epoch 76/100 | Batch 15400/18922 | KD Loss: 4.9545 | Base Loss: 0.7457
Epoch 76/100 | Batch 15600/18922 | KD Loss: 4.9023 | Base Loss: 0.7773
Epoch 76/100 | Batch 15800/18922 | KD Loss: 5.0213 | Base Loss: 0.7607
Epoch 76/100 | Batch 16000/18922 | KD Loss: 4.5904 | Base Loss: 0.7095
Epoch 76/100 | Batch 16200/18922 | KD Loss: 4.7163 | Base Loss: 0.7333
Epoch 76/100 | Batch 16400/18922 | KD Loss: 4.7246 | Base Loss: 0.7090
Epoch 76/100 | Batch 16600/18922 | KD Loss: 4.6902 | Base Loss: 0.6536
Epoch 76/100 | Batch 16800/18922 | KD Loss: 4.7694 | Base Loss: 0.8459
Epoch 76/100 | Batch 17000/18922 | KD Loss: 5.0919 | Base Loss: 1.0057
Epoch 76/100 | Batch 17200/18922 | KD Loss: 4.8884 | Base Loss: 0.8763
Epoch 76/100 | Batch 17400/18922 | KD Loss: 4.7515 | Base Loss: 0.6733
Epoch 76/100 | Batch 17600/18922 | KD Loss: 4.9689 | Base Loss: 0.7855
Epoch 76/100 | Batch 17800/18922 | KD Loss: 4.9337 | Base Loss: 0.8158
Epoch 76/100 | Batch 18000/18922 | KD Loss: 4.7061 | Base Loss: 0.6339
Epoch 76/100 | Batch 18200/18922 | KD Loss: 4.4820 | Base Loss: 0.6222
Epoch 76/100 | Batch 18400/18922 | KD Loss: 4.8257 | Base Loss: 0.7203
Epoch 76/100 | Batch 18600/18922 | KD Loss: 4.5187 | Base Loss: 0.6966
Epoch 76/100 | Batch 18800/18922 | KD Loss: 4.8499 | Base Loss: 0.8378
====> Epoch 76 Average KD Loss: 4.8034 | LR: 0.000200
Epoch 77/100 | Batch 0/18922 | KD Loss: 4.8879 | Base Loss: 0.8368
Epoch 77/100 | Batch 200/18922 | KD Loss: 4.8758 | Base Loss: 0.7659
Epoch 77/100 | Batch 400/18922 | KD Loss: 4.7402 | Base Loss: 0.7180
Epoch 77/100 | Batch 600/18922 | KD Loss: 4.7158 | Base Loss: 0.8389
Epoch 77/100 | Batch 800/18922 | KD Loss: 4.9431 | Base Loss: 0.8535
Epoch 77/100 | Batch 1000/18922 | KD Loss: 4.9697 | Base Loss: 0.7443
Epoch 77/100 | Batch 1200/18922 | KD Loss: 4.7475 | Base Loss: 0.9166
Epoch 77/100 | Batch 1400/18922 | KD Loss: 4.7805 | Base Loss: 0.7841
Epoch 77/100 | Batch 1600/18922 | KD Loss: 4.8766 | Base Loss: 0.8595
Epoch 77/100 | Batch 1800/18922 | KD Loss: 4.6602 | Base Loss: 0.8641
Epoch 77/100 | Batch 2000/18922 | KD Loss: 4.8510 | Base Loss: 0.8100
Epoch 77/100 | Batch 2200/18922 | KD Loss: 4.6430 | Base Loss: 0.6735
Epoch 77/100 | Batch 2400/18922 | KD Loss: 4.6418 | Base Loss: 0.5794
Epoch 77/100 | Batch 2600/18922 | KD Loss: 4.5932 | Base Loss: 0.6074
Epoch 77/100 | Batch 2800/18922 | KD Loss: 4.9066 | Base Loss: 0.8034
Epoch 77/100 | Batch 3000/18922 | KD Loss: 4.8674 | Base Loss: 0.8422
Epoch 77/100 | Batch 3200/18922 | KD Loss: 5.0002 | Base Loss: 0.7205
Epoch 77/100 | Batch 3400/18922 | KD Loss: 4.5774 | Base Loss: 0.6307
Epoch 77/100 | Batch 3600/18922 | KD Loss: 5.1637 | Base Loss: 0.8821
Epoch 77/100 | Batch 3800/18922 | KD Loss: 4.7546 | Base Loss: 0.7760
Epoch 77/100 | Batch 4000/18922 | KD Loss: 5.1542 | Base Loss: 0.7763
Epoch 77/100 | Batch 4200/18922 | KD Loss: 4.8656 | Base Loss: 0.7501
Epoch 77/100 | Batch 4400/18922 | KD Loss: 4.7007 | Base Loss: 0.8762
Epoch 77/100 | Batch 4600/18922 | KD Loss: 4.7288 | Base Loss: 0.8273
Epoch 77/100 | Batch 4800/18922 | KD Loss: 4.8937 | Base Loss: 0.8086
Epoch 77/100 | Batch 5000/18922 | KD Loss: 5.4033 | Base Loss: 0.9909
Epoch 77/100 | Batch 5200/18922 | KD Loss: 4.6429 | Base Loss: 0.7608
Epoch 77/100 | Batch 5400/18922 | KD Loss: 5.1348 | Base Loss: 0.9319
Epoch 77/100 | Batch 5600/18922 | KD Loss: 4.6367 | Base Loss: 0.6810
Epoch 77/100 | Batch 5800/18922 | KD Loss: 5.0113 | Base Loss: 0.7048
Epoch 77/100 | Batch 6000/18922 | KD Loss: 4.9040 | Base Loss: 0.7731
Epoch 77/100 | Batch 6200/18922 | KD Loss: 4.9567 | Base Loss: 0.8418
Epoch 77/100 | Batch 6400/18922 | KD Loss: 4.7237 | Base Loss: 0.6519
Epoch 77/100 | Batch 6600/18922 | KD Loss: 4.6353 | Base Loss: 0.8597
Epoch 77/100 | Batch 6800/18922 | KD Loss: 5.0809 | Base Loss: 0.8997
Epoch 77/100 | Batch 7000/18922 | KD Loss: 4.3305 | Base Loss: 0.7285
Epoch 77/100 | Batch 7200/18922 | KD Loss: 4.8170 | Base Loss: 0.6687
Epoch 77/100 | Batch 7400/18922 | KD Loss: 5.0975 | Base Loss: 0.9025
Epoch 77/100 | Batch 7600/18922 | KD Loss: 4.4410 | Base Loss: 0.6803
Epoch 77/100 | Batch 7800/18922 | KD Loss: 4.8526 | Base Loss: 0.7388
Epoch 77/100 | Batch 8000/18922 | KD Loss: 4.2898 | Base Loss: 0.5822
Epoch 77/100 | Batch 8200/18922 | KD Loss: 4.8562 | Base Loss: 0.8167
Epoch 77/100 | Batch 8400/18922 | KD Loss: 4.9571 | Base Loss: 0.9454
Epoch 77/100 | Batch 8600/18922 | KD Loss: 4.6327 | Base Loss: 0.9198
Epoch 77/100 | Batch 8800/18922 | KD Loss: 4.6299 | Base Loss: 0.6901
Epoch 77/100 | Batch 9000/18922 | KD Loss: 4.8088 | Base Loss: 0.7846
Epoch 77/100 | Batch 9200/18922 | KD Loss: 5.0663 | Base Loss: 0.8957
Epoch 77/100 | Batch 9400/18922 | KD Loss: 5.4138 | Base Loss: 0.7921
Epoch 77/100 | Batch 9600/18922 | KD Loss: 4.9151 | Base Loss: 0.8591
Epoch 77/100 | Batch 9800/18922 | KD Loss: 4.4158 | Base Loss: 0.6917
Epoch 77/100 | Batch 10000/18922 | KD Loss: 4.7475 | Base Loss: 0.8041
Epoch 77/100 | Batch 10200/18922 | KD Loss: 4.7937 | Base Loss: 0.8395
Epoch 77/100 | Batch 10400/18922 | KD Loss: 4.8721 | Base Loss: 0.7837
Epoch 77/100 | Batch 10600/18922 | KD Loss: 4.9209 | Base Loss: 0.8727
Epoch 77/100 | Batch 10800/18922 | KD Loss: 5.0280 | Base Loss: 0.8207
Epoch 77/100 | Batch 11000/18922 | KD Loss: 5.0447 | Base Loss: 0.9098
Epoch 77/100 | Batch 11200/18922 | KD Loss: 4.5549 | Base Loss: 0.7699
Epoch 77/100 | Batch 11400/18922 | KD Loss: 4.7259 | Base Loss: 0.8138
Epoch 77/100 | Batch 11600/18922 | KD Loss: 4.9759 | Base Loss: 0.9380
Epoch 77/100 | Batch 11800/18922 | KD Loss: 4.8754 | Base Loss: 0.7681
Epoch 77/100 | Batch 12000/18922 | KD Loss: 4.8272 | Base Loss: 0.8685
Epoch 77/100 | Batch 12200/18922 | KD Loss: 4.6220 | Base Loss: 0.7445
Epoch 77/100 | Batch 12400/18922 | KD Loss: 4.8936 | Base Loss: 0.8701
Epoch 77/100 | Batch 12600/18922 | KD Loss: 5.2240 | Base Loss: 0.8958
Epoch 77/100 | Batch 12800/18922 | KD Loss: 4.9966 | Base Loss: 0.9008
Epoch 77/100 | Batch 13000/18922 | KD Loss: 4.8987 | Base Loss: 0.8996
Epoch 77/100 | Batch 13200/18922 | KD Loss: 4.7533 | Base Loss: 0.7771
Epoch 77/100 | Batch 13400/18922 | KD Loss: 4.7914 | Base Loss: 0.6937
Epoch 77/100 | Batch 13600/18922 | KD Loss: 5.1626 | Base Loss: 0.9511
Epoch 77/100 | Batch 13800/18922 | KD Loss: 4.9163 | Base Loss: 0.7380
Epoch 77/100 | Batch 14000/18922 | KD Loss: 4.8685 | Base Loss: 0.8037
Epoch 77/100 | Batch 14200/18922 | KD Loss: 4.6537 | Base Loss: 0.6966
Epoch 77/100 | Batch 14400/18922 | KD Loss: 5.0719 | Base Loss: 0.7459
Epoch 77/100 | Batch 14600/18922 | KD Loss: 4.7326 | Base Loss: 0.6825
Epoch 77/100 | Batch 14800/18922 | KD Loss: 5.1457 | Base Loss: 0.8837
Epoch 77/100 | Batch 15000/18922 | KD Loss: 4.7824 | Base Loss: 0.7583
Epoch 77/100 | Batch 15200/18922 | KD Loss: 4.9189 | Base Loss: 0.8876
Epoch 77/100 | Batch 15400/18922 | KD Loss: 4.6763 | Base Loss: 0.7732
Epoch 77/100 | Batch 15600/18922 | KD Loss: 4.5345 | Base Loss: 0.7176
Epoch 77/100 | Batch 15800/18922 | KD Loss: 4.9699 | Base Loss: 0.9428
Epoch 77/100 | Batch 16000/18922 | KD Loss: 5.1329 | Base Loss: 0.9007
Epoch 77/100 | Batch 16200/18922 | KD Loss: 4.7447 | Base Loss: 0.7340
Epoch 77/100 | Batch 16400/18922 | KD Loss: 4.9357 | Base Loss: 0.9117
Epoch 77/100 | Batch 16600/18922 | KD Loss: 4.7312 | Base Loss: 0.8261
Epoch 77/100 | Batch 16800/18922 | KD Loss: 4.7453 | Base Loss: 0.8604
Epoch 77/100 | Batch 17000/18922 | KD Loss: 4.6874 | Base Loss: 0.8109
Epoch 77/100 | Batch 17200/18922 | KD Loss: 4.8204 | Base Loss: 0.7890
Epoch 77/100 | Batch 17400/18922 | KD Loss: 4.9145 | Base Loss: 1.0553
Epoch 77/100 | Batch 17600/18922 | KD Loss: 4.7594 | Base Loss: 0.7002
Epoch 77/100 | Batch 17800/18922 | KD Loss: 4.6281 | Base Loss: 0.7964
Epoch 77/100 | Batch 18000/18922 | KD Loss: 5.2746 | Base Loss: 0.9705
Epoch 77/100 | Batch 18200/18922 | KD Loss: 5.1679 | Base Loss: 0.9125
Epoch 77/100 | Batch 18400/18922 | KD Loss: 5.0882 | Base Loss: 0.7831
Epoch 77/100 | Batch 18600/18922 | KD Loss: 4.4709 | Base Loss: 0.6407
Epoch 77/100 | Batch 18800/18922 | KD Loss: 5.0452 | Base Loss: 0.8136
====> Epoch 77 Average KD Loss: 4.8029 | LR: 0.000200
Epoch 78/100 | Batch 0/18922 | KD Loss: 4.7955 | Base Loss: 0.7755
Epoch 78/100 | Batch 200/18922 | KD Loss: 4.6457 | Base Loss: 0.8765
Epoch 78/100 | Batch 400/18922 | KD Loss: 4.6120 | Base Loss: 0.8070
Epoch 78/100 | Batch 600/18922 | KD Loss: 4.9999 | Base Loss: 0.7941
Epoch 78/100 | Batch 800/18922 | KD Loss: 5.0801 | Base Loss: 0.8947
Epoch 78/100 | Batch 1000/18922 | KD Loss: 4.5723 | Base Loss: 0.7875
Epoch 78/100 | Batch 1200/18922 | KD Loss: 4.6959 | Base Loss: 0.7505
Epoch 78/100 | Batch 1400/18922 | KD Loss: 4.9585 | Base Loss: 0.8493
Epoch 78/100 | Batch 1600/18922 | KD Loss: 4.9732 | Base Loss: 0.9016
Epoch 78/100 | Batch 1800/18922 | KD Loss: 4.3175 | Base Loss: 0.6505
Epoch 78/100 | Batch 2000/18922 | KD Loss: 4.6567 | Base Loss: 0.8285
Epoch 78/100 | Batch 2200/18922 | KD Loss: 5.0299 | Base Loss: 0.9375
Epoch 78/100 | Batch 2400/18922 | KD Loss: 4.7092 | Base Loss: 0.6296
Epoch 78/100 | Batch 2600/18922 | KD Loss: 4.8071 | Base Loss: 0.8711
Epoch 78/100 | Batch 2800/18922 | KD Loss: 4.8575 | Base Loss: 0.8426
Epoch 78/100 | Batch 3000/18922 | KD Loss: 4.8043 | Base Loss: 0.8504
Epoch 78/100 | Batch 3200/18922 | KD Loss: 4.7139 | Base Loss: 0.6487
Epoch 78/100 | Batch 3400/18922 | KD Loss: 5.0443 | Base Loss: 0.8830
Epoch 78/100 | Batch 3600/18922 | KD Loss: 4.5906 | Base Loss: 0.7788
Epoch 78/100 | Batch 3800/18922 | KD Loss: 4.8006 | Base Loss: 0.7431
Epoch 78/100 | Batch 4000/18922 | KD Loss: 4.9219 | Base Loss: 0.8823
Epoch 78/100 | Batch 4200/18922 | KD Loss: 4.9387 | Base Loss: 0.8632
Epoch 78/100 | Batch 4400/18922 | KD Loss: 4.7683 | Base Loss: 0.7025
Epoch 78/100 | Batch 4600/18922 | KD Loss: 4.7799 | Base Loss: 0.7158
Epoch 78/100 | Batch 4800/18922 | KD Loss: 4.8502 | Base Loss: 0.7956
Epoch 78/100 | Batch 5000/18922 | KD Loss: 4.3911 | Base Loss: 0.6660
Epoch 78/100 | Batch 5200/18922 | KD Loss: 5.0246 | Base Loss: 0.8824
Epoch 78/100 | Batch 5400/18922 | KD Loss: 4.6472 | Base Loss: 0.7885
Epoch 78/100 | Batch 5600/18922 | KD Loss: 4.6679 | Base Loss: 0.7875
Epoch 78/100 | Batch 5800/18922 | KD Loss: 5.0949 | Base Loss: 0.9438
Epoch 78/100 | Batch 6000/18922 | KD Loss: 4.7545 | Base Loss: 0.6315
Epoch 78/100 | Batch 6200/18922 | KD Loss: 4.8364 | Base Loss: 0.7308
Epoch 78/100 | Batch 6400/18922 | KD Loss: 5.0462 | Base Loss: 0.7539
Epoch 78/100 | Batch 6600/18922 | KD Loss: 4.8217 | Base Loss: 0.6960
Epoch 78/100 | Batch 6800/18922 | KD Loss: 5.0675 | Base Loss: 0.8262
Epoch 78/100 | Batch 7000/18922 | KD Loss: 5.1681 | Base Loss: 0.8433
Epoch 78/100 | Batch 7200/18922 | KD Loss: 5.2349 | Base Loss: 0.9354
Epoch 78/100 | Batch 7400/18922 | KD Loss: 4.7540 | Base Loss: 0.7615
Epoch 78/100 | Batch 7600/18922 | KD Loss: 4.7848 | Base Loss: 0.7489
Epoch 78/100 | Batch 7800/18922 | KD Loss: 4.5341 | Base Loss: 0.8129
Epoch 78/100 | Batch 8000/18922 | KD Loss: 4.6374 | Base Loss: 0.6899
Epoch 78/100 | Batch 8200/18922 | KD Loss: 5.0542 | Base Loss: 1.0192
Epoch 78/100 | Batch 8400/18922 | KD Loss: 4.8508 | Base Loss: 0.9333
Epoch 78/100 | Batch 8600/18922 | KD Loss: 5.0905 | Base Loss: 0.8910
Epoch 78/100 | Batch 8800/18922 | KD Loss: 4.5570 | Base Loss: 0.6085
Epoch 78/100 | Batch 9000/18922 | KD Loss: 4.7745 | Base Loss: 0.8924
Epoch 78/100 | Batch 9200/18922 | KD Loss: 4.8160 | Base Loss: 0.7347
Epoch 78/100 | Batch 9400/18922 | KD Loss: 4.9455 | Base Loss: 0.9679
Epoch 78/100 | Batch 9600/18922 | KD Loss: 4.8050 | Base Loss: 0.7486
Epoch 78/100 | Batch 9800/18922 | KD Loss: 4.8133 | Base Loss: 0.7678
Epoch 78/100 | Batch 10000/18922 | KD Loss: 4.7907 | Base Loss: 0.8897
Epoch 78/100 | Batch 10200/18922 | KD Loss: 4.8632 | Base Loss: 0.7837
Epoch 78/100 | Batch 10400/18922 | KD Loss: 5.0284 | Base Loss: 0.8485
Epoch 78/100 | Batch 10600/18922 | KD Loss: 4.5533 | Base Loss: 0.6790
Epoch 78/100 | Batch 10800/18922 | KD Loss: 4.2912 | Base Loss: 0.7669
Epoch 78/100 | Batch 11000/18922 | KD Loss: 4.5461 | Base Loss: 0.7849
Epoch 78/100 | Batch 11200/18922 | KD Loss: 4.7614 | Base Loss: 0.8038
Epoch 78/100 | Batch 11400/18922 | KD Loss: 4.6272 | Base Loss: 0.6679
Epoch 78/100 | Batch 11600/18922 | KD Loss: 4.4517 | Base Loss: 0.6150
Epoch 78/100 | Batch 11800/18922 | KD Loss: 4.3964 | Base Loss: 0.6441
Epoch 78/100 | Batch 12000/18922 | KD Loss: 4.8837 | Base Loss: 0.7261
Epoch 78/100 | Batch 12200/18922 | KD Loss: 4.9675 | Base Loss: 0.8038
Epoch 78/100 | Batch 12400/18922 | KD Loss: 4.9931 | Base Loss: 0.9372
Epoch 78/100 | Batch 12600/18922 | KD Loss: 4.8600 | Base Loss: 0.6244
Epoch 78/100 | Batch 12800/18922 | KD Loss: 5.1694 | Base Loss: 1.0112
Epoch 78/100 | Batch 13000/18922 | KD Loss: 4.7493 | Base Loss: 0.7148
Epoch 78/100 | Batch 13200/18922 | KD Loss: 5.1073 | Base Loss: 0.7997
Epoch 78/100 | Batch 13400/18922 | KD Loss: 4.6435 | Base Loss: 0.6241
Epoch 78/100 | Batch 13600/18922 | KD Loss: 4.9050 | Base Loss: 0.7308
Epoch 78/100 | Batch 13800/18922 | KD Loss: 4.8957 | Base Loss: 0.7716
Epoch 78/100 | Batch 14000/18922 | KD Loss: 5.1342 | Base Loss: 0.9826
Epoch 78/100 | Batch 14200/18922 | KD Loss: 5.1402 | Base Loss: 1.0175
Epoch 78/100 | Batch 14400/18922 | KD Loss: 4.6374 | Base Loss: 0.6558
Epoch 78/100 | Batch 14600/18922 | KD Loss: 4.9396 | Base Loss: 0.9055
Epoch 78/100 | Batch 14800/18922 | KD Loss: 4.7560 | Base Loss: 0.7814
Epoch 78/100 | Batch 15000/18922 | KD Loss: 4.6434 | Base Loss: 0.7179
Epoch 78/100 | Batch 15200/18922 | KD Loss: 5.4189 | Base Loss: 0.8089
Epoch 78/100 | Batch 15400/18922 | KD Loss: 4.5992 | Base Loss: 0.5463
Epoch 78/100 | Batch 15600/18922 | KD Loss: 4.7913 | Base Loss: 0.6749
Epoch 78/100 | Batch 15800/18922 | KD Loss: 4.9835 | Base Loss: 0.8217
Epoch 78/100 | Batch 16000/18922 | KD Loss: 4.8120 | Base Loss: 0.8105
Epoch 78/100 | Batch 16200/18922 | KD Loss: 4.5792 | Base Loss: 0.6796
Epoch 78/100 | Batch 16400/18922 | KD Loss: 4.7826 | Base Loss: 0.8739
Epoch 78/100 | Batch 16600/18922 | KD Loss: 5.1631 | Base Loss: 0.8300
Epoch 78/100 | Batch 16800/18922 | KD Loss: 4.8224 | Base Loss: 0.7640
Epoch 78/100 | Batch 17000/18922 | KD Loss: 4.7507 | Base Loss: 0.6585
Epoch 78/100 | Batch 17200/18922 | KD Loss: 4.7606 | Base Loss: 0.6419
Epoch 78/100 | Batch 17400/18922 | KD Loss: 4.6879 | Base Loss: 0.7738
Epoch 78/100 | Batch 17600/18922 | KD Loss: 4.8399 | Base Loss: 0.6087
Epoch 78/100 | Batch 17800/18922 | KD Loss: 4.6178 | Base Loss: 0.7234
Epoch 78/100 | Batch 18000/18922 | KD Loss: 4.6943 | Base Loss: 0.6895
Epoch 78/100 | Batch 18200/18922 | KD Loss: 4.8769 | Base Loss: 0.8098
Epoch 78/100 | Batch 18400/18922 | KD Loss: 4.8238 | Base Loss: 0.7840
Epoch 78/100 | Batch 18600/18922 | KD Loss: 4.9939 | Base Loss: 0.8954
Epoch 78/100 | Batch 18800/18922 | KD Loss: 4.9342 | Base Loss: 0.6538
====> Epoch 78 Average KD Loss: 4.8019 | LR: 0.000200
Epoch 79/100 | Batch 0/18922 | KD Loss: 4.8373 | Base Loss: 0.8203
Epoch 79/100 | Batch 200/18922 | KD Loss: 4.8138 | Base Loss: 0.8720
Epoch 79/100 | Batch 400/18922 | KD Loss: 4.5315 | Base Loss: 0.8002
Epoch 79/100 | Batch 600/18922 | KD Loss: 4.8423 | Base Loss: 0.8009
Epoch 79/100 | Batch 800/18922 | KD Loss: 4.4766 | Base Loss: 0.6546
Epoch 79/100 | Batch 1000/18922 | KD Loss: 4.4886 | Base Loss: 0.6683
Epoch 79/100 | Batch 1200/18922 | KD Loss: 4.6907 | Base Loss: 0.7149
Epoch 79/100 | Batch 1400/18922 | KD Loss: 5.0188 | Base Loss: 0.9209
Epoch 79/100 | Batch 1600/18922 | KD Loss: 4.5489 | Base Loss: 0.7580
Epoch 79/100 | Batch 1800/18922 | KD Loss: 4.5462 | Base Loss: 0.6660
Epoch 79/100 | Batch 2000/18922 | KD Loss: 4.6573 | Base Loss: 0.7680
Epoch 79/100 | Batch 2200/18922 | KD Loss: 4.9498 | Base Loss: 0.8757
Epoch 79/100 | Batch 2400/18922 | KD Loss: 4.5838 | Base Loss: 0.7788
Epoch 79/100 | Batch 2600/18922 | KD Loss: 4.6137 | Base Loss: 0.6653
Epoch 79/100 | Batch 2800/18922 | KD Loss: 4.8067 | Base Loss: 0.7618
Epoch 79/100 | Batch 3000/18922 | KD Loss: 4.9476 | Base Loss: 0.7808
Epoch 79/100 | Batch 3200/18922 | KD Loss: 4.8584 | Base Loss: 0.8229
Epoch 79/100 | Batch 3400/18922 | KD Loss: 4.4707 | Base Loss: 0.6992
Epoch 79/100 | Batch 3600/18922 | KD Loss: 4.6007 | Base Loss: 0.7444
Epoch 79/100 | Batch 3800/18922 | KD Loss: 4.8137 | Base Loss: 0.9279
Epoch 79/100 | Batch 4000/18922 | KD Loss: 4.6392 | Base Loss: 0.5949
Epoch 79/100 | Batch 4200/18922 | KD Loss: 4.7841 | Base Loss: 0.5528
Epoch 79/100 | Batch 4400/18922 | KD Loss: 4.8144 | Base Loss: 0.8140
Epoch 79/100 | Batch 4600/18922 | KD Loss: 4.7704 | Base Loss: 0.7411
Epoch 79/100 | Batch 4800/18922 | KD Loss: 4.8130 | Base Loss: 0.7912
Epoch 79/100 | Batch 5000/18922 | KD Loss: 4.7354 | Base Loss: 0.8472
Epoch 79/100 | Batch 5200/18922 | KD Loss: 4.7176 | Base Loss: 0.8391
Epoch 79/100 | Batch 5400/18922 | KD Loss: 4.9576 | Base Loss: 0.9929
Epoch 79/100 | Batch 5600/18922 | KD Loss: 5.0110 | Base Loss: 0.8328
Epoch 79/100 | Batch 5800/18922 | KD Loss: 4.7389 | Base Loss: 0.7371
Epoch 79/100 | Batch 6000/18922 | KD Loss: 4.6568 | Base Loss: 0.6267
Epoch 79/100 | Batch 6200/18922 | KD Loss: 4.6105 | Base Loss: 0.7426
Epoch 79/100 | Batch 6400/18922 | KD Loss: 5.3589 | Base Loss: 0.8513
Epoch 79/100 | Batch 6600/18922 | KD Loss: 4.7892 | Base Loss: 0.8037
Epoch 79/100 | Batch 6800/18922 | KD Loss: 4.6004 | Base Loss: 0.7504
Epoch 79/100 | Batch 7000/18922 | KD Loss: 4.5871 | Base Loss: 0.7527
Epoch 79/100 | Batch 7200/18922 | KD Loss: 4.3361 | Base Loss: 0.7883
Epoch 79/100 | Batch 7400/18922 | KD Loss: 5.1445 | Base Loss: 0.8027
Epoch 79/100 | Batch 7600/18922 | KD Loss: 4.8975 | Base Loss: 0.7598
Epoch 79/100 | Batch 7800/18922 | KD Loss: 4.5840 | Base Loss: 0.7191
Epoch 79/100 | Batch 8000/18922 | KD Loss: 4.8676 | Base Loss: 0.7601
Epoch 79/100 | Batch 8200/18922 | KD Loss: 4.9163 | Base Loss: 0.8414
Epoch 79/100 | Batch 8400/18922 | KD Loss: 4.7826 | Base Loss: 0.8922
Epoch 79/100 | Batch 8600/18922 | KD Loss: 4.8198 | Base Loss: 0.9148
Epoch 79/100 | Batch 8800/18922 | KD Loss: 4.6778 | Base Loss: 0.7285
Epoch 79/100 | Batch 9000/18922 | KD Loss: 4.6679 | Base Loss: 0.9093
Epoch 79/100 | Batch 9200/18922 | KD Loss: 4.4647 | Base Loss: 0.6859
Epoch 79/100 | Batch 9400/18922 | KD Loss: 4.6653 | Base Loss: 0.7605
Epoch 79/100 | Batch 9600/18922 | KD Loss: 5.1014 | Base Loss: 0.9926
Epoch 79/100 | Batch 9800/18922 | KD Loss: 4.9305 | Base Loss: 0.7456
Epoch 79/100 | Batch 10000/18922 | KD Loss: 4.9350 | Base Loss: 0.7082
Epoch 79/100 | Batch 10200/18922 | KD Loss: 4.7022 | Base Loss: 0.7177
Epoch 79/100 | Batch 10400/18922 | KD Loss: 4.9337 | Base Loss: 0.6449
Epoch 79/100 | Batch 10600/18922 | KD Loss: 4.8753 | Base Loss: 0.7940
Epoch 79/100 | Batch 10800/18922 | KD Loss: 4.5805 | Base Loss: 0.6231
Epoch 79/100 | Batch 11000/18922 | KD Loss: 4.5724 | Base Loss: 0.7158
Epoch 79/100 | Batch 11200/18922 | KD Loss: 5.1135 | Base Loss: 0.7885
Epoch 79/100 | Batch 11400/18922 | KD Loss: 4.7390 | Base Loss: 0.8540
Epoch 79/100 | Batch 11600/18922 | KD Loss: 4.8766 | Base Loss: 0.7822
Epoch 79/100 | Batch 11800/18922 | KD Loss: 4.8606 | Base Loss: 0.7860
Epoch 79/100 | Batch 12000/18922 | KD Loss: 4.7443 | Base Loss: 0.9423
Epoch 79/100 | Batch 12200/18922 | KD Loss: 4.5660 | Base Loss: 0.7551
Epoch 79/100 | Batch 12400/18922 | KD Loss: 4.7776 | Base Loss: 0.7285
Epoch 79/100 | Batch 12600/18922 | KD Loss: 4.6644 | Base Loss: 0.6923
Epoch 79/100 | Batch 12800/18922 | KD Loss: 4.7730 | Base Loss: 0.6535
Epoch 79/100 | Batch 13000/18922 | KD Loss: 4.9056 | Base Loss: 0.9446
Epoch 79/100 | Batch 13200/18922 | KD Loss: 4.7649 | Base Loss: 0.7211
Epoch 79/100 | Batch 13400/18922 | KD Loss: 4.7254 | Base Loss: 0.8035
Epoch 79/100 | Batch 13600/18922 | KD Loss: 4.4166 | Base Loss: 0.6906
Epoch 79/100 | Batch 13800/18922 | KD Loss: 4.6976 | Base Loss: 0.8404
Epoch 79/100 | Batch 14000/18922 | KD Loss: 4.6504 | Base Loss: 0.8714
Epoch 79/100 | Batch 14200/18922 | KD Loss: 4.9293 | Base Loss: 0.8037
Epoch 79/100 | Batch 14400/18922 | KD Loss: 4.8915 | Base Loss: 0.8733
Epoch 79/100 | Batch 14600/18922 | KD Loss: 4.8192 | Base Loss: 0.9593
Epoch 79/100 | Batch 14800/18922 | KD Loss: 4.6945 | Base Loss: 0.8398
Epoch 79/100 | Batch 15000/18922 | KD Loss: 4.8447 | Base Loss: 0.8536
Epoch 79/100 | Batch 15200/18922 | KD Loss: 5.2761 | Base Loss: 0.8941
Epoch 79/100 | Batch 15400/18922 | KD Loss: 4.9415 | Base Loss: 0.8448
Epoch 79/100 | Batch 15600/18922 | KD Loss: 4.6938 | Base Loss: 0.7567
Epoch 79/100 | Batch 15800/18922 | KD Loss: 4.6905 | Base Loss: 0.7811
Epoch 79/100 | Batch 16000/18922 | KD Loss: 4.6697 | Base Loss: 0.5638
Epoch 79/100 | Batch 16200/18922 | KD Loss: 4.6234 | Base Loss: 0.7255
Epoch 79/100 | Batch 16400/18922 | KD Loss: 4.6740 | Base Loss: 0.7254
Epoch 79/100 | Batch 16600/18922 | KD Loss: 4.7354 | Base Loss: 0.6094
Epoch 79/100 | Batch 16800/18922 | KD Loss: 4.6758 | Base Loss: 0.7401
Epoch 79/100 | Batch 17000/18922 | KD Loss: 5.5752 | Base Loss: 0.7903
Epoch 79/100 | Batch 17200/18922 | KD Loss: 4.7187 | Base Loss: 0.5776
Epoch 79/100 | Batch 17400/18922 | KD Loss: 4.9098 | Base Loss: 0.8160
Epoch 79/100 | Batch 17600/18922 | KD Loss: 4.7414 | Base Loss: 0.7907
Epoch 79/100 | Batch 17800/18922 | KD Loss: 4.7567 | Base Loss: 0.8231
Epoch 79/100 | Batch 18000/18922 | KD Loss: 4.8749 | Base Loss: 0.7483
Epoch 79/100 | Batch 18200/18922 | KD Loss: 4.5214 | Base Loss: 0.6246
Epoch 79/100 | Batch 18400/18922 | KD Loss: 4.5527 | Base Loss: 0.7947
Epoch 79/100 | Batch 18600/18922 | KD Loss: 4.4738 | Base Loss: 0.6973
Epoch 79/100 | Batch 18800/18922 | KD Loss: 4.6654 | Base Loss: 0.7767
====> Epoch 79 Average KD Loss: 4.8010 | LR: 0.000200
Epoch 80/100 | Batch 0/18922 | KD Loss: 5.2297 | Base Loss: 0.9665
Epoch 80/100 | Batch 200/18922 | KD Loss: 4.9280 | Base Loss: 0.8590
Epoch 80/100 | Batch 400/18922 | KD Loss: 4.7076 | Base Loss: 0.7631
Epoch 80/100 | Batch 600/18922 | KD Loss: 4.6733 | Base Loss: 0.8782
Epoch 80/100 | Batch 800/18922 | KD Loss: 4.9003 | Base Loss: 0.7476
Epoch 80/100 | Batch 1000/18922 | KD Loss: 4.7899 | Base Loss: 0.7467
Epoch 80/100 | Batch 1200/18922 | KD Loss: 4.9569 | Base Loss: 0.7282
Epoch 80/100 | Batch 1400/18922 | KD Loss: 5.0061 | Base Loss: 1.0520
Epoch 80/100 | Batch 1600/18922 | KD Loss: 5.0710 | Base Loss: 0.9649
Epoch 80/100 | Batch 1800/18922 | KD Loss: 4.5545 | Base Loss: 0.8135
Epoch 80/100 | Batch 2000/18922 | KD Loss: 5.2269 | Base Loss: 0.9850
Epoch 80/100 | Batch 2200/18922 | KD Loss: 5.2066 | Base Loss: 1.1064
Epoch 80/100 | Batch 2400/18922 | KD Loss: 4.8429 | Base Loss: 0.6860
Epoch 80/100 | Batch 2600/18922 | KD Loss: 4.4390 | Base Loss: 0.7686
Epoch 80/100 | Batch 2800/18922 | KD Loss: 4.8570 | Base Loss: 0.8458
Epoch 80/100 | Batch 3000/18922 | KD Loss: 4.7230 | Base Loss: 0.8135
Epoch 80/100 | Batch 3200/18922 | KD Loss: 4.7678 | Base Loss: 0.7343
Epoch 80/100 | Batch 3400/18922 | KD Loss: 4.7632 | Base Loss: 0.9027
Epoch 80/100 | Batch 3600/18922 | KD Loss: 4.5373 | Base Loss: 0.6994
Epoch 80/100 | Batch 3800/18922 | KD Loss: 4.3610 | Base Loss: 0.7304
Epoch 80/100 | Batch 4000/18922 | KD Loss: 5.0050 | Base Loss: 0.8164
Epoch 80/100 | Batch 4200/18922 | KD Loss: 4.6598 | Base Loss: 0.7640
Epoch 80/100 | Batch 4400/18922 | KD Loss: 4.8957 | Base Loss: 0.8597
Epoch 80/100 | Batch 4600/18922 | KD Loss: 4.9004 | Base Loss: 0.8708
Epoch 80/100 | Batch 4800/18922 | KD Loss: 4.6555 | Base Loss: 0.7100
Epoch 80/100 | Batch 5000/18922 | KD Loss: 4.4069 | Base Loss: 0.6998
Epoch 80/100 | Batch 5200/18922 | KD Loss: 5.0839 | Base Loss: 0.9365
Epoch 80/100 | Batch 5400/18922 | KD Loss: 4.7222 | Base Loss: 0.7823
Epoch 80/100 | Batch 5600/18922 | KD Loss: 4.8145 | Base Loss: 0.7273
Epoch 80/100 | Batch 5800/18922 | KD Loss: 5.0087 | Base Loss: 0.8474
Epoch 80/100 | Batch 6000/18922 | KD Loss: 4.6891 | Base Loss: 0.7216
Epoch 80/100 | Batch 6200/18922 | KD Loss: 4.8293 | Base Loss: 0.7438
Epoch 80/100 | Batch 6400/18922 | KD Loss: 5.1961 | Base Loss: 0.8761
Epoch 80/100 | Batch 6600/18922 | KD Loss: 4.5366 | Base Loss: 0.7169
Epoch 80/100 | Batch 6800/18922 | KD Loss: 4.7749 | Base Loss: 0.7820
Epoch 80/100 | Batch 7000/18922 | KD Loss: 4.9171 | Base Loss: 0.7894
Epoch 80/100 | Batch 7200/18922 | KD Loss: 4.9792 | Base Loss: 0.8210
Epoch 80/100 | Batch 7400/18922 | KD Loss: 4.7897 | Base Loss: 0.7689
Epoch 80/100 | Batch 7600/18922 | KD Loss: 4.3639 | Base Loss: 0.8160
Epoch 80/100 | Batch 7800/18922 | KD Loss: 4.5865 | Base Loss: 0.8080
Epoch 80/100 | Batch 8000/18922 | KD Loss: 5.0288 | Base Loss: 0.8566
Epoch 80/100 | Batch 8200/18922 | KD Loss: 4.5536 | Base Loss: 0.6852
Epoch 80/100 | Batch 8400/18922 | KD Loss: 5.0840 | Base Loss: 0.8825
Epoch 80/100 | Batch 8600/18922 | KD Loss: 4.8699 | Base Loss: 0.7511
Epoch 80/100 | Batch 8800/18922 | KD Loss: 4.9344 | Base Loss: 0.9574
Epoch 80/100 | Batch 9000/18922 | KD Loss: 4.7325 | Base Loss: 0.9440
Epoch 80/100 | Batch 9200/18922 | KD Loss: 4.4744 | Base Loss: 0.6829
Epoch 80/100 | Batch 9400/18922 | KD Loss: 4.6664 | Base Loss: 0.7596
Epoch 80/100 | Batch 9600/18922 | KD Loss: 4.7589 | Base Loss: 0.8938
Epoch 80/100 | Batch 9800/18922 | KD Loss: 5.1207 | Base Loss: 1.0392
Epoch 80/100 | Batch 10000/18922 | KD Loss: 4.6810 | Base Loss: 0.6744
Epoch 80/100 | Batch 10200/18922 | KD Loss: 5.1475 | Base Loss: 0.8434
Epoch 80/100 | Batch 10400/18922 | KD Loss: 5.0359 | Base Loss: 0.8966
Epoch 80/100 | Batch 10600/18922 | KD Loss: 4.6079 | Base Loss: 0.7838
Epoch 80/100 | Batch 10800/18922 | KD Loss: 4.3044 | Base Loss: 0.6922
Epoch 80/100 | Batch 11000/18922 | KD Loss: 4.6429 | Base Loss: 0.6133
Epoch 80/100 | Batch 11200/18922 | KD Loss: 4.6585 | Base Loss: 0.8046
Epoch 80/100 | Batch 11400/18922 | KD Loss: 4.9439 | Base Loss: 0.8856
Epoch 80/100 | Batch 11600/18922 | KD Loss: 4.6486 | Base Loss: 0.8343
Epoch 80/100 | Batch 11800/18922 | KD Loss: 4.7654 | Base Loss: 0.7925
Epoch 80/100 | Batch 12000/18922 | KD Loss: 4.7977 | Base Loss: 0.6723
Epoch 80/100 | Batch 12200/18922 | KD Loss: 4.5902 | Base Loss: 0.6892
Epoch 80/100 | Batch 12400/18922 | KD Loss: 4.9344 | Base Loss: 0.6647
Epoch 80/100 | Batch 12600/18922 | KD Loss: 4.4237 | Base Loss: 0.7841
Epoch 80/100 | Batch 12800/18922 | KD Loss: 4.5528 | Base Loss: 0.8197
Epoch 80/100 | Batch 13000/18922 | KD Loss: 4.9478 | Base Loss: 0.7898
Epoch 80/100 | Batch 13200/18922 | KD Loss: 4.5955 | Base Loss: 0.6405
Epoch 80/100 | Batch 13400/18922 | KD Loss: 5.2161 | Base Loss: 0.8763
Epoch 80/100 | Batch 13600/18922 | KD Loss: 5.1139 | Base Loss: 0.9100
Epoch 80/100 | Batch 13800/18922 | KD Loss: 4.5003 | Base Loss: 0.6982
Epoch 80/100 | Batch 14000/18922 | KD Loss: 4.6001 | Base Loss: 0.7522
Epoch 80/100 | Batch 14200/18922 | KD Loss: 5.1653 | Base Loss: 0.9485
Epoch 80/100 | Batch 14400/18922 | KD Loss: 4.9455 | Base Loss: 0.9139
Epoch 80/100 | Batch 14600/18922 | KD Loss: 4.4729 | Base Loss: 0.6530
Epoch 80/100 | Batch 14800/18922 | KD Loss: 4.7952 | Base Loss: 0.8259
Epoch 80/100 | Batch 15000/18922 | KD Loss: 4.9027 | Base Loss: 0.8431
Epoch 80/100 | Batch 15200/18922 | KD Loss: 4.9547 | Base Loss: 0.9751
Epoch 80/100 | Batch 15400/18922 | KD Loss: 4.7368 | Base Loss: 0.6969
Epoch 80/100 | Batch 15600/18922 | KD Loss: 4.7037 | Base Loss: 0.8584
Epoch 80/100 | Batch 15800/18922 | KD Loss: 4.9557 | Base Loss: 0.7819
Epoch 80/100 | Batch 16000/18922 | KD Loss: 4.9075 | Base Loss: 0.8074
Epoch 80/100 | Batch 16200/18922 | KD Loss: 4.7183 | Base Loss: 0.6982
Epoch 80/100 | Batch 16400/18922 | KD Loss: 4.5617 | Base Loss: 0.7428
Epoch 80/100 | Batch 16600/18922 | KD Loss: 5.0111 | Base Loss: 0.7689
Epoch 80/100 | Batch 16800/18922 | KD Loss: 4.9711 | Base Loss: 0.7031
Epoch 80/100 | Batch 17000/18922 | KD Loss: 4.9168 | Base Loss: 0.8354
Epoch 80/100 | Batch 17200/18922 | KD Loss: 4.9967 | Base Loss: 0.7556
Epoch 80/100 | Batch 17400/18922 | KD Loss: 4.9489 | Base Loss: 0.8186
Epoch 80/100 | Batch 17600/18922 | KD Loss: 4.7187 | Base Loss: 0.7657
Epoch 80/100 | Batch 17800/18922 | KD Loss: 5.0363 | Base Loss: 0.9027
Epoch 80/100 | Batch 18000/18922 | KD Loss: 4.7584 | Base Loss: 0.6798
Epoch 80/100 | Batch 18200/18922 | KD Loss: 4.9434 | Base Loss: 0.7950
Epoch 80/100 | Batch 18400/18922 | KD Loss: 4.7792 | Base Loss: 0.8453
Epoch 80/100 | Batch 18600/18922 | KD Loss: 4.7034 | Base Loss: 0.8564
Epoch 80/100 | Batch 18800/18922 | KD Loss: 4.6053 | Base Loss: 0.7869
====> Epoch 80 Average KD Loss: 4.7986 | LR: 0.000200
Epoch 81/100 | Batch 0/18922 | KD Loss: 5.4874 | Base Loss: 1.0247
Epoch 81/100 | Batch 200/18922 | KD Loss: 4.6700 | Base Loss: 0.7860
Epoch 81/100 | Batch 400/18922 | KD Loss: 4.9701 | Base Loss: 0.9248
Epoch 81/100 | Batch 600/18922 | KD Loss: 4.7420 | Base Loss: 0.6710
Epoch 81/100 | Batch 800/18922 | KD Loss: 4.6846 | Base Loss: 0.6993
Epoch 81/100 | Batch 1000/18922 | KD Loss: 4.6876 | Base Loss: 0.8218
Epoch 81/100 | Batch 1200/18922 | KD Loss: 4.7315 | Base Loss: 0.7686
Epoch 81/100 | Batch 1400/18922 | KD Loss: 4.5430 | Base Loss: 0.5803
Epoch 81/100 | Batch 1600/18922 | KD Loss: 5.0827 | Base Loss: 1.0114
Epoch 81/100 | Batch 1800/18922 | KD Loss: 4.7705 | Base Loss: 0.8949
Epoch 81/100 | Batch 2000/18922 | KD Loss: 4.7104 | Base Loss: 0.5300
Epoch 81/100 | Batch 2200/18922 | KD Loss: 4.9683 | Base Loss: 0.7903
Epoch 81/100 | Batch 2400/18922 | KD Loss: 4.6374 | Base Loss: 0.8791
Epoch 81/100 | Batch 2600/18922 | KD Loss: 4.6381 | Base Loss: 0.7294
Epoch 81/100 | Batch 2800/18922 | KD Loss: 4.6274 | Base Loss: 0.7464
Epoch 81/100 | Batch 3000/18922 | KD Loss: 4.7300 | Base Loss: 0.7345
Epoch 81/100 | Batch 3200/18922 | KD Loss: 4.9797 | Base Loss: 0.8041
Epoch 81/100 | Batch 3400/18922 | KD Loss: 4.5436 | Base Loss: 0.7408
Epoch 81/100 | Batch 3600/18922 | KD Loss: 4.5495 | Base Loss: 0.6077
Epoch 81/100 | Batch 3800/18922 | KD Loss: 4.7785 | Base Loss: 0.8566
Epoch 81/100 | Batch 4000/18922 | KD Loss: 4.9903 | Base Loss: 1.0361
Epoch 81/100 | Batch 4200/18922 | KD Loss: 5.1461 | Base Loss: 0.9295
Epoch 81/100 | Batch 4400/18922 | KD Loss: 4.5843 | Base Loss: 0.8245
Epoch 81/100 | Batch 4600/18922 | KD Loss: 5.0018 | Base Loss: 0.7973
Epoch 81/100 | Batch 4800/18922 | KD Loss: 5.2997 | Base Loss: 0.9233
Epoch 81/100 | Batch 5000/18922 | KD Loss: 4.8562 | Base Loss: 0.8186
Epoch 81/100 | Batch 5200/18922 | KD Loss: 5.1566 | Base Loss: 0.9960
Epoch 81/100 | Batch 5400/18922 | KD Loss: 5.0368 | Base Loss: 0.9466
Epoch 81/100 | Batch 5600/18922 | KD Loss: 4.6219 | Base Loss: 0.7694
Epoch 81/100 | Batch 5800/18922 | KD Loss: 4.7671 | Base Loss: 0.6686
Epoch 81/100 | Batch 6000/18922 | KD Loss: 4.7023 | Base Loss: 0.7471
Epoch 81/100 | Batch 6200/18922 | KD Loss: 5.2872 | Base Loss: 0.8059
Epoch 81/100 | Batch 6400/18922 | KD Loss: 4.4110 | Base Loss: 0.6773
Epoch 81/100 | Batch 6600/18922 | KD Loss: 4.8625 | Base Loss: 0.7718
Epoch 81/100 | Batch 6800/18922 | KD Loss: 4.7547 | Base Loss: 0.6698
Epoch 81/100 | Batch 7000/18922 | KD Loss: 4.7736 | Base Loss: 0.7628
Epoch 81/100 | Batch 7200/18922 | KD Loss: 4.9462 | Base Loss: 0.8769
Epoch 81/100 | Batch 7400/18922 | KD Loss: 4.7240 | Base Loss: 0.8266
Epoch 81/100 | Batch 7600/18922 | KD Loss: 5.0615 | Base Loss: 0.9489
Epoch 81/100 | Batch 7800/18922 | KD Loss: 4.7749 | Base Loss: 0.7892
Epoch 81/100 | Batch 8000/18922 | KD Loss: 4.9305 | Base Loss: 0.8433
Epoch 81/100 | Batch 8200/18922 | KD Loss: 4.9711 | Base Loss: 0.8120
Epoch 81/100 | Batch 8400/18922 | KD Loss: 5.0395 | Base Loss: 0.8955
Epoch 81/100 | Batch 8600/18922 | KD Loss: 4.6184 | Base Loss: 0.6721
Epoch 81/100 | Batch 8800/18922 | KD Loss: 5.1417 | Base Loss: 0.8701
Epoch 81/100 | Batch 9000/18922 | KD Loss: 4.8052 | Base Loss: 0.6595
Epoch 81/100 | Batch 9200/18922 | KD Loss: 5.0549 | Base Loss: 0.8823
Epoch 81/100 | Batch 9400/18922 | KD Loss: 4.8876 | Base Loss: 0.7803
Epoch 81/100 | Batch 9600/18922 | KD Loss: 4.8356 | Base Loss: 0.8281
Epoch 81/100 | Batch 9800/18922 | KD Loss: 4.6857 | Base Loss: 0.7834
Epoch 81/100 | Batch 10000/18922 | KD Loss: 4.8265 | Base Loss: 0.8785
Epoch 81/100 | Batch 10200/18922 | KD Loss: 4.6552 | Base Loss: 0.7419
Epoch 81/100 | Batch 10400/18922 | KD Loss: 4.4452 | Base Loss: 0.6081
Epoch 81/100 | Batch 10600/18922 | KD Loss: 5.0050 | Base Loss: 0.9375
Epoch 81/100 | Batch 10800/18922 | KD Loss: 4.8783 | Base Loss: 0.8279
Epoch 81/100 | Batch 11000/18922 | KD Loss: 4.8754 | Base Loss: 0.8615
Epoch 81/100 | Batch 11200/18922 | KD Loss: 4.8775 | Base Loss: 0.7557
Epoch 81/100 | Batch 11400/18922 | KD Loss: 5.0503 | Base Loss: 0.9145
Epoch 81/100 | Batch 11600/18922 | KD Loss: 4.8706 | Base Loss: 0.7565
Epoch 81/100 | Batch 11800/18922 | KD Loss: 4.5329 | Base Loss: 0.5664
Epoch 81/100 | Batch 12000/18922 | KD Loss: 4.9577 | Base Loss: 0.7460
Epoch 81/100 | Batch 12200/18922 | KD Loss: 5.0293 | Base Loss: 1.0005
Epoch 81/100 | Batch 12400/18922 | KD Loss: 4.8742 | Base Loss: 0.8236
Epoch 81/100 | Batch 12600/18922 | KD Loss: 4.7104 | Base Loss: 0.5550
Epoch 81/100 | Batch 12800/18922 | KD Loss: 4.6621 | Base Loss: 0.6688
Epoch 81/100 | Batch 13000/18922 | KD Loss: 4.5071 | Base Loss: 0.6653
Epoch 81/100 | Batch 13200/18922 | KD Loss: 4.7102 | Base Loss: 0.7644
Epoch 81/100 | Batch 13400/18922 | KD Loss: 4.7416 | Base Loss: 0.7173
Epoch 81/100 | Batch 13600/18922 | KD Loss: 4.3169 | Base Loss: 0.6110
Epoch 81/100 | Batch 13800/18922 | KD Loss: 4.6593 | Base Loss: 0.9533
Epoch 81/100 | Batch 14000/18922 | KD Loss: 4.7758 | Base Loss: 0.7724
Epoch 81/100 | Batch 14200/18922 | KD Loss: 4.6565 | Base Loss: 0.7677
Epoch 81/100 | Batch 14400/18922 | KD Loss: 4.6283 | Base Loss: 0.7138
Epoch 81/100 | Batch 14600/18922 | KD Loss: 5.0455 | Base Loss: 1.0142
Epoch 81/100 | Batch 14800/18922 | KD Loss: 4.4633 | Base Loss: 0.6999
Epoch 81/100 | Batch 15000/18922 | KD Loss: 4.6656 | Base Loss: 0.7676
Epoch 81/100 | Batch 15200/18922 | KD Loss: 4.9146 | Base Loss: 0.6700
Epoch 81/100 | Batch 15400/18922 | KD Loss: 4.8304 | Base Loss: 0.8786
Epoch 81/100 | Batch 15600/18922 | KD Loss: 4.9686 | Base Loss: 0.7350
Epoch 81/100 | Batch 15800/18922 | KD Loss: 4.3970 | Base Loss: 0.6114
Epoch 81/100 | Batch 16000/18922 | KD Loss: 4.5391 | Base Loss: 0.6379
Epoch 81/100 | Batch 16200/18922 | KD Loss: 4.7704 | Base Loss: 0.7421
Epoch 81/100 | Batch 16400/18922 | KD Loss: 4.7423 | Base Loss: 0.7735
Epoch 81/100 | Batch 16600/18922 | KD Loss: 4.6477 | Base Loss: 0.8109
Epoch 81/100 | Batch 16800/18922 | KD Loss: 4.6239 | Base Loss: 0.8026
Epoch 81/100 | Batch 17000/18922 | KD Loss: 5.0777 | Base Loss: 0.7731
Epoch 81/100 | Batch 17200/18922 | KD Loss: 4.9670 | Base Loss: 0.6083
Epoch 81/100 | Batch 17400/18922 | KD Loss: 4.3746 | Base Loss: 0.6959
Epoch 81/100 | Batch 17600/18922 | KD Loss: 4.8354 | Base Loss: 0.8917
Epoch 81/100 | Batch 17800/18922 | KD Loss: 4.8019 | Base Loss: 0.7133
Epoch 81/100 | Batch 18000/18922 | KD Loss: 4.8804 | Base Loss: 0.7251
Epoch 81/100 | Batch 18200/18922 | KD Loss: 5.0598 | Base Loss: 0.8815
Epoch 81/100 | Batch 18400/18922 | KD Loss: 4.7962 | Base Loss: 0.8276
Epoch 81/100 | Batch 18600/18922 | KD Loss: 4.6000 | Base Loss: 0.7470
Epoch 81/100 | Batch 18800/18922 | KD Loss: 4.9831 | Base Loss: 0.8783
====> Epoch 81 Average KD Loss: 4.7992 | LR: 0.000200
Epoch 82/100 | Batch 0/18922 | KD Loss: 4.5321 | Base Loss: 0.7165
Epoch 82/100 | Batch 200/18922 | KD Loss: 4.6467 | Base Loss: 0.6195
Epoch 82/100 | Batch 400/18922 | KD Loss: 4.8624 | Base Loss: 0.7391
Epoch 82/100 | Batch 600/18922 | KD Loss: 4.9096 | Base Loss: 0.9417
Epoch 82/100 | Batch 800/18922 | KD Loss: 4.7036 | Base Loss: 0.7732
Epoch 82/100 | Batch 1000/18922 | KD Loss: 4.5746 | Base Loss: 0.6677
Epoch 82/100 | Batch 1200/18922 | KD Loss: 4.7961 | Base Loss: 0.6872
Epoch 82/100 | Batch 1400/18922 | KD Loss: 5.0349 | Base Loss: 0.8099
Epoch 82/100 | Batch 1600/18922 | KD Loss: 4.9195 | Base Loss: 0.7001
Epoch 82/100 | Batch 1800/18922 | KD Loss: 5.1843 | Base Loss: 0.9855
Epoch 82/100 | Batch 2000/18922 | KD Loss: 4.6426 | Base Loss: 0.6524
Epoch 82/100 | Batch 2200/18922 | KD Loss: 4.5292 | Base Loss: 0.7234
Epoch 82/100 | Batch 2400/18922 | KD Loss: 4.6666 | Base Loss: 0.7313
Epoch 82/100 | Batch 2600/18922 | KD Loss: 4.8183 | Base Loss: 0.7637
Epoch 82/100 | Batch 2800/18922 | KD Loss: 5.1863 | Base Loss: 0.9282
Epoch 82/100 | Batch 3000/18922 | KD Loss: 4.7501 | Base Loss: 0.6944
Epoch 82/100 | Batch 3200/18922 | KD Loss: 4.6054 | Base Loss: 0.7143
Epoch 82/100 | Batch 3400/18922 | KD Loss: 4.6028 | Base Loss: 0.5931
Epoch 82/100 | Batch 3600/18922 | KD Loss: 4.9686 | Base Loss: 0.8490
Epoch 82/100 | Batch 3800/18922 | KD Loss: 4.3319 | Base Loss: 0.7199
Epoch 82/100 | Batch 4000/18922 | KD Loss: 4.6927 | Base Loss: 0.7003
Epoch 82/100 | Batch 4200/18922 | KD Loss: 4.8233 | Base Loss: 0.9778
Epoch 82/100 | Batch 4400/18922 | KD Loss: 4.8105 | Base Loss: 0.7327
Epoch 82/100 | Batch 4600/18922 | KD Loss: 5.0243 | Base Loss: 0.9870
Epoch 82/100 | Batch 4800/18922 | KD Loss: 4.9416 | Base Loss: 0.7700
Epoch 82/100 | Batch 5000/18922 | KD Loss: 5.0605 | Base Loss: 0.8847
Epoch 82/100 | Batch 5200/18922 | KD Loss: 4.5950 | Base Loss: 0.7187
Epoch 82/100 | Batch 5400/18922 | KD Loss: 4.9163 | Base Loss: 0.8331
Epoch 82/100 | Batch 5600/18922 | KD Loss: 4.3232 | Base Loss: 0.6002
Epoch 82/100 | Batch 5800/18922 | KD Loss: 4.4988 | Base Loss: 0.6633
Epoch 82/100 | Batch 6000/18922 | KD Loss: 4.3986 | Base Loss: 0.6400
Epoch 82/100 | Batch 6200/18922 | KD Loss: 4.6951 | Base Loss: 0.9147
Epoch 82/100 | Batch 6400/18922 | KD Loss: 4.9304 | Base Loss: 0.6959
Epoch 82/100 | Batch 6600/18922 | KD Loss: 5.2110 | Base Loss: 0.8864
Epoch 82/100 | Batch 6800/18922 | KD Loss: 4.5316 | Base Loss: 0.7568
Epoch 82/100 | Batch 7000/18922 | KD Loss: 4.6501 | Base Loss: 0.7193
Epoch 82/100 | Batch 7200/18922 | KD Loss: 4.7166 | Base Loss: 0.5914
Epoch 82/100 | Batch 7400/18922 | KD Loss: 4.7233 | Base Loss: 0.8329
Epoch 82/100 | Batch 7600/18922 | KD Loss: 4.7329 | Base Loss: 0.7632
Epoch 82/100 | Batch 7800/18922 | KD Loss: 5.0865 | Base Loss: 1.0379
Epoch 82/100 | Batch 8000/18922 | KD Loss: 5.1739 | Base Loss: 0.8109
Epoch 82/100 | Batch 8200/18922 | KD Loss: 4.4672 | Base Loss: 0.6780
Epoch 82/100 | Batch 8400/18922 | KD Loss: 4.7389 | Base Loss: 0.7718
Epoch 82/100 | Batch 8600/18922 | KD Loss: 5.1969 | Base Loss: 0.9753
Epoch 82/100 | Batch 8800/18922 | KD Loss: 4.8485 | Base Loss: 0.9563
Epoch 82/100 | Batch 9000/18922 | KD Loss: 4.8743 | Base Loss: 0.8256
Epoch 82/100 | Batch 9200/18922 | KD Loss: 5.1357 | Base Loss: 0.8823
Epoch 82/100 | Batch 9400/18922 | KD Loss: 5.0582 | Base Loss: 0.8332
Epoch 82/100 | Batch 9600/18922 | KD Loss: 4.3956 | Base Loss: 0.6275
Epoch 82/100 | Batch 9800/18922 | KD Loss: 4.6994 | Base Loss: 0.8231
Epoch 82/100 | Batch 10000/18922 | KD Loss: 4.7004 | Base Loss: 0.7041
Epoch 82/100 | Batch 10200/18922 | KD Loss: 4.5877 | Base Loss: 0.5924
Epoch 82/100 | Batch 10400/18922 | KD Loss: 5.1156 | Base Loss: 0.7963
Epoch 82/100 | Batch 10600/18922 | KD Loss: 4.6000 | Base Loss: 0.8385
Epoch 82/100 | Batch 10800/18922 | KD Loss: 4.8762 | Base Loss: 0.7778
Epoch 82/100 | Batch 11000/18922 | KD Loss: 5.0996 | Base Loss: 0.6183
Epoch 82/100 | Batch 11200/18922 | KD Loss: 4.6124 | Base Loss: 0.7079
Epoch 82/100 | Batch 11400/18922 | KD Loss: 4.9387 | Base Loss: 0.8583
Epoch 82/100 | Batch 11600/18922 | KD Loss: 4.6818 | Base Loss: 0.7227
Epoch 82/100 | Batch 11800/18922 | KD Loss: 4.7315 | Base Loss: 0.7020
Epoch 82/100 | Batch 12000/18922 | KD Loss: 4.3856 | Base Loss: 0.7555
Epoch 82/100 | Batch 12200/18922 | KD Loss: 4.7062 | Base Loss: 0.7455
Epoch 82/100 | Batch 12400/18922 | KD Loss: 4.5525 | Base Loss: 0.7630
Epoch 82/100 | Batch 12600/18922 | KD Loss: 4.7715 | Base Loss: 0.8807
Epoch 82/100 | Batch 12800/18922 | KD Loss: 4.9872 | Base Loss: 0.7653
Epoch 82/100 | Batch 13000/18922 | KD Loss: 4.8438 | Base Loss: 0.8493
Epoch 82/100 | Batch 13200/18922 | KD Loss: 4.8797 | Base Loss: 0.8612
Epoch 82/100 | Batch 13400/18922 | KD Loss: 4.8324 | Base Loss: 0.8032
Epoch 82/100 | Batch 13600/18922 | KD Loss: 4.6347 | Base Loss: 0.6509
Epoch 82/100 | Batch 13800/18922 | KD Loss: 4.8367 | Base Loss: 0.8183
Epoch 82/100 | Batch 14000/18922 | KD Loss: 5.0095 | Base Loss: 0.8994
Epoch 82/100 | Batch 14200/18922 | KD Loss: 4.8614 | Base Loss: 0.6845
Epoch 82/100 | Batch 14400/18922 | KD Loss: 4.7142 | Base Loss: 0.7487
Epoch 82/100 | Batch 14600/18922 | KD Loss: 4.8071 | Base Loss: 0.7079
Epoch 82/100 | Batch 14800/18922 | KD Loss: 4.8200 | Base Loss: 0.8236
Epoch 82/100 | Batch 15000/18922 | KD Loss: 4.7772 | Base Loss: 0.8602
Epoch 82/100 | Batch 15200/18922 | KD Loss: 4.4478 | Base Loss: 0.8017
Epoch 82/100 | Batch 15400/18922 | KD Loss: 4.4660 | Base Loss: 0.6098
Epoch 82/100 | Batch 15600/18922 | KD Loss: 4.8116 | Base Loss: 0.9337
Epoch 82/100 | Batch 15800/18922 | KD Loss: 4.7885 | Base Loss: 0.8659
Epoch 82/100 | Batch 16000/18922 | KD Loss: 5.0507 | Base Loss: 0.7971
Epoch 82/100 | Batch 16200/18922 | KD Loss: 4.7806 | Base Loss: 0.6997
Epoch 82/100 | Batch 16400/18922 | KD Loss: 4.7779 | Base Loss: 0.8499
Epoch 82/100 | Batch 16600/18922 | KD Loss: 4.8120 | Base Loss: 0.8136
Epoch 82/100 | Batch 16800/18922 | KD Loss: 4.9534 | Base Loss: 0.9022
Epoch 82/100 | Batch 17000/18922 | KD Loss: 4.6166 | Base Loss: 0.8616
Epoch 82/100 | Batch 17200/18922 | KD Loss: 5.1391 | Base Loss: 0.9146
Epoch 82/100 | Batch 17400/18922 | KD Loss: 4.9192 | Base Loss: 0.7156
Epoch 82/100 | Batch 17600/18922 | KD Loss: 4.8047 | Base Loss: 0.7351
Epoch 82/100 | Batch 17800/18922 | KD Loss: 4.5433 | Base Loss: 0.8471
Epoch 82/100 | Batch 18000/18922 | KD Loss: 4.9484 | Base Loss: 0.8172
Epoch 82/100 | Batch 18200/18922 | KD Loss: 4.5113 | Base Loss: 0.7815
Epoch 82/100 | Batch 18400/18922 | KD Loss: 4.5953 | Base Loss: 0.6321
Epoch 82/100 | Batch 18600/18922 | KD Loss: 4.5859 | Base Loss: 0.5986
Epoch 82/100 | Batch 18800/18922 | KD Loss: 5.1298 | Base Loss: 0.8345
====> Epoch 82 Average KD Loss: 4.7980 | LR: 0.000200
Epoch 83/100 | Batch 0/18922 | KD Loss: 4.8896 | Base Loss: 0.9594
Epoch 83/100 | Batch 200/18922 | KD Loss: 5.0028 | Base Loss: 0.9365
Epoch 83/100 | Batch 400/18922 | KD Loss: 4.8624 | Base Loss: 0.8421
Epoch 83/100 | Batch 600/18922 | KD Loss: 4.5258 | Base Loss: 0.6680
Epoch 83/100 | Batch 800/18922 | KD Loss: 4.7447 | Base Loss: 0.7104
Epoch 83/100 | Batch 1000/18922 | KD Loss: 4.7810 | Base Loss: 0.7961
Epoch 83/100 | Batch 1200/18922 | KD Loss: 5.0764 | Base Loss: 0.8439
Epoch 83/100 | Batch 1400/18922 | KD Loss: 5.1068 | Base Loss: 0.9646
Epoch 83/100 | Batch 1600/18922 | KD Loss: 5.1926 | Base Loss: 0.9046
Epoch 83/100 | Batch 1800/18922 | KD Loss: 4.9120 | Base Loss: 0.6977
Epoch 83/100 | Batch 2000/18922 | KD Loss: 4.9714 | Base Loss: 0.8118
Epoch 83/100 | Batch 2200/18922 | KD Loss: 4.7950 | Base Loss: 0.9467
Epoch 83/100 | Batch 2400/18922 | KD Loss: 4.9765 | Base Loss: 0.8964
Epoch 83/100 | Batch 2600/18922 | KD Loss: 4.8432 | Base Loss: 0.6598
Epoch 83/100 | Batch 2800/18922 | KD Loss: 4.6135 | Base Loss: 0.7811
Epoch 83/100 | Batch 3000/18922 | KD Loss: 4.5309 | Base Loss: 0.7637
Epoch 83/100 | Batch 3200/18922 | KD Loss: 4.8300 | Base Loss: 0.7353
Epoch 83/100 | Batch 3400/18922 | KD Loss: 4.8411 | Base Loss: 0.7290
Epoch 83/100 | Batch 3600/18922 | KD Loss: 5.1880 | Base Loss: 0.9063
Epoch 83/100 | Batch 3800/18922 | KD Loss: 4.6465 | Base Loss: 0.8273
Epoch 83/100 | Batch 4000/18922 | KD Loss: 4.5430 | Base Loss: 0.5494
Epoch 83/100 | Batch 4200/18922 | KD Loss: 4.8002 | Base Loss: 0.8680
Epoch 83/100 | Batch 4400/18922 | KD Loss: 4.8319 | Base Loss: 0.8083
Epoch 83/100 | Batch 4600/18922 | KD Loss: 4.6190 | Base Loss: 0.6596
Epoch 83/100 | Batch 4800/18922 | KD Loss: 4.7911 | Base Loss: 0.7078
Epoch 83/100 | Batch 5000/18922 | KD Loss: 4.8888 | Base Loss: 0.8225
Epoch 83/100 | Batch 5200/18922 | KD Loss: 4.7343 | Base Loss: 0.7188
Epoch 83/100 | Batch 5400/18922 | KD Loss: 5.0712 | Base Loss: 1.0100
Epoch 83/100 | Batch 5600/18922 | KD Loss: 4.6294 | Base Loss: 0.7620
Epoch 83/100 | Batch 5800/18922 | KD Loss: 5.3074 | Base Loss: 0.8883
Epoch 83/100 | Batch 6000/18922 | KD Loss: 4.8801 | Base Loss: 0.7751
Epoch 83/100 | Batch 6200/18922 | KD Loss: 4.7906 | Base Loss: 0.8774
Epoch 83/100 | Batch 6400/18922 | KD Loss: 4.9773 | Base Loss: 0.9173
Epoch 83/100 | Batch 6600/18922 | KD Loss: 5.0856 | Base Loss: 1.0331
Epoch 83/100 | Batch 6800/18922 | KD Loss: 4.7707 | Base Loss: 0.6891
Epoch 83/100 | Batch 7000/18922 | KD Loss: 4.9593 | Base Loss: 0.7423
Epoch 83/100 | Batch 7200/18922 | KD Loss: 4.9848 | Base Loss: 0.8629
Epoch 83/100 | Batch 7400/18922 | KD Loss: 5.3150 | Base Loss: 0.9224
Epoch 83/100 | Batch 7600/18922 | KD Loss: 4.9113 | Base Loss: 0.9298
Epoch 83/100 | Batch 7800/18922 | KD Loss: 4.3843 | Base Loss: 0.7931
Epoch 83/100 | Batch 8000/18922 | KD Loss: 4.8820 | Base Loss: 0.8578
Epoch 83/100 | Batch 8200/18922 | KD Loss: 4.6598 | Base Loss: 0.7958
Epoch 83/100 | Batch 8400/18922 | KD Loss: 4.9453 | Base Loss: 0.8996
Epoch 83/100 | Batch 8600/18922 | KD Loss: 4.8298 | Base Loss: 0.7732
Epoch 83/100 | Batch 8800/18922 | KD Loss: 4.7849 | Base Loss: 0.6919
Epoch 83/100 | Batch 9000/18922 | KD Loss: 4.9397 | Base Loss: 0.7778
Epoch 83/100 | Batch 9200/18922 | KD Loss: 4.5325 | Base Loss: 0.6649
Epoch 83/100 | Batch 9400/18922 | KD Loss: 4.3300 | Base Loss: 0.4918
Epoch 83/100 | Batch 9600/18922 | KD Loss: 4.6049 | Base Loss: 0.8062
Epoch 83/100 | Batch 9800/18922 | KD Loss: 4.8623 | Base Loss: 0.7760
Epoch 83/100 | Batch 10000/18922 | KD Loss: 4.7020 | Base Loss: 0.9103
Epoch 83/100 | Batch 10200/18922 | KD Loss: 4.6200 | Base Loss: 0.7391
Epoch 83/100 | Batch 10400/18922 | KD Loss: 4.5928 | Base Loss: 0.7661
Epoch 83/100 | Batch 10600/18922 | KD Loss: 4.8577 | Base Loss: 0.9535
Epoch 83/100 | Batch 10800/18922 | KD Loss: 4.9999 | Base Loss: 0.7119
Epoch 83/100 | Batch 11000/18922 | KD Loss: 4.9008 | Base Loss: 0.8589
Epoch 83/100 | Batch 11200/18922 | KD Loss: 4.9933 | Base Loss: 0.6657
Epoch 83/100 | Batch 11400/18922 | KD Loss: 4.6505 | Base Loss: 0.7059
Epoch 83/100 | Batch 11600/18922 | KD Loss: 4.6653 | Base Loss: 0.8022
Epoch 83/100 | Batch 11800/18922 | KD Loss: 4.8402 | Base Loss: 0.7827
Epoch 83/100 | Batch 12000/18922 | KD Loss: 4.6454 | Base Loss: 0.6590
Epoch 83/100 | Batch 12200/18922 | KD Loss: 4.6761 | Base Loss: 0.6166
Epoch 83/100 | Batch 12400/18922 | KD Loss: 5.1133 | Base Loss: 0.8696
Epoch 83/100 | Batch 12600/18922 | KD Loss: 4.6357 | Base Loss: 0.6034
Epoch 83/100 | Batch 12800/18922 | KD Loss: 4.6087 | Base Loss: 0.7357
Epoch 83/100 | Batch 13000/18922 | KD Loss: 5.1806 | Base Loss: 0.8188
Epoch 83/100 | Batch 13200/18922 | KD Loss: 4.7095 | Base Loss: 0.7799
Epoch 83/100 | Batch 13400/18922 | KD Loss: 4.4361 | Base Loss: 0.6454
Epoch 83/100 | Batch 13600/18922 | KD Loss: 5.0642 | Base Loss: 0.8279
Epoch 83/100 | Batch 13800/18922 | KD Loss: 4.8577 | Base Loss: 0.8177
Epoch 83/100 | Batch 14000/18922 | KD Loss: 4.5200 | Base Loss: 0.8003
Epoch 83/100 | Batch 14200/18922 | KD Loss: 4.6883 | Base Loss: 0.7825
Epoch 83/100 | Batch 14400/18922 | KD Loss: 4.6023 | Base Loss: 0.7479
Epoch 83/100 | Batch 14600/18922 | KD Loss: 4.8305 | Base Loss: 0.7091
Epoch 83/100 | Batch 14800/18922 | KD Loss: 4.8729 | Base Loss: 0.7875
Epoch 83/100 | Batch 15000/18922 | KD Loss: 4.9952 | Base Loss: 0.8405
Epoch 83/100 | Batch 15200/18922 | KD Loss: 4.5213 | Base Loss: 0.7886
Epoch 83/100 | Batch 15400/18922 | KD Loss: 4.7119 | Base Loss: 0.7760
Epoch 83/100 | Batch 15600/18922 | KD Loss: 4.9246 | Base Loss: 0.8168
Epoch 83/100 | Batch 15800/18922 | KD Loss: 4.6715 | Base Loss: 0.7393
Epoch 83/100 | Batch 16000/18922 | KD Loss: 4.7740 | Base Loss: 0.7667
Epoch 83/100 | Batch 16200/18922 | KD Loss: 4.8299 | Base Loss: 0.7008
Epoch 83/100 | Batch 16400/18922 | KD Loss: 4.3986 | Base Loss: 0.6982
Epoch 83/100 | Batch 16600/18922 | KD Loss: 4.5137 | Base Loss: 0.6914
Epoch 83/100 | Batch 16800/18922 | KD Loss: 4.6203 | Base Loss: 0.8601
Epoch 83/100 | Batch 17000/18922 | KD Loss: 4.4514 | Base Loss: 0.7183
Epoch 83/100 | Batch 17200/18922 | KD Loss: 5.0093 | Base Loss: 0.8567
Epoch 83/100 | Batch 17400/18922 | KD Loss: 4.6305 | Base Loss: 0.7877
Epoch 83/100 | Batch 17600/18922 | KD Loss: 4.8065 | Base Loss: 0.7146
Epoch 83/100 | Batch 17800/18922 | KD Loss: 5.1779 | Base Loss: 0.7363
Epoch 83/100 | Batch 18000/18922 | KD Loss: 4.7764 | Base Loss: 0.7842
Epoch 83/100 | Batch 18200/18922 | KD Loss: 4.6564 | Base Loss: 0.7761
Epoch 83/100 | Batch 18400/18922 | KD Loss: 5.0241 | Base Loss: 0.8363
Epoch 83/100 | Batch 18600/18922 | KD Loss: 4.7011 | Base Loss: 0.7725
Epoch 83/100 | Batch 18800/18922 | KD Loss: 4.7130 | Base Loss: 0.7094
====> Epoch 83 Average KD Loss: 4.7966 | LR: 0.000200
Epoch 84/100 | Batch 0/18922 | KD Loss: 4.5119 | Base Loss: 0.7148
Epoch 84/100 | Batch 200/18922 | KD Loss: 5.0191 | Base Loss: 0.8089
Epoch 84/100 | Batch 400/18922 | KD Loss: 4.8558 | Base Loss: 0.7611
Epoch 84/100 | Batch 600/18922 | KD Loss: 4.8532 | Base Loss: 0.7937
Epoch 84/100 | Batch 800/18922 | KD Loss: 4.9366 | Base Loss: 0.7075
Epoch 84/100 | Batch 1000/18922 | KD Loss: 4.9450 | Base Loss: 0.8684
Epoch 84/100 | Batch 1200/18922 | KD Loss: 4.3928 | Base Loss: 0.5556
Epoch 84/100 | Batch 1400/18922 | KD Loss: 4.7343 | Base Loss: 0.6941
Epoch 84/100 | Batch 1600/18922 | KD Loss: 4.7940 | Base Loss: 0.8035
Epoch 84/100 | Batch 1800/18922 | KD Loss: 4.8514 | Base Loss: 0.7892
Epoch 84/100 | Batch 2000/18922 | KD Loss: 4.6471 | Base Loss: 0.7023
Epoch 84/100 | Batch 2200/18922 | KD Loss: 5.0456 | Base Loss: 0.8458
Epoch 84/100 | Batch 2400/18922 | KD Loss: 5.0277 | Base Loss: 0.9595
Epoch 84/100 | Batch 2600/18922 | KD Loss: 4.6978 | Base Loss: 0.6168
Epoch 84/100 | Batch 2800/18922 | KD Loss: 4.4681 | Base Loss: 0.6160
Epoch 84/100 | Batch 3000/18922 | KD Loss: 4.8485 | Base Loss: 0.8162
Epoch 84/100 | Batch 3200/18922 | KD Loss: 5.3335 | Base Loss: 0.7900
Epoch 84/100 | Batch 3400/18922 | KD Loss: 4.7952 | Base Loss: 0.8504
Epoch 84/100 | Batch 3600/18922 | KD Loss: 4.6671 | Base Loss: 0.6818
Epoch 84/100 | Batch 3800/18922 | KD Loss: 4.5032 | Base Loss: 0.7350
Epoch 84/100 | Batch 4000/18922 | KD Loss: 4.7975 | Base Loss: 0.7418
Epoch 84/100 | Batch 4200/18922 | KD Loss: 4.9756 | Base Loss: 0.8491
Epoch 84/100 | Batch 4400/18922 | KD Loss: 4.6603 | Base Loss: 0.8418
Epoch 84/100 | Batch 4600/18922 | KD Loss: 4.7272 | Base Loss: 0.7020
Epoch 84/100 | Batch 4800/18922 | KD Loss: 4.8689 | Base Loss: 0.7860
Epoch 84/100 | Batch 5000/18922 | KD Loss: 5.0331 | Base Loss: 0.8294
Epoch 84/100 | Batch 5200/18922 | KD Loss: 5.1270 | Base Loss: 0.9322
Epoch 84/100 | Batch 5400/18922 | KD Loss: 4.5673 | Base Loss: 0.7144
Epoch 84/100 | Batch 5600/18922 | KD Loss: 4.6383 | Base Loss: 0.7677
Epoch 84/100 | Batch 5800/18922 | KD Loss: 5.1393 | Base Loss: 0.8697
Epoch 84/100 | Batch 6000/18922 | KD Loss: 4.7521 | Base Loss: 0.6719
Epoch 84/100 | Batch 6200/18922 | KD Loss: 4.5492 | Base Loss: 0.6755
Epoch 84/100 | Batch 6400/18922 | KD Loss: 4.8151 | Base Loss: 1.0173
Epoch 84/100 | Batch 6600/18922 | KD Loss: 4.9452 | Base Loss: 0.8877
Epoch 84/100 | Batch 6800/18922 | KD Loss: 4.5768 | Base Loss: 0.7240
Epoch 84/100 | Batch 7000/18922 | KD Loss: 4.9599 | Base Loss: 0.9119
Epoch 84/100 | Batch 7200/18922 | KD Loss: 4.8429 | Base Loss: 0.8683
Epoch 84/100 | Batch 7400/18922 | KD Loss: 4.3027 | Base Loss: 0.6159
Epoch 84/100 | Batch 7600/18922 | KD Loss: 4.4317 | Base Loss: 0.7456
Epoch 84/100 | Batch 7800/18922 | KD Loss: 4.4893 | Base Loss: 0.6664
Epoch 84/100 | Batch 8000/18922 | KD Loss: 4.7863 | Base Loss: 0.9119
Epoch 84/100 | Batch 8200/18922 | KD Loss: 4.4908 | Base Loss: 0.8358
Epoch 84/100 | Batch 8400/18922 | KD Loss: 4.8991 | Base Loss: 0.7170
Epoch 84/100 | Batch 8600/18922 | KD Loss: 4.7093 | Base Loss: 0.7169
Epoch 84/100 | Batch 8800/18922 | KD Loss: 4.9911 | Base Loss: 0.8517
Epoch 84/100 | Batch 9000/18922 | KD Loss: 4.5543 | Base Loss: 0.6610
Epoch 84/100 | Batch 9200/18922 | KD Loss: 4.7841 | Base Loss: 0.8932
Epoch 84/100 | Batch 9400/18922 | KD Loss: 4.4662 | Base Loss: 0.6377
Epoch 84/100 | Batch 9600/18922 | KD Loss: 4.7780 | Base Loss: 0.6998
Epoch 84/100 | Batch 9800/18922 | KD Loss: 4.8760 | Base Loss: 0.9094
Epoch 84/100 | Batch 10000/18922 | KD Loss: 4.7151 | Base Loss: 0.7653
Epoch 84/100 | Batch 10200/18922 | KD Loss: 4.9826 | Base Loss: 0.9144
Epoch 84/100 | Batch 10400/18922 | KD Loss: 4.4944 | Base Loss: 0.5405
Epoch 84/100 | Batch 10600/18922 | KD Loss: 4.7315 | Base Loss: 0.8111
Epoch 84/100 | Batch 10800/18922 | KD Loss: 5.2559 | Base Loss: 0.9123
Epoch 84/100 | Batch 11000/18922 | KD Loss: 4.9214 | Base Loss: 0.7099
Epoch 84/100 | Batch 11200/18922 | KD Loss: 4.6123 | Base Loss: 0.7104
Epoch 84/100 | Batch 11400/18922 | KD Loss: 4.6342 | Base Loss: 0.6292
Epoch 84/100 | Batch 11600/18922 | KD Loss: 4.7394 | Base Loss: 0.7534
Epoch 84/100 | Batch 11800/18922 | KD Loss: 5.2140 | Base Loss: 0.8379
Epoch 84/100 | Batch 12000/18922 | KD Loss: 5.0333 | Base Loss: 0.8641
Epoch 84/100 | Batch 12200/18922 | KD Loss: 4.5780 | Base Loss: 0.6776
Epoch 84/100 | Batch 12400/18922 | KD Loss: 5.1055 | Base Loss: 0.9290
Epoch 84/100 | Batch 12600/18922 | KD Loss: 4.6770 | Base Loss: 0.9038
Epoch 84/100 | Batch 12800/18922 | KD Loss: 4.7503 | Base Loss: 0.7887
Epoch 84/100 | Batch 13000/18922 | KD Loss: 4.8147 | Base Loss: 0.7812
Epoch 84/100 | Batch 13200/18922 | KD Loss: 4.5438 | Base Loss: 0.5998
Epoch 84/100 | Batch 13400/18922 | KD Loss: 5.1000 | Base Loss: 0.8491
Epoch 84/100 | Batch 13600/18922 | KD Loss: 4.6095 | Base Loss: 0.6822
Epoch 84/100 | Batch 13800/18922 | KD Loss: 4.7279 | Base Loss: 0.9452
Epoch 84/100 | Batch 14000/18922 | KD Loss: 4.8820 | Base Loss: 0.9067
Epoch 84/100 | Batch 14200/18922 | KD Loss: 4.6197 | Base Loss: 0.8222
Epoch 84/100 | Batch 14400/18922 | KD Loss: 4.5732 | Base Loss: 0.6801
Epoch 84/100 | Batch 14600/18922 | KD Loss: 4.8037 | Base Loss: 0.6940
Epoch 84/100 | Batch 14800/18922 | KD Loss: 4.6385 | Base Loss: 0.8573
Epoch 84/100 | Batch 15000/18922 | KD Loss: 4.8820 | Base Loss: 0.7961
Epoch 84/100 | Batch 15200/18922 | KD Loss: 5.0767 | Base Loss: 1.0096
Epoch 84/100 | Batch 15400/18922 | KD Loss: 5.1237 | Base Loss: 0.8655
Epoch 84/100 | Batch 15600/18922 | KD Loss: 4.6478 | Base Loss: 0.6938
Epoch 84/100 | Batch 15800/18922 | KD Loss: 5.0160 | Base Loss: 0.9729
Epoch 84/100 | Batch 16000/18922 | KD Loss: 4.8363 | Base Loss: 0.7538
Epoch 84/100 | Batch 16200/18922 | KD Loss: 4.7967 | Base Loss: 0.8850
Epoch 84/100 | Batch 16400/18922 | KD Loss: 4.8176 | Base Loss: 0.8101
Epoch 84/100 | Batch 16600/18922 | KD Loss: 5.0002 | Base Loss: 0.7407
Epoch 84/100 | Batch 16800/18922 | KD Loss: 4.4731 | Base Loss: 0.8167
Epoch 84/100 | Batch 17000/18922 | KD Loss: 4.9074 | Base Loss: 0.7110
Epoch 84/100 | Batch 17200/18922 | KD Loss: 4.5104 | Base Loss: 0.7549
Epoch 84/100 | Batch 17400/18922 | KD Loss: 5.1412 | Base Loss: 0.8004
Epoch 84/100 | Batch 17600/18922 | KD Loss: 4.6794 | Base Loss: 0.7640
Epoch 84/100 | Batch 17800/18922 | KD Loss: 5.0474 | Base Loss: 0.7854
Epoch 84/100 | Batch 18000/18922 | KD Loss: 5.2206 | Base Loss: 0.8105
Epoch 84/100 | Batch 18200/18922 | KD Loss: 4.9461 | Base Loss: 1.1226
Epoch 84/100 | Batch 18400/18922 | KD Loss: 4.5228 | Base Loss: 0.6029
Epoch 84/100 | Batch 18600/18922 | KD Loss: 4.7433 | Base Loss: 0.7934
Epoch 84/100 | Batch 18800/18922 | KD Loss: 4.7903 | Base Loss: 0.7208
====> Epoch 84 Average KD Loss: 4.7969 | LR: 0.000200
Epoch 85/100 | Batch 0/18922 | KD Loss: 4.8105 | Base Loss: 0.7644
Epoch 85/100 | Batch 200/18922 | KD Loss: 4.6666 | Base Loss: 0.7798
Epoch 85/100 | Batch 400/18922 | KD Loss: 4.8999 | Base Loss: 0.8180
Epoch 85/100 | Batch 600/18922 | KD Loss: 4.8682 | Base Loss: 0.8538
Epoch 85/100 | Batch 800/18922 | KD Loss: 4.7304 | Base Loss: 0.8754
Epoch 85/100 | Batch 1000/18922 | KD Loss: 4.7402 | Base Loss: 0.8396
Epoch 85/100 | Batch 1200/18922 | KD Loss: 4.7834 | Base Loss: 0.8628
Epoch 85/100 | Batch 1400/18922 | KD Loss: 5.1791 | Base Loss: 0.8708
Epoch 85/100 | Batch 1600/18922 | KD Loss: 4.9362 | Base Loss: 0.8772
Epoch 85/100 | Batch 1800/18922 | KD Loss: 4.6680 | Base Loss: 0.7897
Epoch 85/100 | Batch 2000/18922 | KD Loss: 4.9955 | Base Loss: 0.7959
Epoch 85/100 | Batch 2200/18922 | KD Loss: 4.9264 | Base Loss: 0.9113
Epoch 85/100 | Batch 2400/18922 | KD Loss: 4.9242 | Base Loss: 0.7948
Epoch 85/100 | Batch 2600/18922 | KD Loss: 4.6872 | Base Loss: 0.6960
Epoch 85/100 | Batch 2800/18922 | KD Loss: 4.6611 | Base Loss: 0.7452
Epoch 85/100 | Batch 3000/18922 | KD Loss: 4.6331 | Base Loss: 0.7393
Epoch 85/100 | Batch 3200/18922 | KD Loss: 4.7807 | Base Loss: 0.7259
Epoch 85/100 | Batch 3400/18922 | KD Loss: 4.9328 | Base Loss: 0.7800
Epoch 85/100 | Batch 3600/18922 | KD Loss: 4.7937 | Base Loss: 0.8133
Epoch 85/100 | Batch 3800/18922 | KD Loss: 4.7647 | Base Loss: 0.6617
Epoch 85/100 | Batch 4000/18922 | KD Loss: 5.0094 | Base Loss: 0.8322
Epoch 85/100 | Batch 4200/18922 | KD Loss: 4.5335 | Base Loss: 0.6537
Epoch 85/100 | Batch 4400/18922 | KD Loss: 4.6920 | Base Loss: 0.8239
Epoch 85/100 | Batch 4600/18922 | KD Loss: 4.7509 | Base Loss: 0.7261
Epoch 85/100 | Batch 4800/18922 | KD Loss: 4.7725 | Base Loss: 0.8075
Epoch 85/100 | Batch 5000/18922 | KD Loss: 4.6869 | Base Loss: 0.6738
Epoch 85/100 | Batch 5200/18922 | KD Loss: 4.8498 | Base Loss: 0.8772
Epoch 85/100 | Batch 5400/18922 | KD Loss: 4.5167 | Base Loss: 0.4957
Epoch 85/100 | Batch 5600/18922 | KD Loss: 4.8219 | Base Loss: 0.6870
Epoch 85/100 | Batch 5800/18922 | KD Loss: 4.8728 | Base Loss: 0.7777
Epoch 85/100 | Batch 6000/18922 | KD Loss: 4.9678 | Base Loss: 0.8386
Epoch 85/100 | Batch 6200/18922 | KD Loss: 4.6614 | Base Loss: 0.7326
Epoch 85/100 | Batch 6400/18922 | KD Loss: 4.6871 | Base Loss: 0.8109
Epoch 85/100 | Batch 6600/18922 | KD Loss: 5.0643 | Base Loss: 0.8009
Epoch 85/100 | Batch 6800/18922 | KD Loss: 4.5165 | Base Loss: 0.8316
Epoch 85/100 | Batch 7000/18922 | KD Loss: 4.4065 | Base Loss: 0.6961
Epoch 85/100 | Batch 7200/18922 | KD Loss: 4.5689 | Base Loss: 0.7667
Epoch 85/100 | Batch 7400/18922 | KD Loss: 4.7313 | Base Loss: 0.6497
Epoch 85/100 | Batch 7600/18922 | KD Loss: 5.3297 | Base Loss: 0.8477
Epoch 85/100 | Batch 7800/18922 | KD Loss: 4.9430 | Base Loss: 0.8674
Epoch 85/100 | Batch 8000/18922 | KD Loss: 4.6352 | Base Loss: 0.7160
Epoch 85/100 | Batch 8200/18922 | KD Loss: 4.8097 | Base Loss: 0.8785
Epoch 85/100 | Batch 8400/18922 | KD Loss: 4.8574 | Base Loss: 0.8282
Epoch 85/100 | Batch 8600/18922 | KD Loss: 4.9706 | Base Loss: 0.8636
Epoch 85/100 | Batch 8800/18922 | KD Loss: 4.7428 | Base Loss: 0.8392
Epoch 85/100 | Batch 9000/18922 | KD Loss: 5.0237 | Base Loss: 0.7810
Epoch 85/100 | Batch 9200/18922 | KD Loss: 4.5715 | Base Loss: 0.6538
Epoch 85/100 | Batch 9400/18922 | KD Loss: 5.0640 | Base Loss: 0.7870
Epoch 85/100 | Batch 9600/18922 | KD Loss: 4.9101 | Base Loss: 0.8632
Epoch 85/100 | Batch 9800/18922 | KD Loss: 4.6676 | Base Loss: 0.8358
Epoch 85/100 | Batch 10000/18922 | KD Loss: 4.7617 | Base Loss: 0.8862
Epoch 85/100 | Batch 10200/18922 | KD Loss: 4.8634 | Base Loss: 1.0418
Epoch 85/100 | Batch 10400/18922 | KD Loss: 4.1533 | Base Loss: 0.5799
Epoch 85/100 | Batch 10600/18922 | KD Loss: 5.0404 | Base Loss: 0.8283
Epoch 85/100 | Batch 10800/18922 | KD Loss: 5.0939 | Base Loss: 0.8813
Epoch 85/100 | Batch 11000/18922 | KD Loss: 4.8463 | Base Loss: 0.8500
Epoch 85/100 | Batch 11200/18922 | KD Loss: 5.0289 | Base Loss: 0.7829
Epoch 85/100 | Batch 11400/18922 | KD Loss: 4.6515 | Base Loss: 0.8324
Epoch 85/100 | Batch 11600/18922 | KD Loss: 5.2247 | Base Loss: 1.0036
Epoch 85/100 | Batch 11800/18922 | KD Loss: 4.4437 | Base Loss: 0.6641
Epoch 85/100 | Batch 12000/18922 | KD Loss: 5.4744 | Base Loss: 0.7978
Epoch 85/100 | Batch 12200/18922 | KD Loss: 4.8458 | Base Loss: 0.7898
Epoch 85/100 | Batch 12400/18922 | KD Loss: 4.7115 | Base Loss: 0.6723
Epoch 85/100 | Batch 12600/18922 | KD Loss: 4.3332 | Base Loss: 0.6688
Epoch 85/100 | Batch 12800/18922 | KD Loss: 4.9216 | Base Loss: 0.8972
Epoch 85/100 | Batch 13000/18922 | KD Loss: 4.7614 | Base Loss: 0.8640
Epoch 85/100 | Batch 13200/18922 | KD Loss: 4.9209 | Base Loss: 0.8024
Epoch 85/100 | Batch 13400/18922 | KD Loss: 4.8153 | Base Loss: 0.7581
Epoch 85/100 | Batch 13600/18922 | KD Loss: 4.6846 | Base Loss: 0.8178
Epoch 85/100 | Batch 13800/18922 | KD Loss: 4.8942 | Base Loss: 0.7863
Epoch 85/100 | Batch 14000/18922 | KD Loss: 4.7235 | Base Loss: 0.7217
Epoch 85/100 | Batch 14200/18922 | KD Loss: 4.6547 | Base Loss: 0.8304
Epoch 85/100 | Batch 14400/18922 | KD Loss: 4.7383 | Base Loss: 0.7396
Epoch 85/100 | Batch 14600/18922 | KD Loss: 4.8376 | Base Loss: 0.8291
Epoch 85/100 | Batch 14800/18922 | KD Loss: 5.0343 | Base Loss: 0.8870
Epoch 85/100 | Batch 15000/18922 | KD Loss: 4.9734 | Base Loss: 0.7044
Epoch 85/100 | Batch 15200/18922 | KD Loss: 4.8712 | Base Loss: 0.9122
Epoch 85/100 | Batch 15400/18922 | KD Loss: 4.9468 | Base Loss: 0.8610
Epoch 85/100 | Batch 15600/18922 | KD Loss: 4.3891 | Base Loss: 0.7514
Epoch 85/100 | Batch 15800/18922 | KD Loss: 4.9760 | Base Loss: 0.8160
Epoch 85/100 | Batch 16000/18922 | KD Loss: 4.6844 | Base Loss: 0.7093
Epoch 85/100 | Batch 16200/18922 | KD Loss: 4.7580 | Base Loss: 0.7613
Epoch 85/100 | Batch 16400/18922 | KD Loss: 5.0333 | Base Loss: 0.8068
Epoch 85/100 | Batch 16600/18922 | KD Loss: 4.4681 | Base Loss: 0.7168
Epoch 85/100 | Batch 16800/18922 | KD Loss: 5.1950 | Base Loss: 0.8398
Epoch 85/100 | Batch 17000/18922 | KD Loss: 4.8705 | Base Loss: 0.9156
Epoch 85/100 | Batch 17200/18922 | KD Loss: 4.8681 | Base Loss: 0.8116
Epoch 85/100 | Batch 17400/18922 | KD Loss: 4.9362 | Base Loss: 0.9273
Epoch 85/100 | Batch 17600/18922 | KD Loss: 5.0408 | Base Loss: 0.8369
Epoch 85/100 | Batch 17800/18922 | KD Loss: 5.0948 | Base Loss: 0.8732
Epoch 85/100 | Batch 18000/18922 | KD Loss: 4.8191 | Base Loss: 0.7908
Epoch 85/100 | Batch 18200/18922 | KD Loss: 4.7852 | Base Loss: 0.6449
Epoch 85/100 | Batch 18400/18922 | KD Loss: 4.5863 | Base Loss: 0.6867
Epoch 85/100 | Batch 18600/18922 | KD Loss: 4.6916 | Base Loss: 0.9031
Epoch 85/100 | Batch 18800/18922 | KD Loss: 4.6992 | Base Loss: 0.6354
====> Epoch 85 Average KD Loss: 4.7957 | LR: 0.000200
Epoch 86/100 | Batch 0/18922 | KD Loss: 5.2354 | Base Loss: 0.9516
Epoch 86/100 | Batch 200/18922 | KD Loss: 4.8333 | Base Loss: 0.8122
Epoch 86/100 | Batch 400/18922 | KD Loss: 4.7291 | Base Loss: 0.8623
Epoch 86/100 | Batch 600/18922 | KD Loss: 4.4970 | Base Loss: 0.6537
Epoch 86/100 | Batch 800/18922 | KD Loss: 4.5334 | Base Loss: 0.6853
Epoch 86/100 | Batch 1000/18922 | KD Loss: 4.7748 | Base Loss: 0.8805
Epoch 86/100 | Batch 1200/18922 | KD Loss: 4.5221 | Base Loss: 0.6749
Epoch 86/100 | Batch 1400/18922 | KD Loss: 4.9010 | Base Loss: 0.8659
Epoch 86/100 | Batch 1600/18922 | KD Loss: 4.9544 | Base Loss: 0.9084
Epoch 86/100 | Batch 1800/18922 | KD Loss: 4.8489 | Base Loss: 0.8192
Epoch 86/100 | Batch 2000/18922 | KD Loss: 4.5839 | Base Loss: 0.6991
Epoch 86/100 | Batch 2200/18922 | KD Loss: 4.7548 | Base Loss: 0.7640
Epoch 86/100 | Batch 2400/18922 | KD Loss: 5.3374 | Base Loss: 0.8319
Epoch 86/100 | Batch 2600/18922 | KD Loss: 5.1150 | Base Loss: 0.7512
Epoch 86/100 | Batch 2800/18922 | KD Loss: 4.8038 | Base Loss: 0.9040
Epoch 86/100 | Batch 3000/18922 | KD Loss: 5.2115 | Base Loss: 0.9671
Epoch 86/100 | Batch 3200/18922 | KD Loss: 4.7988 | Base Loss: 0.6901
Epoch 86/100 | Batch 3400/18922 | KD Loss: 4.9792 | Base Loss: 0.8807
Epoch 86/100 | Batch 3600/18922 | KD Loss: 4.7568 | Base Loss: 0.8450
Epoch 86/100 | Batch 3800/18922 | KD Loss: 4.6278 | Base Loss: 0.9960
Epoch 86/100 | Batch 4000/18922 | KD Loss: 4.5399 | Base Loss: 0.7554
Epoch 86/100 | Batch 4200/18922 | KD Loss: 4.8279 | Base Loss: 0.6314
Epoch 86/100 | Batch 4400/18922 | KD Loss: 4.6073 | Base Loss: 0.8695
Epoch 86/100 | Batch 4600/18922 | KD Loss: 4.8741 | Base Loss: 0.7689
Epoch 86/100 | Batch 4800/18922 | KD Loss: 4.8055 | Base Loss: 0.7478
Epoch 86/100 | Batch 5000/18922 | KD Loss: 4.6475 | Base Loss: 0.7512
Epoch 86/100 | Batch 5200/18922 | KD Loss: 5.3141 | Base Loss: 1.0054
Epoch 86/100 | Batch 5400/18922 | KD Loss: 4.7479 | Base Loss: 0.8110
Epoch 86/100 | Batch 5600/18922 | KD Loss: 4.7681 | Base Loss: 0.6595
Epoch 86/100 | Batch 5800/18922 | KD Loss: 4.6020 | Base Loss: 0.8187
Epoch 86/100 | Batch 6000/18922 | KD Loss: 4.4642 | Base Loss: 0.5700
Epoch 86/100 | Batch 6200/18922 | KD Loss: 4.5323 | Base Loss: 0.7838
Epoch 86/100 | Batch 6400/18922 | KD Loss: 4.7836 | Base Loss: 0.8127
Epoch 86/100 | Batch 6600/18922 | KD Loss: 4.7041 | Base Loss: 0.6834
Epoch 86/100 | Batch 6800/18922 | KD Loss: 5.0961 | Base Loss: 0.9262
Epoch 86/100 | Batch 7000/18922 | KD Loss: 4.7283 | Base Loss: 0.8158
Epoch 86/100 | Batch 7200/18922 | KD Loss: 4.6746 | Base Loss: 0.7597
Epoch 86/100 | Batch 7400/18922 | KD Loss: 4.4537 | Base Loss: 0.6992
Epoch 86/100 | Batch 7600/18922 | KD Loss: 5.0317 | Base Loss: 0.9143
Epoch 86/100 | Batch 7800/18922 | KD Loss: 4.8744 | Base Loss: 0.6618
Epoch 86/100 | Batch 8000/18922 | KD Loss: 5.2316 | Base Loss: 0.8514
Epoch 86/100 | Batch 8200/18922 | KD Loss: 4.8799 | Base Loss: 0.8676
Epoch 86/100 | Batch 8400/18922 | KD Loss: 4.7848 | Base Loss: 0.7299
Epoch 86/100 | Batch 8600/18922 | KD Loss: 4.8931 | Base Loss: 0.8799
Epoch 86/100 | Batch 8800/18922 | KD Loss: 5.0297 | Base Loss: 0.7741
Epoch 86/100 | Batch 9000/18922 | KD Loss: 4.9890 | Base Loss: 0.8379
Epoch 86/100 | Batch 9200/18922 | KD Loss: 4.5990 | Base Loss: 0.7354
Epoch 86/100 | Batch 9400/18922 | KD Loss: 4.6575 | Base Loss: 0.7786
Epoch 86/100 | Batch 9600/18922 | KD Loss: 4.6399 | Base Loss: 0.7764
Epoch 86/100 | Batch 9800/18922 | KD Loss: 4.3970 | Base Loss: 0.7669
Epoch 86/100 | Batch 10000/18922 | KD Loss: 5.0734 | Base Loss: 0.7822
Epoch 86/100 | Batch 10200/18922 | KD Loss: 4.7534 | Base Loss: 0.7826
Epoch 86/100 | Batch 10400/18922 | KD Loss: 4.6438 | Base Loss: 0.7656
Epoch 86/100 | Batch 10600/18922 | KD Loss: 4.7183 | Base Loss: 0.8304
Epoch 86/100 | Batch 10800/18922 | KD Loss: 4.9698 | Base Loss: 0.8854
Epoch 86/100 | Batch 11000/18922 | KD Loss: 4.9095 | Base Loss: 0.7350
Epoch 86/100 | Batch 11200/18922 | KD Loss: 5.1898 | Base Loss: 0.8753
Epoch 86/100 | Batch 11400/18922 | KD Loss: 4.7506 | Base Loss: 0.6937
Epoch 86/100 | Batch 11600/18922 | KD Loss: 4.4849 | Base Loss: 0.7217
Epoch 86/100 | Batch 11800/18922 | KD Loss: 4.1972 | Base Loss: 0.6089
Epoch 86/100 | Batch 12000/18922 | KD Loss: 4.6419 | Base Loss: 0.6343
Epoch 86/100 | Batch 12200/18922 | KD Loss: 4.6177 | Base Loss: 0.7268
Epoch 86/100 | Batch 12400/18922 | KD Loss: 4.9575 | Base Loss: 1.0345
Epoch 86/100 | Batch 12600/18922 | KD Loss: 4.9060 | Base Loss: 0.6824
Epoch 86/100 | Batch 12800/18922 | KD Loss: 4.9502 | Base Loss: 0.8613
Epoch 86/100 | Batch 13000/18922 | KD Loss: 4.7787 | Base Loss: 0.7391
Epoch 86/100 | Batch 13200/18922 | KD Loss: 4.7365 | Base Loss: 0.7383
Epoch 86/100 | Batch 13400/18922 | KD Loss: 4.8859 | Base Loss: 0.7625
Epoch 86/100 | Batch 13600/18922 | KD Loss: 4.7344 | Base Loss: 0.9362
Epoch 86/100 | Batch 13800/18922 | KD Loss: 4.6825 | Base Loss: 0.8210
Epoch 86/100 | Batch 14000/18922 | KD Loss: 4.7137 | Base Loss: 0.7990
Epoch 86/100 | Batch 14200/18922 | KD Loss: 4.8815 | Base Loss: 0.8971
Epoch 86/100 | Batch 14400/18922 | KD Loss: 4.7111 | Base Loss: 0.7406
Epoch 86/100 | Batch 14600/18922 | KD Loss: 4.5705 | Base Loss: 0.7753
Epoch 86/100 | Batch 14800/18922 | KD Loss: 4.7983 | Base Loss: 0.8605
Epoch 86/100 | Batch 15000/18922 | KD Loss: 4.9870 | Base Loss: 0.7501
Epoch 86/100 | Batch 15200/18922 | KD Loss: 4.7689 | Base Loss: 0.7320
Epoch 86/100 | Batch 15400/18922 | KD Loss: 4.7267 | Base Loss: 0.8745
Epoch 86/100 | Batch 15600/18922 | KD Loss: 4.8859 | Base Loss: 0.7383
Epoch 86/100 | Batch 15800/18922 | KD Loss: 4.9106 | Base Loss: 0.8883
Epoch 86/100 | Batch 16000/18922 | KD Loss: 4.7271 | Base Loss: 0.7498
Epoch 86/100 | Batch 16200/18922 | KD Loss: 4.6887 | Base Loss: 0.9605
Epoch 86/100 | Batch 16400/18922 | KD Loss: 4.8383 | Base Loss: 0.8215
Epoch 86/100 | Batch 16600/18922 | KD Loss: 4.9701 | Base Loss: 0.8619
Epoch 86/100 | Batch 16800/18922 | KD Loss: 4.5958 | Base Loss: 0.8025
Epoch 86/100 | Batch 17000/18922 | KD Loss: 4.7082 | Base Loss: 0.6974
Epoch 86/100 | Batch 17200/18922 | KD Loss: 4.8854 | Base Loss: 0.7759
Epoch 86/100 | Batch 17400/18922 | KD Loss: 4.5453 | Base Loss: 0.7020
Epoch 86/100 | Batch 17600/18922 | KD Loss: 4.8592 | Base Loss: 0.8476
Epoch 86/100 | Batch 17800/18922 | KD Loss: 5.1198 | Base Loss: 0.8158
Epoch 86/100 | Batch 18000/18922 | KD Loss: 4.7138 | Base Loss: 0.6604
Epoch 86/100 | Batch 18200/18922 | KD Loss: 4.8898 | Base Loss: 0.9707
Epoch 86/100 | Batch 18400/18922 | KD Loss: 4.9060 | Base Loss: 0.8628
Epoch 86/100 | Batch 18600/18922 | KD Loss: 5.0118 | Base Loss: 1.0729
Epoch 86/100 | Batch 18800/18922 | KD Loss: 4.7256 | Base Loss: 0.8523
====> Epoch 86 Average KD Loss: 4.7943 | LR: 0.000200
Epoch 87/100 | Batch 0/18922 | KD Loss: 4.8852 | Base Loss: 0.8283
Epoch 87/100 | Batch 200/18922 | KD Loss: 4.7930 | Base Loss: 0.7513
Epoch 87/100 | Batch 400/18922 | KD Loss: 4.9148 | Base Loss: 0.8009
Epoch 87/100 | Batch 600/18922 | KD Loss: 4.3851 | Base Loss: 0.5632
Epoch 87/100 | Batch 800/18922 | KD Loss: 4.7681 | Base Loss: 0.8068
Epoch 87/100 | Batch 1000/18922 | KD Loss: 4.5642 | Base Loss: 0.7804
Epoch 87/100 | Batch 1200/18922 | KD Loss: 4.5485 | Base Loss: 0.7050
Epoch 87/100 | Batch 1400/18922 | KD Loss: 5.3918 | Base Loss: 0.9743
Epoch 87/100 | Batch 1600/18922 | KD Loss: 4.9076 | Base Loss: 0.8654
Epoch 87/100 | Batch 1800/18922 | KD Loss: 4.8821 | Base Loss: 0.7037
Epoch 87/100 | Batch 2000/18922 | KD Loss: 4.9825 | Base Loss: 0.8699
Epoch 87/100 | Batch 2200/18922 | KD Loss: 4.8648 | Base Loss: 0.6828
Epoch 87/100 | Batch 2400/18922 | KD Loss: 4.4467 | Base Loss: 0.7348
Epoch 87/100 | Batch 2600/18922 | KD Loss: 4.9276 | Base Loss: 0.8914
Epoch 87/100 | Batch 2800/18922 | KD Loss: 4.6892 | Base Loss: 0.8020
Epoch 87/100 | Batch 3000/18922 | KD Loss: 4.8918 | Base Loss: 0.6868
Epoch 87/100 | Batch 3200/18922 | KD Loss: 4.8017 | Base Loss: 0.7823
Epoch 87/100 | Batch 3400/18922 | KD Loss: 4.5726 | Base Loss: 0.5752
Epoch 87/100 | Batch 3600/18922 | KD Loss: 4.7529 | Base Loss: 0.9262
Epoch 87/100 | Batch 3800/18922 | KD Loss: 4.7390 | Base Loss: 0.7592
Epoch 87/100 | Batch 4000/18922 | KD Loss: 4.2502 | Base Loss: 0.6576
Epoch 87/100 | Batch 4200/18922 | KD Loss: 4.8688 | Base Loss: 0.8020
Epoch 87/100 | Batch 4400/18922 | KD Loss: 4.7358 | Base Loss: 0.8107
Epoch 87/100 | Batch 4600/18922 | KD Loss: 4.8184 | Base Loss: 0.8289
Epoch 87/100 | Batch 4800/18922 | KD Loss: 5.0886 | Base Loss: 0.8333
Epoch 87/100 | Batch 5000/18922 | KD Loss: 4.7644 | Base Loss: 0.7506
Epoch 87/100 | Batch 5200/18922 | KD Loss: 4.5981 | Base Loss: 0.5774
Epoch 87/100 | Batch 5400/18922 | KD Loss: 4.6167 | Base Loss: 0.7627
Epoch 87/100 | Batch 5600/18922 | KD Loss: 4.8374 | Base Loss: 0.8922
Epoch 87/100 | Batch 5800/18922 | KD Loss: 4.9634 | Base Loss: 0.8403
Epoch 87/100 | Batch 6000/18922 | KD Loss: 4.6353 | Base Loss: 0.6565
Epoch 87/100 | Batch 6200/18922 | KD Loss: 4.9515 | Base Loss: 0.9404
Epoch 87/100 | Batch 6400/18922 | KD Loss: 4.7643 | Base Loss: 0.7391
Epoch 87/100 | Batch 6600/18922 | KD Loss: 4.8206 | Base Loss: 0.8338
Epoch 87/100 | Batch 6800/18922 | KD Loss: 5.1966 | Base Loss: 0.7396
Epoch 87/100 | Batch 7000/18922 | KD Loss: 4.4892 | Base Loss: 0.7436
Epoch 87/100 | Batch 7200/18922 | KD Loss: 4.6656 | Base Loss: 0.8166
Epoch 87/100 | Batch 7400/18922 | KD Loss: 5.2425 | Base Loss: 0.9723
Epoch 87/100 | Batch 7600/18922 | KD Loss: 4.7328 | Base Loss: 0.8632
Epoch 87/100 | Batch 7800/18922 | KD Loss: 4.6206 | Base Loss: 0.6901
Epoch 87/100 | Batch 8000/18922 | KD Loss: 4.7823 | Base Loss: 0.8720
Epoch 87/100 | Batch 8200/18922 | KD Loss: 4.5659 | Base Loss: 0.7511
Epoch 87/100 | Batch 8400/18922 | KD Loss: 4.7016 | Base Loss: 0.7061
Epoch 87/100 | Batch 8600/18922 | KD Loss: 4.9248 | Base Loss: 0.7163
Epoch 87/100 | Batch 8800/18922 | KD Loss: 4.8788 | Base Loss: 0.9517
Epoch 87/100 | Batch 9000/18922 | KD Loss: 4.7495 | Base Loss: 0.8185
Epoch 87/100 | Batch 9200/18922 | KD Loss: 5.2875 | Base Loss: 1.0741
Epoch 87/100 | Batch 9400/18922 | KD Loss: 4.8355 | Base Loss: 0.8760
Epoch 87/100 | Batch 9600/18922 | KD Loss: 4.5609 | Base Loss: 0.7216
Epoch 87/100 | Batch 9800/18922 | KD Loss: 4.4476 | Base Loss: 0.6313
Epoch 87/100 | Batch 10000/18922 | KD Loss: 4.8556 | Base Loss: 0.9107
Epoch 87/100 | Batch 10200/18922 | KD Loss: 4.6791 | Base Loss: 0.7826
Epoch 87/100 | Batch 10400/18922 | KD Loss: 4.7168 | Base Loss: 0.6213
Epoch 87/100 | Batch 10600/18922 | KD Loss: 4.8513 | Base Loss: 0.7884
Epoch 87/100 | Batch 10800/18922 | KD Loss: 5.1217 | Base Loss: 0.9459
Epoch 87/100 | Batch 11000/18922 | KD Loss: 4.8486 | Base Loss: 0.7277
Epoch 87/100 | Batch 11200/18922 | KD Loss: 4.5843 | Base Loss: 0.6750
Epoch 87/100 | Batch 11400/18922 | KD Loss: 4.6930 | Base Loss: 0.7976
Epoch 87/100 | Batch 11600/18922 | KD Loss: 4.5897 | Base Loss: 0.7374
Epoch 87/100 | Batch 11800/18922 | KD Loss: 4.9841 | Base Loss: 0.8248
Epoch 87/100 | Batch 12000/18922 | KD Loss: 4.4398 | Base Loss: 0.6681
Epoch 87/100 | Batch 12200/18922 | KD Loss: 4.8512 | Base Loss: 0.8317
Epoch 87/100 | Batch 12400/18922 | KD Loss: 4.7608 | Base Loss: 0.8823
Epoch 87/100 | Batch 12600/18922 | KD Loss: 4.8226 | Base Loss: 0.8483
Epoch 87/100 | Batch 12800/18922 | KD Loss: 5.0507 | Base Loss: 0.9009
Epoch 87/100 | Batch 13000/18922 | KD Loss: 4.7176 | Base Loss: 0.8211
Epoch 87/100 | Batch 13200/18922 | KD Loss: 4.7002 | Base Loss: 0.7986
Epoch 87/100 | Batch 13400/18922 | KD Loss: 4.5276 | Base Loss: 0.7065
Epoch 87/100 | Batch 13600/18922 | KD Loss: 4.9118 | Base Loss: 0.8435
Epoch 87/100 | Batch 13800/18922 | KD Loss: 4.4599 | Base Loss: 0.7890
Epoch 87/100 | Batch 14000/18922 | KD Loss: 4.7587 | Base Loss: 0.8654
Epoch 87/100 | Batch 14200/18922 | KD Loss: 4.6924 | Base Loss: 0.7322
Epoch 87/100 | Batch 14400/18922 | KD Loss: 4.6810 | Base Loss: 0.7571
Epoch 87/100 | Batch 14600/18922 | KD Loss: 4.4178 | Base Loss: 0.7421
Epoch 87/100 | Batch 14800/18922 | KD Loss: 4.8667 | Base Loss: 0.7960
Epoch 87/100 | Batch 15000/18922 | KD Loss: 4.9324 | Base Loss: 0.8442
Epoch 87/100 | Batch 15200/18922 | KD Loss: 4.7954 | Base Loss: 0.7756
Epoch 87/100 | Batch 15400/18922 | KD Loss: 4.8587 | Base Loss: 0.7668
Epoch 87/100 | Batch 15600/18922 | KD Loss: 4.5515 | Base Loss: 0.6452
Epoch 87/100 | Batch 15800/18922 | KD Loss: 5.0972 | Base Loss: 0.8195
Epoch 87/100 | Batch 16000/18922 | KD Loss: 4.6463 | Base Loss: 0.6159
Epoch 87/100 | Batch 16200/18922 | KD Loss: 4.8752 | Base Loss: 0.6780
Epoch 87/100 | Batch 16400/18922 | KD Loss: 4.8543 | Base Loss: 0.7679
Epoch 87/100 | Batch 16600/18922 | KD Loss: 4.9289 | Base Loss: 0.7023
Epoch 87/100 | Batch 16800/18922 | KD Loss: 5.0452 | Base Loss: 0.8838
Epoch 87/100 | Batch 17000/18922 | KD Loss: 4.4539 | Base Loss: 0.6272
Epoch 87/100 | Batch 17200/18922 | KD Loss: 4.9942 | Base Loss: 0.9205
Epoch 87/100 | Batch 17400/18922 | KD Loss: 4.6314 | Base Loss: 0.7442
Epoch 87/100 | Batch 17600/18922 | KD Loss: 4.5890 | Base Loss: 0.7707
Epoch 87/100 | Batch 17800/18922 | KD Loss: 4.8080 | Base Loss: 0.9421
Epoch 87/100 | Batch 18000/18922 | KD Loss: 5.1304 | Base Loss: 1.0450
Epoch 87/100 | Batch 18200/18922 | KD Loss: 4.8027 | Base Loss: 0.8171
Epoch 87/100 | Batch 18400/18922 | KD Loss: 4.7546 | Base Loss: 0.9350
Epoch 87/100 | Batch 18600/18922 | KD Loss: 4.8071 | Base Loss: 0.6851
Epoch 87/100 | Batch 18800/18922 | KD Loss: 4.9566 | Base Loss: 0.7330
====> Epoch 87 Average KD Loss: 4.7946 | LR: 0.000200
Epoch 88/100 | Batch 0/18922 | KD Loss: 4.9439 | Base Loss: 0.9863
Epoch 88/100 | Batch 200/18922 | KD Loss: 4.9169 | Base Loss: 0.9086
Epoch 88/100 | Batch 400/18922 | KD Loss: 4.8765 | Base Loss: 0.7778
Epoch 88/100 | Batch 600/18922 | KD Loss: 4.5661 | Base Loss: 0.7124
Epoch 88/100 | Batch 800/18922 | KD Loss: 4.5459 | Base Loss: 0.6898
Epoch 88/100 | Batch 1000/18922 | KD Loss: 4.6833 | Base Loss: 0.7263
Epoch 88/100 | Batch 1200/18922 | KD Loss: 4.9040 | Base Loss: 0.7355
Epoch 88/100 | Batch 1400/18922 | KD Loss: 4.6574 | Base Loss: 0.7784
Epoch 88/100 | Batch 1600/18922 | KD Loss: 5.2138 | Base Loss: 0.9817
Epoch 88/100 | Batch 1800/18922 | KD Loss: 5.1095 | Base Loss: 0.8205
Epoch 88/100 | Batch 2000/18922 | KD Loss: 4.6003 | Base Loss: 0.7263
Epoch 88/100 | Batch 2200/18922 | KD Loss: 4.6603 | Base Loss: 0.6860
Epoch 88/100 | Batch 2400/18922 | KD Loss: 4.8654 | Base Loss: 0.7654
Epoch 88/100 | Batch 2600/18922 | KD Loss: 4.9062 | Base Loss: 0.8582
Epoch 88/100 | Batch 2800/18922 | KD Loss: 4.6103 | Base Loss: 0.7764
Epoch 88/100 | Batch 3000/18922 | KD Loss: 4.6210 | Base Loss: 0.7243
Epoch 88/100 | Batch 3200/18922 | KD Loss: 4.9670 | Base Loss: 0.6882
Epoch 88/100 | Batch 3400/18922 | KD Loss: 4.9398 | Base Loss: 0.7957
Epoch 88/100 | Batch 3600/18922 | KD Loss: 4.9596 | Base Loss: 0.9071
Epoch 88/100 | Batch 3800/18922 | KD Loss: 4.7238 | Base Loss: 0.8975
Epoch 88/100 | Batch 4000/18922 | KD Loss: 4.8085 | Base Loss: 0.8506
Epoch 88/100 | Batch 4200/18922 | KD Loss: 4.8626 | Base Loss: 0.8242
Epoch 88/100 | Batch 4400/18922 | KD Loss: 4.9196 | Base Loss: 1.0217
Epoch 88/100 | Batch 4600/18922 | KD Loss: 4.6220 | Base Loss: 0.7981
Epoch 88/100 | Batch 4800/18922 | KD Loss: 4.6060 | Base Loss: 0.6256
Epoch 88/100 | Batch 5000/18922 | KD Loss: 4.9768 | Base Loss: 0.8924
Epoch 88/100 | Batch 5200/18922 | KD Loss: 4.6752 | Base Loss: 0.7916
Epoch 88/100 | Batch 5400/18922 | KD Loss: 4.9785 | Base Loss: 1.0385
Epoch 88/100 | Batch 5600/18922 | KD Loss: 4.8444 | Base Loss: 0.6624
Epoch 88/100 | Batch 5800/18922 | KD Loss: 5.0872 | Base Loss: 0.8360
Epoch 88/100 | Batch 6000/18922 | KD Loss: 4.4819 | Base Loss: 0.6280
Epoch 88/100 | Batch 6200/18922 | KD Loss: 4.2798 | Base Loss: 0.6844
Epoch 88/100 | Batch 6400/18922 | KD Loss: 4.8679 | Base Loss: 0.8232
Epoch 88/100 | Batch 6600/18922 | KD Loss: 4.8633 | Base Loss: 0.7378
Epoch 88/100 | Batch 6800/18922 | KD Loss: 4.8707 | Base Loss: 0.8501
Epoch 88/100 | Batch 7000/18922 | KD Loss: 5.0149 | Base Loss: 0.7494
Epoch 88/100 | Batch 7200/18922 | KD Loss: 4.7794 | Base Loss: 0.7003
Epoch 88/100 | Batch 7400/18922 | KD Loss: 4.7477 | Base Loss: 0.9209
Epoch 88/100 | Batch 7600/18922 | KD Loss: 5.1875 | Base Loss: 0.8206
Epoch 88/100 | Batch 7800/18922 | KD Loss: 4.5547 | Base Loss: 0.6982
Epoch 88/100 | Batch 8000/18922 | KD Loss: 4.8596 | Base Loss: 0.9463
Epoch 88/100 | Batch 8200/18922 | KD Loss: 4.9957 | Base Loss: 0.7766
Epoch 88/100 | Batch 8400/18922 | KD Loss: 4.4984 | Base Loss: 0.7213
Epoch 88/100 | Batch 8600/18922 | KD Loss: 4.9912 | Base Loss: 0.9368
Epoch 88/100 | Batch 8800/18922 | KD Loss: 4.4546 | Base Loss: 0.5930
Epoch 88/100 | Batch 9000/18922 | KD Loss: 4.8562 | Base Loss: 0.8309
Epoch 88/100 | Batch 9200/18922 | KD Loss: 4.8621 | Base Loss: 0.9401
Epoch 88/100 | Batch 9400/18922 | KD Loss: 4.8404 | Base Loss: 0.8705
Epoch 88/100 | Batch 9600/18922 | KD Loss: 4.4695 | Base Loss: 0.6431
Epoch 88/100 | Batch 9800/18922 | KD Loss: 4.7091 | Base Loss: 0.7785
Epoch 88/100 | Batch 10000/18922 | KD Loss: 5.0174 | Base Loss: 0.7370
Epoch 88/100 | Batch 10200/18922 | KD Loss: 4.8156 | Base Loss: 0.7364
Epoch 88/100 | Batch 10400/18922 | KD Loss: 4.6570 | Base Loss: 0.7160
Epoch 88/100 | Batch 10600/18922 | KD Loss: 4.4432 | Base Loss: 0.5925
Epoch 88/100 | Batch 10800/18922 | KD Loss: 5.1771 | Base Loss: 0.8138
Epoch 88/100 | Batch 11000/18922 | KD Loss: 4.5807 | Base Loss: 0.6882
Epoch 88/100 | Batch 11200/18922 | KD Loss: 5.0042 | Base Loss: 0.9830
Epoch 88/100 | Batch 11400/18922 | KD Loss: 4.5901 | Base Loss: 0.7456
Epoch 88/100 | Batch 11600/18922 | KD Loss: 5.1562 | Base Loss: 0.9710
Epoch 88/100 | Batch 11800/18922 | KD Loss: 4.3894 | Base Loss: 0.7192
Epoch 88/100 | Batch 12000/18922 | KD Loss: 4.9797 | Base Loss: 0.8976
Epoch 88/100 | Batch 12200/18922 | KD Loss: 4.5462 | Base Loss: 0.6802
Epoch 88/100 | Batch 12400/18922 | KD Loss: 5.1536 | Base Loss: 0.7335
Epoch 88/100 | Batch 12600/18922 | KD Loss: 4.5808 | Base Loss: 0.7005
Epoch 88/100 | Batch 12800/18922 | KD Loss: 4.9426 | Base Loss: 0.7756
Epoch 88/100 | Batch 13000/18922 | KD Loss: 4.5337 | Base Loss: 0.8176
Epoch 88/100 | Batch 13200/18922 | KD Loss: 5.1493 | Base Loss: 1.0079
Epoch 88/100 | Batch 13400/18922 | KD Loss: 4.7592 | Base Loss: 0.8372
Epoch 88/100 | Batch 13600/18922 | KD Loss: 4.6615 | Base Loss: 0.8042
Epoch 88/100 | Batch 13800/18922 | KD Loss: 4.5944 | Base Loss: 0.7281
Epoch 88/100 | Batch 14000/18922 | KD Loss: 4.8487 | Base Loss: 0.6839
Epoch 88/100 | Batch 14200/18922 | KD Loss: 4.9929 | Base Loss: 0.8994
Epoch 88/100 | Batch 14400/18922 | KD Loss: 4.8341 | Base Loss: 0.7182
Epoch 88/100 | Batch 14600/18922 | KD Loss: 4.6375 | Base Loss: 0.7229
Epoch 88/100 | Batch 14800/18922 | KD Loss: 4.9375 | Base Loss: 0.9099
Epoch 88/100 | Batch 15000/18922 | KD Loss: 4.7984 | Base Loss: 0.7246
Epoch 88/100 | Batch 15200/18922 | KD Loss: 4.9859 | Base Loss: 0.7700
Epoch 88/100 | Batch 15400/18922 | KD Loss: 4.6003 | Base Loss: 0.7588
Epoch 88/100 | Batch 15600/18922 | KD Loss: 4.8880 | Base Loss: 0.7701
Epoch 88/100 | Batch 15800/18922 | KD Loss: 4.8029 | Base Loss: 0.8752
Epoch 88/100 | Batch 16000/18922 | KD Loss: 4.6430 | Base Loss: 0.7835
Epoch 88/100 | Batch 16200/18922 | KD Loss: 5.0593 | Base Loss: 0.8852
Epoch 88/100 | Batch 16400/18922 | KD Loss: 4.9128 | Base Loss: 0.8191
Epoch 88/100 | Batch 16600/18922 | KD Loss: 4.9038 | Base Loss: 0.8018
Epoch 88/100 | Batch 16800/18922 | KD Loss: 4.8388 | Base Loss: 0.6883
Epoch 88/100 | Batch 17000/18922 | KD Loss: 4.8704 | Base Loss: 1.0047
Epoch 88/100 | Batch 17200/18922 | KD Loss: 4.6422 | Base Loss: 0.8009
Epoch 88/100 | Batch 17400/18922 | KD Loss: 4.9264 | Base Loss: 0.6861
Epoch 88/100 | Batch 17600/18922 | KD Loss: 5.3675 | Base Loss: 0.9175
Epoch 88/100 | Batch 17800/18922 | KD Loss: 4.6297 | Base Loss: 0.7026
Epoch 88/100 | Batch 18000/18922 | KD Loss: 4.8125 | Base Loss: 0.7572
Epoch 88/100 | Batch 18200/18922 | KD Loss: 5.1015 | Base Loss: 0.9401
Epoch 88/100 | Batch 18400/18922 | KD Loss: 4.6557 | Base Loss: 0.7246
Epoch 88/100 | Batch 18600/18922 | KD Loss: 4.6450 | Base Loss: 0.8707
Epoch 88/100 | Batch 18800/18922 | KD Loss: 4.8893 | Base Loss: 1.0157
====> Epoch 88 Average KD Loss: 4.7922 | LR: 0.000200
Epoch 89/100 | Batch 0/18922 | KD Loss: 4.9882 | Base Loss: 0.9522
Epoch 89/100 | Batch 200/18922 | KD Loss: 4.7869 | Base Loss: 0.8700
Epoch 89/100 | Batch 400/18922 | KD Loss: 4.9524 | Base Loss: 0.8632
Epoch 89/100 | Batch 600/18922 | KD Loss: 4.9372 | Base Loss: 0.8401
Epoch 89/100 | Batch 800/18922 | KD Loss: 4.4348 | Base Loss: 0.7744
Epoch 89/100 | Batch 1000/18922 | KD Loss: 4.8063 | Base Loss: 0.8224
Epoch 89/100 | Batch 1200/18922 | KD Loss: 4.8525 | Base Loss: 0.6829
Epoch 89/100 | Batch 1400/18922 | KD Loss: 4.4294 | Base Loss: 0.6103
Epoch 89/100 | Batch 1600/18922 | KD Loss: 4.9929 | Base Loss: 0.7234
Epoch 89/100 | Batch 1800/18922 | KD Loss: 4.8742 | Base Loss: 0.8824
Epoch 89/100 | Batch 2000/18922 | KD Loss: 4.9912 | Base Loss: 0.8105
Epoch 89/100 | Batch 2200/18922 | KD Loss: 4.6593 | Base Loss: 0.6915
Epoch 89/100 | Batch 2400/18922 | KD Loss: 4.6192 | Base Loss: 0.7444
Epoch 89/100 | Batch 2600/18922 | KD Loss: 5.3313 | Base Loss: 0.8540
Epoch 89/100 | Batch 2800/18922 | KD Loss: 4.8272 | Base Loss: 0.7757
Epoch 89/100 | Batch 3000/18922 | KD Loss: 4.6383 | Base Loss: 0.8043
Epoch 89/100 | Batch 3200/18922 | KD Loss: 4.6875 | Base Loss: 0.7267
Epoch 89/100 | Batch 3400/18922 | KD Loss: 4.5112 | Base Loss: 0.8450
Epoch 89/100 | Batch 3600/18922 | KD Loss: 4.7438 | Base Loss: 0.6913
Epoch 89/100 | Batch 3800/18922 | KD Loss: 4.6919 | Base Loss: 0.6694
Epoch 89/100 | Batch 4000/18922 | KD Loss: 4.8345 | Base Loss: 0.9851
Epoch 89/100 | Batch 4200/18922 | KD Loss: 4.7986 | Base Loss: 0.7961
Epoch 89/100 | Batch 4400/18922 | KD Loss: 5.1322 | Base Loss: 0.9455
Epoch 89/100 | Batch 4600/18922 | KD Loss: 5.1898 | Base Loss: 0.8930
Epoch 89/100 | Batch 4800/18922 | KD Loss: 4.7328 | Base Loss: 0.7895
Epoch 89/100 | Batch 5000/18922 | KD Loss: 4.8062 | Base Loss: 0.8453
Epoch 89/100 | Batch 5200/18922 | KD Loss: 5.0522 | Base Loss: 0.8607
Epoch 89/100 | Batch 5400/18922 | KD Loss: 4.7853 | Base Loss: 0.7225
Epoch 89/100 | Batch 5600/18922 | KD Loss: 4.8866 | Base Loss: 0.6973
Epoch 89/100 | Batch 5800/18922 | KD Loss: 4.8151 | Base Loss: 0.7312
Epoch 89/100 | Batch 6000/18922 | KD Loss: 4.7087 | Base Loss: 0.8540
Epoch 89/100 | Batch 6200/18922 | KD Loss: 4.7512 | Base Loss: 0.8800
Epoch 89/100 | Batch 6400/18922 | KD Loss: 4.5012 | Base Loss: 0.7536
Epoch 89/100 | Batch 6600/18922 | KD Loss: 4.6064 | Base Loss: 0.7738
Epoch 89/100 | Batch 6800/18922 | KD Loss: 5.0578 | Base Loss: 1.0164
Epoch 89/100 | Batch 7000/18922 | KD Loss: 4.9323 | Base Loss: 0.7320
Epoch 89/100 | Batch 7200/18922 | KD Loss: 4.9944 | Base Loss: 0.8075
Epoch 89/100 | Batch 7400/18922 | KD Loss: 4.8656 | Base Loss: 0.8080
Epoch 89/100 | Batch 7600/18922 | KD Loss: 5.0433 | Base Loss: 0.7057
Epoch 89/100 | Batch 7800/18922 | KD Loss: 4.8833 | Base Loss: 0.8782
Epoch 89/100 | Batch 8000/18922 | KD Loss: 5.1614 | Base Loss: 0.8888
Epoch 89/100 | Batch 8200/18922 | KD Loss: 5.0675 | Base Loss: 0.9372
Epoch 89/100 | Batch 8400/18922 | KD Loss: 5.1663 | Base Loss: 0.9717
Epoch 89/100 | Batch 8600/18922 | KD Loss: 4.6593 | Base Loss: 0.6779
Epoch 89/100 | Batch 8800/18922 | KD Loss: 4.9122 | Base Loss: 0.9274
Epoch 89/100 | Batch 9000/18922 | KD Loss: 5.3763 | Base Loss: 0.8199
Epoch 89/100 | Batch 9200/18922 | KD Loss: 4.7528 | Base Loss: 0.7563
Epoch 89/100 | Batch 9400/18922 | KD Loss: 4.8466 | Base Loss: 0.7725
Epoch 89/100 | Batch 9600/18922 | KD Loss: 5.1547 | Base Loss: 0.8921
Epoch 89/100 | Batch 9800/18922 | KD Loss: 4.8903 | Base Loss: 0.6866
Epoch 89/100 | Batch 10000/18922 | KD Loss: 4.8848 | Base Loss: 0.7318
Epoch 89/100 | Batch 10200/18922 | KD Loss: 4.5608 | Base Loss: 0.8542
Epoch 89/100 | Batch 10400/18922 | KD Loss: 5.0352 | Base Loss: 0.7355
Epoch 89/100 | Batch 10600/18922 | KD Loss: 4.6651 | Base Loss: 0.8483
Epoch 89/100 | Batch 10800/18922 | KD Loss: 4.7767 | Base Loss: 0.7323
Epoch 89/100 | Batch 11000/18922 | KD Loss: 4.4404 | Base Loss: 0.6026
Epoch 89/100 | Batch 11200/18922 | KD Loss: 4.6403 | Base Loss: 0.7651
Epoch 89/100 | Batch 11400/18922 | KD Loss: 4.6987 | Base Loss: 0.8253
Epoch 89/100 | Batch 11600/18922 | KD Loss: 4.9177 | Base Loss: 0.8917
Epoch 89/100 | Batch 11800/18922 | KD Loss: 4.7434 | Base Loss: 0.9398
Epoch 89/100 | Batch 12000/18922 | KD Loss: 4.7999 | Base Loss: 0.8304
Epoch 89/100 | Batch 12200/18922 | KD Loss: 4.4924 | Base Loss: 0.7945
Epoch 89/100 | Batch 12400/18922 | KD Loss: 4.6293 | Base Loss: 0.7816
Epoch 89/100 | Batch 12600/18922 | KD Loss: 4.6113 | Base Loss: 0.8930
Epoch 89/100 | Batch 12800/18922 | KD Loss: 4.5300 | Base Loss: 0.7537
Epoch 89/100 | Batch 13000/18922 | KD Loss: 4.7623 | Base Loss: 0.6578
Epoch 89/100 | Batch 13200/18922 | KD Loss: 4.5093 | Base Loss: 0.7903
Epoch 89/100 | Batch 13400/18922 | KD Loss: 4.6472 | Base Loss: 0.8046
Epoch 89/100 | Batch 13600/18922 | KD Loss: 4.7346 | Base Loss: 0.8290
Epoch 89/100 | Batch 13800/18922 | KD Loss: 4.9009 | Base Loss: 0.6591
Epoch 89/100 | Batch 14000/18922 | KD Loss: 4.7928 | Base Loss: 0.6424
Epoch 89/100 | Batch 14200/18922 | KD Loss: 4.8832 | Base Loss: 0.8947
Epoch 89/100 | Batch 14400/18922 | KD Loss: 4.9409 | Base Loss: 0.7322
Epoch 89/100 | Batch 14600/18922 | KD Loss: 4.6077 | Base Loss: 0.7262
Epoch 89/100 | Batch 14800/18922 | KD Loss: 4.4543 | Base Loss: 0.7612
Epoch 89/100 | Batch 15000/18922 | KD Loss: 4.6908 | Base Loss: 0.9156
Epoch 89/100 | Batch 15200/18922 | KD Loss: 4.7421 | Base Loss: 0.9117
Epoch 89/100 | Batch 15400/18922 | KD Loss: 4.7552 | Base Loss: 0.6698
Epoch 89/100 | Batch 15600/18922 | KD Loss: 4.9416 | Base Loss: 1.0067
Epoch 89/100 | Batch 15800/18922 | KD Loss: 4.7026 | Base Loss: 0.9215
Epoch 89/100 | Batch 16000/18922 | KD Loss: 4.6365 | Base Loss: 0.7619
Epoch 89/100 | Batch 16200/18922 | KD Loss: 4.6619 | Base Loss: 0.7195
Epoch 89/100 | Batch 16400/18922 | KD Loss: 4.7388 | Base Loss: 0.7901
Epoch 89/100 | Batch 16600/18922 | KD Loss: 4.3966 | Base Loss: 0.6572
Epoch 89/100 | Batch 16800/18922 | KD Loss: 4.7072 | Base Loss: 0.6379
Epoch 89/100 | Batch 17000/18922 | KD Loss: 4.9193 | Base Loss: 0.7678
Epoch 89/100 | Batch 17200/18922 | KD Loss: 5.0976 | Base Loss: 0.8266
Epoch 89/100 | Batch 17400/18922 | KD Loss: 4.7972 | Base Loss: 0.8341
Epoch 89/100 | Batch 17600/18922 | KD Loss: 4.5863 | Base Loss: 0.6380
Epoch 89/100 | Batch 17800/18922 | KD Loss: 5.3013 | Base Loss: 0.9820
Epoch 89/100 | Batch 18000/18922 | KD Loss: 4.7545 | Base Loss: 0.6508
Epoch 89/100 | Batch 18200/18922 | KD Loss: 4.7921 | Base Loss: 0.7647
Epoch 89/100 | Batch 18400/18922 | KD Loss: 4.8918 | Base Loss: 0.8264
Epoch 89/100 | Batch 18600/18922 | KD Loss: 4.9521 | Base Loss: 0.8578
Epoch 89/100 | Batch 18800/18922 | KD Loss: 4.9102 | Base Loss: 0.7937
====> Epoch 89 Average KD Loss: 4.7931 | LR: 0.000200
Epoch 90/100 | Batch 0/18922 | KD Loss: 4.5571 | Base Loss: 0.6656
Epoch 90/100 | Batch 200/18922 | KD Loss: 4.8725 | Base Loss: 0.7707
Epoch 90/100 | Batch 400/18922 | KD Loss: 4.9818 | Base Loss: 0.7369
Epoch 90/100 | Batch 600/18922 | KD Loss: 4.8070 | Base Loss: 0.7530
Epoch 90/100 | Batch 800/18922 | KD Loss: 5.0705 | Base Loss: 0.9701
Epoch 90/100 | Batch 1000/18922 | KD Loss: 4.7682 | Base Loss: 0.7211
Epoch 90/100 | Batch 1200/18922 | KD Loss: 4.4660 | Base Loss: 0.6082
Epoch 90/100 | Batch 1400/18922 | KD Loss: 5.0591 | Base Loss: 0.7703
Epoch 90/100 | Batch 1600/18922 | KD Loss: 4.7168 | Base Loss: 0.7721
Epoch 90/100 | Batch 1800/18922 | KD Loss: 4.5110 | Base Loss: 0.7473
Epoch 90/100 | Batch 2000/18922 | KD Loss: 4.6185 | Base Loss: 0.6775
Epoch 90/100 | Batch 2200/18922 | KD Loss: 4.6953 | Base Loss: 0.8624
Epoch 90/100 | Batch 2400/18922 | KD Loss: 4.8331 | Base Loss: 0.7616
Epoch 90/100 | Batch 2600/18922 | KD Loss: 4.3981 | Base Loss: 0.6341
Epoch 90/100 | Batch 2800/18922 | KD Loss: 4.3458 | Base Loss: 0.6377
Epoch 90/100 | Batch 3000/18922 | KD Loss: 4.8494 | Base Loss: 0.8005
Epoch 90/100 | Batch 3200/18922 | KD Loss: 4.9835 | Base Loss: 0.6840
Epoch 90/100 | Batch 3400/18922 | KD Loss: 4.6989 | Base Loss: 0.6860
Epoch 90/100 | Batch 3600/18922 | KD Loss: 4.5696 | Base Loss: 0.8037
Epoch 90/100 | Batch 3800/18922 | KD Loss: 4.8148 | Base Loss: 0.8341
Epoch 90/100 | Batch 4000/18922 | KD Loss: 4.6459 | Base Loss: 0.8566
Epoch 90/100 | Batch 4200/18922 | KD Loss: 4.6535 | Base Loss: 0.8038
Epoch 90/100 | Batch 4400/18922 | KD Loss: 4.2188 | Base Loss: 0.7900
Epoch 90/100 | Batch 4600/18922 | KD Loss: 4.6366 | Base Loss: 0.6910
Epoch 90/100 | Batch 4800/18922 | KD Loss: 4.8884 | Base Loss: 0.9326
Epoch 90/100 | Batch 5000/18922 | KD Loss: 5.3663 | Base Loss: 0.9372
Epoch 90/100 | Batch 5200/18922 | KD Loss: 4.9071 | Base Loss: 0.9277
Epoch 90/100 | Batch 5400/18922 | KD Loss: 4.6957 | Base Loss: 0.6720
Epoch 90/100 | Batch 5600/18922 | KD Loss: 4.8918 | Base Loss: 0.8989
Epoch 90/100 | Batch 5800/18922 | KD Loss: 5.0598 | Base Loss: 0.8988
Epoch 90/100 | Batch 6000/18922 | KD Loss: 5.2336 | Base Loss: 1.1098
Epoch 90/100 | Batch 6200/18922 | KD Loss: 4.4690 | Base Loss: 0.7906
Epoch 90/100 | Batch 6400/18922 | KD Loss: 4.8573 | Base Loss: 0.8826
Epoch 90/100 | Batch 6600/18922 | KD Loss: 4.5538 | Base Loss: 0.6644
Epoch 90/100 | Batch 6800/18922 | KD Loss: 4.7234 | Base Loss: 0.6543
Epoch 90/100 | Batch 7000/18922 | KD Loss: 4.8662 | Base Loss: 0.8247
Epoch 90/100 | Batch 7200/18922 | KD Loss: 5.0294 | Base Loss: 0.7550
Epoch 90/100 | Batch 7400/18922 | KD Loss: 4.7526 | Base Loss: 0.7925
Epoch 90/100 | Batch 7600/18922 | KD Loss: 4.5942 | Base Loss: 0.6387
Epoch 90/100 | Batch 7800/18922 | KD Loss: 4.6497 | Base Loss: 0.7595
Epoch 90/100 | Batch 8000/18922 | KD Loss: 4.8206 | Base Loss: 0.7131
Epoch 90/100 | Batch 8200/18922 | KD Loss: 4.9654 | Base Loss: 0.9327
Epoch 90/100 | Batch 8400/18922 | KD Loss: 4.6241 | Base Loss: 0.9246
Epoch 90/100 | Batch 8600/18922 | KD Loss: 4.5832 | Base Loss: 0.7164
Epoch 90/100 | Batch 8800/18922 | KD Loss: 4.8312 | Base Loss: 0.6884
Epoch 90/100 | Batch 9000/18922 | KD Loss: 5.2218 | Base Loss: 0.8528
Epoch 90/100 | Batch 9200/18922 | KD Loss: 4.5386 | Base Loss: 0.6933
Epoch 90/100 | Batch 9400/18922 | KD Loss: 4.7798 | Base Loss: 0.7823
Epoch 90/100 | Batch 9600/18922 | KD Loss: 4.8564 | Base Loss: 0.6912
Epoch 90/100 | Batch 9800/18922 | KD Loss: 4.7359 | Base Loss: 0.7203
Epoch 90/100 | Batch 10000/18922 | KD Loss: 4.6500 | Base Loss: 0.7845
Epoch 90/100 | Batch 10200/18922 | KD Loss: 4.8542 | Base Loss: 0.8026
Epoch 90/100 | Batch 10400/18922 | KD Loss: 4.7407 | Base Loss: 0.7592
Epoch 90/100 | Batch 10600/18922 | KD Loss: 4.4565 | Base Loss: 0.6445
Epoch 90/100 | Batch 10800/18922 | KD Loss: 4.6345 | Base Loss: 0.8326
Epoch 90/100 | Batch 11000/18922 | KD Loss: 5.0377 | Base Loss: 0.8847
Epoch 90/100 | Batch 11200/18922 | KD Loss: 4.5390 | Base Loss: 0.7262
Epoch 90/100 | Batch 11400/18922 | KD Loss: 4.8811 | Base Loss: 0.8811
Epoch 90/100 | Batch 11600/18922 | KD Loss: 4.7711 | Base Loss: 0.8813
Epoch 90/100 | Batch 11800/18922 | KD Loss: 4.9042 | Base Loss: 0.7715
Epoch 90/100 | Batch 12000/18922 | KD Loss: 4.5130 | Base Loss: 0.7872
Epoch 90/100 | Batch 12200/18922 | KD Loss: 4.5321 | Base Loss: 0.5868
Epoch 90/100 | Batch 12400/18922 | KD Loss: 4.7035 | Base Loss: 0.9805
Epoch 90/100 | Batch 12600/18922 | KD Loss: 4.7833 | Base Loss: 0.8474
Epoch 90/100 | Batch 12800/18922 | KD Loss: 5.0475 | Base Loss: 0.8874
Epoch 90/100 | Batch 13000/18922 | KD Loss: 5.0020 | Base Loss: 0.7153
Epoch 90/100 | Batch 13200/18922 | KD Loss: 5.1256 | Base Loss: 0.8267
Epoch 90/100 | Batch 13400/18922 | KD Loss: 4.9144 | Base Loss: 0.8941
Epoch 90/100 | Batch 13600/18922 | KD Loss: 4.6995 | Base Loss: 0.6295
Epoch 90/100 | Batch 13800/18922 | KD Loss: 4.7164 | Base Loss: 0.7809
Epoch 90/100 | Batch 14000/18922 | KD Loss: 4.7515 | Base Loss: 0.8380
Epoch 90/100 | Batch 14200/18922 | KD Loss: 4.9284 | Base Loss: 0.8818
Epoch 90/100 | Batch 14400/18922 | KD Loss: 5.0548 | Base Loss: 0.9173
Epoch 90/100 | Batch 14600/18922 | KD Loss: 4.6904 | Base Loss: 0.7813
Epoch 90/100 | Batch 14800/18922 | KD Loss: 5.0244 | Base Loss: 0.9315
Epoch 90/100 | Batch 15000/18922 | KD Loss: 4.7667 | Base Loss: 0.6716
Epoch 90/100 | Batch 15200/18922 | KD Loss: 4.8037 | Base Loss: 0.7615
Epoch 90/100 | Batch 15400/18922 | KD Loss: 4.8796 | Base Loss: 0.7865
Epoch 90/100 | Batch 15600/18922 | KD Loss: 4.5137 | Base Loss: 0.7143
Epoch 90/100 | Batch 15800/18922 | KD Loss: 4.8825 | Base Loss: 0.7644
Epoch 90/100 | Batch 16000/18922 | KD Loss: 4.5472 | Base Loss: 0.7965
Epoch 90/100 | Batch 16200/18922 | KD Loss: 4.8543 | Base Loss: 0.9188
Epoch 90/100 | Batch 16400/18922 | KD Loss: 4.5446 | Base Loss: 0.6206
Epoch 90/100 | Batch 16600/18922 | KD Loss: 4.6736 | Base Loss: 0.7754
Epoch 90/100 | Batch 16800/18922 | KD Loss: 4.8459 | Base Loss: 0.7421
Epoch 90/100 | Batch 17000/18922 | KD Loss: 4.7653 | Base Loss: 0.8950
Epoch 90/100 | Batch 17200/18922 | KD Loss: 4.6052 | Base Loss: 0.8715
Epoch 90/100 | Batch 17400/18922 | KD Loss: 4.8400 | Base Loss: 0.7718
Epoch 90/100 | Batch 17600/18922 | KD Loss: 5.0891 | Base Loss: 0.8573
Epoch 90/100 | Batch 17800/18922 | KD Loss: 4.7303 | Base Loss: 0.7728
Epoch 90/100 | Batch 18000/18922 | KD Loss: 4.7960 | Base Loss: 0.7371
Epoch 90/100 | Batch 18200/18922 | KD Loss: 4.3734 | Base Loss: 0.6819
Epoch 90/100 | Batch 18400/18922 | KD Loss: 5.2233 | Base Loss: 0.9757
Epoch 90/100 | Batch 18600/18922 | KD Loss: 4.4903 | Base Loss: 0.6840
Epoch 90/100 | Batch 18800/18922 | KD Loss: 4.5260 | Base Loss: 0.6544
====> Epoch 90 Average KD Loss: 4.7919 | LR: 0.000200
Epoch 91/100 | Batch 0/18922 | KD Loss: 4.5221 | Base Loss: 0.7026
Epoch 91/100 | Batch 200/18922 | KD Loss: 5.0180 | Base Loss: 0.8498
Epoch 91/100 | Batch 400/18922 | KD Loss: 4.9443 | Base Loss: 0.7340
Epoch 91/100 | Batch 600/18922 | KD Loss: 5.0295 | Base Loss: 0.9021
Epoch 91/100 | Batch 800/18922 | KD Loss: 4.5790 | Base Loss: 0.7356
Epoch 91/100 | Batch 1000/18922 | KD Loss: 4.6045 | Base Loss: 0.8865
Epoch 91/100 | Batch 1200/18922 | KD Loss: 4.6065 | Base Loss: 0.6013
Epoch 91/100 | Batch 1400/18922 | KD Loss: 4.6421 | Base Loss: 0.7206
Epoch 91/100 | Batch 1600/18922 | KD Loss: 4.9591 | Base Loss: 0.7158
Epoch 91/100 | Batch 1800/18922 | KD Loss: 4.5747 | Base Loss: 0.7023
Epoch 91/100 | Batch 2000/18922 | KD Loss: 4.7032 | Base Loss: 0.5781
Epoch 91/100 | Batch 2200/18922 | KD Loss: 4.6799 | Base Loss: 0.8988
Epoch 91/100 | Batch 2400/18922 | KD Loss: 4.8217 | Base Loss: 0.9940
Epoch 91/100 | Batch 2600/18922 | KD Loss: 4.6519 | Base Loss: 0.7344
Epoch 91/100 | Batch 2800/18922 | KD Loss: 4.7772 | Base Loss: 0.9099
Epoch 91/100 | Batch 3000/18922 | KD Loss: 4.7359 | Base Loss: 0.8052
Epoch 91/100 | Batch 3200/18922 | KD Loss: 4.9089 | Base Loss: 0.7021
Epoch 91/100 | Batch 3400/18922 | KD Loss: 4.5253 | Base Loss: 0.6773
Epoch 91/100 | Batch 3600/18922 | KD Loss: 4.5669 | Base Loss: 0.6698
Epoch 91/100 | Batch 3800/18922 | KD Loss: 4.5920 | Base Loss: 0.6355
Epoch 91/100 | Batch 4000/18922 | KD Loss: 4.6950 | Base Loss: 0.7049
Epoch 91/100 | Batch 4200/18922 | KD Loss: 4.6877 | Base Loss: 0.7788
Epoch 91/100 | Batch 4400/18922 | KD Loss: 4.8180 | Base Loss: 0.9271
Epoch 91/100 | Batch 4600/18922 | KD Loss: 4.7189 | Base Loss: 0.6956
Epoch 91/100 | Batch 4800/18922 | KD Loss: 4.9867 | Base Loss: 0.7399
Epoch 91/100 | Batch 5000/18922 | KD Loss: 4.7385 | Base Loss: 0.8121
Epoch 91/100 | Batch 5200/18922 | KD Loss: 4.8235 | Base Loss: 0.7675
Epoch 91/100 | Batch 5400/18922 | KD Loss: 4.6423 | Base Loss: 0.8262
Epoch 91/100 | Batch 5600/18922 | KD Loss: 4.7144 | Base Loss: 0.7281
Epoch 91/100 | Batch 5800/18922 | KD Loss: 4.9673 | Base Loss: 0.7964
Epoch 91/100 | Batch 6000/18922 | KD Loss: 5.4686 | Base Loss: 0.8181
Epoch 91/100 | Batch 6200/18922 | KD Loss: 4.8673 | Base Loss: 0.8122
Epoch 91/100 | Batch 6400/18922 | KD Loss: 4.7306 | Base Loss: 0.9344
Epoch 91/100 | Batch 6600/18922 | KD Loss: 4.5258 | Base Loss: 0.7479
Epoch 91/100 | Batch 6800/18922 | KD Loss: 4.8132 | Base Loss: 0.9818
Epoch 91/100 | Batch 7000/18922 | KD Loss: 5.1570 | Base Loss: 0.9072
Epoch 91/100 | Batch 7200/18922 | KD Loss: 4.7729 | Base Loss: 1.0919
Epoch 91/100 | Batch 7400/18922 | KD Loss: 4.5725 | Base Loss: 0.7501
Epoch 91/100 | Batch 7600/18922 | KD Loss: 4.9993 | Base Loss: 0.9688
Epoch 91/100 | Batch 7800/18922 | KD Loss: 4.7495 | Base Loss: 0.7745
Epoch 91/100 | Batch 8000/18922 | KD Loss: 5.0612 | Base Loss: 0.9486
Epoch 91/100 | Batch 8200/18922 | KD Loss: 4.5816 | Base Loss: 0.7131
Epoch 91/100 | Batch 8400/18922 | KD Loss: 4.6405 | Base Loss: 0.8403
Epoch 91/100 | Batch 8600/18922 | KD Loss: 4.7139 | Base Loss: 0.8811
Epoch 91/100 | Batch 8800/18922 | KD Loss: 4.6543 | Base Loss: 0.6787
Epoch 91/100 | Batch 9000/18922 | KD Loss: 5.2331 | Base Loss: 0.8036
Epoch 91/100 | Batch 9200/18922 | KD Loss: 5.0552 | Base Loss: 0.8213
Epoch 91/100 | Batch 9400/18922 | KD Loss: 4.7942 | Base Loss: 0.7910
Epoch 91/100 | Batch 9600/18922 | KD Loss: 5.3200 | Base Loss: 0.9324
Epoch 91/100 | Batch 9800/18922 | KD Loss: 4.9748 | Base Loss: 0.8851
Epoch 91/100 | Batch 10000/18922 | KD Loss: 4.6562 | Base Loss: 0.5720
Epoch 91/100 | Batch 10200/18922 | KD Loss: 4.8111 | Base Loss: 0.8070
Epoch 91/100 | Batch 10400/18922 | KD Loss: 4.9630 | Base Loss: 0.8489
Epoch 91/100 | Batch 10600/18922 | KD Loss: 4.4659 | Base Loss: 0.7359
Epoch 91/100 | Batch 10800/18922 | KD Loss: 4.6205 | Base Loss: 0.8726
Epoch 91/100 | Batch 11000/18922 | KD Loss: 4.5292 | Base Loss: 0.6189
Epoch 91/100 | Batch 11200/18922 | KD Loss: 4.6154 | Base Loss: 0.7502
Epoch 91/100 | Batch 11400/18922 | KD Loss: 5.0354 | Base Loss: 0.9986
Epoch 91/100 | Batch 11600/18922 | KD Loss: 5.2704 | Base Loss: 1.1331
Epoch 91/100 | Batch 11800/18922 | KD Loss: 4.4282 | Base Loss: 0.7640
Epoch 91/100 | Batch 12000/18922 | KD Loss: 5.1219 | Base Loss: 0.6984
Epoch 91/100 | Batch 12200/18922 | KD Loss: 4.5097 | Base Loss: 0.7230
Epoch 91/100 | Batch 12400/18922 | KD Loss: 4.9136 | Base Loss: 0.6966
Epoch 91/100 | Batch 12600/18922 | KD Loss: 4.5689 | Base Loss: 0.8698
Epoch 91/100 | Batch 12800/18922 | KD Loss: 4.7789 | Base Loss: 0.9951
Epoch 91/100 | Batch 13000/18922 | KD Loss: 4.7684 | Base Loss: 0.7470
Epoch 91/100 | Batch 13200/18922 | KD Loss: 4.8320 | Base Loss: 0.7524
Epoch 91/100 | Batch 13400/18922 | KD Loss: 4.2795 | Base Loss: 0.6769
Epoch 91/100 | Batch 13600/18922 | KD Loss: 4.6730 | Base Loss: 0.8536
Epoch 91/100 | Batch 13800/18922 | KD Loss: 4.8314 | Base Loss: 0.8382
Epoch 91/100 | Batch 14000/18922 | KD Loss: 4.6086 | Base Loss: 0.6460
Epoch 91/100 | Batch 14200/18922 | KD Loss: 5.2352 | Base Loss: 0.9183
Epoch 91/100 | Batch 14400/18922 | KD Loss: 4.8154 | Base Loss: 0.6890
Epoch 91/100 | Batch 14600/18922 | KD Loss: 4.7798 | Base Loss: 0.8540
Epoch 91/100 | Batch 14800/18922 | KD Loss: 4.8901 | Base Loss: 0.7736
Epoch 91/100 | Batch 15000/18922 | KD Loss: 4.6383 | Base Loss: 0.7477
Epoch 91/100 | Batch 15200/18922 | KD Loss: 4.8025 | Base Loss: 0.7683
Epoch 91/100 | Batch 15400/18922 | KD Loss: 4.8978 | Base Loss: 0.8067
Epoch 91/100 | Batch 15600/18922 | KD Loss: 4.6630 | Base Loss: 0.8188
Epoch 91/100 | Batch 15800/18922 | KD Loss: 4.8458 | Base Loss: 0.6941
Epoch 91/100 | Batch 16000/18922 | KD Loss: 5.1475 | Base Loss: 0.8121
Epoch 91/100 | Batch 16200/18922 | KD Loss: 4.7082 | Base Loss: 0.7275
Epoch 91/100 | Batch 16400/18922 | KD Loss: 4.7332 | Base Loss: 0.7919
Epoch 91/100 | Batch 16600/18922 | KD Loss: 4.9205 | Base Loss: 0.8346
Epoch 91/100 | Batch 16800/18922 | KD Loss: 5.0466 | Base Loss: 0.9388
Epoch 91/100 | Batch 17000/18922 | KD Loss: 4.8592 | Base Loss: 0.9090
Epoch 91/100 | Batch 17200/18922 | KD Loss: 5.4866 | Base Loss: 1.0849
Epoch 91/100 | Batch 17400/18922 | KD Loss: 5.2289 | Base Loss: 0.9580
Epoch 91/100 | Batch 17600/18922 | KD Loss: 4.9060 | Base Loss: 0.8523
Epoch 91/100 | Batch 17800/18922 | KD Loss: 4.7878 | Base Loss: 0.6648
Epoch 91/100 | Batch 18000/18922 | KD Loss: 5.1455 | Base Loss: 1.0547
Epoch 91/100 | Batch 18200/18922 | KD Loss: 4.7225 | Base Loss: 0.8119
Epoch 91/100 | Batch 18400/18922 | KD Loss: 4.5110 | Base Loss: 0.6067
Epoch 91/100 | Batch 18600/18922 | KD Loss: 4.8835 | Base Loss: 0.6763
Epoch 91/100 | Batch 18800/18922 | KD Loss: 4.7584 | Base Loss: 0.8188
====> Epoch 91 Average KD Loss: 4.7908 | LR: 0.000200
Epoch 92/100 | Batch 0/18922 | KD Loss: 4.6894 | Base Loss: 0.7865
Epoch 92/100 | Batch 200/18922 | KD Loss: 4.9831 | Base Loss: 0.9014
Epoch 92/100 | Batch 400/18922 | KD Loss: 5.0821 | Base Loss: 0.6395
Epoch 92/100 | Batch 600/18922 | KD Loss: 4.8737 | Base Loss: 0.9396
Epoch 92/100 | Batch 800/18922 | KD Loss: 4.8192 | Base Loss: 0.8259
Epoch 92/100 | Batch 1000/18922 | KD Loss: 4.6385 | Base Loss: 0.7045
Epoch 92/100 | Batch 1200/18922 | KD Loss: 4.6862 | Base Loss: 0.7545
Epoch 92/100 | Batch 1400/18922 | KD Loss: 4.8101 | Base Loss: 0.8404
Epoch 92/100 | Batch 1600/18922 | KD Loss: 4.9101 | Base Loss: 0.9840
Epoch 92/100 | Batch 1800/18922 | KD Loss: 4.5584 | Base Loss: 0.7444
Epoch 92/100 | Batch 2000/18922 | KD Loss: 4.7033 | Base Loss: 0.7458
Epoch 92/100 | Batch 2200/18922 | KD Loss: 4.6650 | Base Loss: 0.7543
Epoch 92/100 | Batch 2400/18922 | KD Loss: 5.0087 | Base Loss: 0.8204
Epoch 92/100 | Batch 2600/18922 | KD Loss: 4.7502 | Base Loss: 0.7940
Epoch 92/100 | Batch 2800/18922 | KD Loss: 5.0751 | Base Loss: 0.8152
Epoch 92/100 | Batch 3000/18922 | KD Loss: 4.9442 | Base Loss: 0.8370
Epoch 92/100 | Batch 3200/18922 | KD Loss: 4.7017 | Base Loss: 0.6708
Epoch 92/100 | Batch 3400/18922 | KD Loss: 4.7389 | Base Loss: 0.7964
Epoch 92/100 | Batch 3600/18922 | KD Loss: 4.7924 | Base Loss: 0.8438
Epoch 92/100 | Batch 3800/18922 | KD Loss: 4.6482 | Base Loss: 0.7402
Epoch 92/100 | Batch 4000/18922 | KD Loss: 4.7664 | Base Loss: 0.7455
Epoch 92/100 | Batch 4200/18922 | KD Loss: 5.7387 | Base Loss: 1.0400
Epoch 92/100 | Batch 4400/18922 | KD Loss: 4.8331 | Base Loss: 0.6749
Epoch 92/100 | Batch 4600/18922 | KD Loss: 4.8747 | Base Loss: 0.8182
Epoch 92/100 | Batch 4800/18922 | KD Loss: 5.2285 | Base Loss: 0.8828
Epoch 92/100 | Batch 5000/18922 | KD Loss: 4.3776 | Base Loss: 0.7114
Epoch 92/100 | Batch 5200/18922 | KD Loss: 5.0847 | Base Loss: 0.9395
Epoch 92/100 | Batch 5400/18922 | KD Loss: 4.6947 | Base Loss: 0.8488
Epoch 92/100 | Batch 5600/18922 | KD Loss: 4.7332 | Base Loss: 0.8943
Epoch 92/100 | Batch 5800/18922 | KD Loss: 4.8465 | Base Loss: 0.7384
Epoch 92/100 | Batch 6000/18922 | KD Loss: 4.7615 | Base Loss: 0.6908
Epoch 92/100 | Batch 6200/18922 | KD Loss: 4.9617 | Base Loss: 0.6937
Epoch 92/100 | Batch 6400/18922 | KD Loss: 4.7345 | Base Loss: 0.6524
Epoch 92/100 | Batch 6600/18922 | KD Loss: 4.2906 | Base Loss: 0.7299
Epoch 92/100 | Batch 6800/18922 | KD Loss: 4.9515 | Base Loss: 0.9029
Epoch 92/100 | Batch 7000/18922 | KD Loss: 4.7840 | Base Loss: 0.8568
Epoch 92/100 | Batch 7200/18922 | KD Loss: 4.7228 | Base Loss: 0.7633
Epoch 92/100 | Batch 7400/18922 | KD Loss: 4.8418 | Base Loss: 0.7860
Epoch 92/100 | Batch 7600/18922 | KD Loss: 4.9237 | Base Loss: 0.9594
Epoch 92/100 | Batch 7800/18922 | KD Loss: 4.6502 | Base Loss: 0.6998
Epoch 92/100 | Batch 8000/18922 | KD Loss: 4.8794 | Base Loss: 0.9152
Epoch 92/100 | Batch 8200/18922 | KD Loss: 4.8381 | Base Loss: 0.9016
Epoch 92/100 | Batch 8400/18922 | KD Loss: 4.8082 | Base Loss: 0.8403
Epoch 92/100 | Batch 8600/18922 | KD Loss: 4.4068 | Base Loss: 0.6585
Epoch 92/100 | Batch 8800/18922 | KD Loss: 4.8401 | Base Loss: 0.8114
Epoch 92/100 | Batch 9000/18922 | KD Loss: 4.8382 | Base Loss: 0.6994
Epoch 92/100 | Batch 9200/18922 | KD Loss: 4.9091 | Base Loss: 0.8948
Epoch 92/100 | Batch 9400/18922 | KD Loss: 4.8291 | Base Loss: 0.9373
Epoch 92/100 | Batch 9600/18922 | KD Loss: 4.8010 | Base Loss: 0.6885
Epoch 92/100 | Batch 9800/18922 | KD Loss: 4.7248 | Base Loss: 0.7205
Epoch 92/100 | Batch 10000/18922 | KD Loss: 4.6581 | Base Loss: 0.7884
Epoch 92/100 | Batch 10200/18922 | KD Loss: 4.5858 | Base Loss: 0.7950
Epoch 92/100 | Batch 10400/18922 | KD Loss: 4.8716 | Base Loss: 0.7715
Epoch 92/100 | Batch 10600/18922 | KD Loss: 4.6591 | Base Loss: 0.8044
Epoch 92/100 | Batch 10800/18922 | KD Loss: 5.1856 | Base Loss: 0.9343
Epoch 92/100 | Batch 11000/18922 | KD Loss: 4.8599 | Base Loss: 0.8605
Epoch 92/100 | Batch 11200/18922 | KD Loss: 4.5203 | Base Loss: 0.7839
Epoch 92/100 | Batch 11400/18922 | KD Loss: 4.8111 | Base Loss: 0.9098
Epoch 92/100 | Batch 11600/18922 | KD Loss: 4.8265 | Base Loss: 0.6962
Epoch 92/100 | Batch 11800/18922 | KD Loss: 4.7131 | Base Loss: 0.8561
Epoch 92/100 | Batch 12000/18922 | KD Loss: 4.8723 | Base Loss: 0.7580
Epoch 92/100 | Batch 12200/18922 | KD Loss: 4.9328 | Base Loss: 0.7643
Epoch 92/100 | Batch 12400/18922 | KD Loss: 4.8579 | Base Loss: 0.6797
Epoch 92/100 | Batch 12600/18922 | KD Loss: 4.8040 | Base Loss: 0.8358
Epoch 92/100 | Batch 12800/18922 | KD Loss: 4.9744 | Base Loss: 0.8287
Epoch 92/100 | Batch 13000/18922 | KD Loss: 4.8838 | Base Loss: 0.9886
Epoch 92/100 | Batch 13200/18922 | KD Loss: 4.8834 | Base Loss: 0.8009
Epoch 92/100 | Batch 13400/18922 | KD Loss: 4.7840 | Base Loss: 0.9253
Epoch 92/100 | Batch 13600/18922 | KD Loss: 4.8635 | Base Loss: 0.5677
Epoch 92/100 | Batch 13800/18922 | KD Loss: 4.9135 | Base Loss: 0.7201
Epoch 92/100 | Batch 14000/18922 | KD Loss: 5.0854 | Base Loss: 0.7910
Epoch 92/100 | Batch 14200/18922 | KD Loss: 4.6246 | Base Loss: 0.7738
Epoch 92/100 | Batch 14400/18922 | KD Loss: 4.8320 | Base Loss: 0.8403
Epoch 92/100 | Batch 14600/18922 | KD Loss: 4.8894 | Base Loss: 0.6848
Epoch 92/100 | Batch 14800/18922 | KD Loss: 4.9416 | Base Loss: 0.7692
Epoch 92/100 | Batch 15000/18922 | KD Loss: 4.6569 | Base Loss: 0.7509
Epoch 92/100 | Batch 15200/18922 | KD Loss: 4.9504 | Base Loss: 0.7605
Epoch 92/100 | Batch 15400/18922 | KD Loss: 4.8063 | Base Loss: 0.7047
Epoch 92/100 | Batch 15600/18922 | KD Loss: 4.9425 | Base Loss: 0.9160
Epoch 92/100 | Batch 15800/18922 | KD Loss: 4.6177 | Base Loss: 0.6762
Epoch 92/100 | Batch 16000/18922 | KD Loss: 4.7474 | Base Loss: 0.8158
Epoch 92/100 | Batch 16200/18922 | KD Loss: 5.1861 | Base Loss: 0.8682
Epoch 92/100 | Batch 16400/18922 | KD Loss: 5.0268 | Base Loss: 0.9890
Epoch 92/100 | Batch 16600/18922 | KD Loss: 4.7762 | Base Loss: 0.7405
Epoch 92/100 | Batch 16800/18922 | KD Loss: 4.3312 | Base Loss: 0.5367
Epoch 92/100 | Batch 17000/18922 | KD Loss: 4.8014 | Base Loss: 0.8128
Epoch 92/100 | Batch 17200/18922 | KD Loss: 4.6706 | Base Loss: 0.6878
Epoch 92/100 | Batch 17400/18922 | KD Loss: 4.7156 | Base Loss: 0.7778
Epoch 92/100 | Batch 17600/18922 | KD Loss: 5.2302 | Base Loss: 0.8971
Epoch 92/100 | Batch 17800/18922 | KD Loss: 4.7841 | Base Loss: 0.8203
Epoch 92/100 | Batch 18000/18922 | KD Loss: 5.1003 | Base Loss: 0.7586
Epoch 92/100 | Batch 18200/18922 | KD Loss: 4.7926 | Base Loss: 0.9461
Epoch 92/100 | Batch 18400/18922 | KD Loss: 4.5155 | Base Loss: 0.7540
Epoch 92/100 | Batch 18600/18922 | KD Loss: 4.7288 | Base Loss: 0.7598
Epoch 92/100 | Batch 18800/18922 | KD Loss: 4.7024 | Base Loss: 0.8434
====> Epoch 92 Average KD Loss: 4.7894 | LR: 0.000200
Epoch 93/100 | Batch 0/18922 | KD Loss: 5.3519 | Base Loss: 1.0742
Epoch 93/100 | Batch 200/18922 | KD Loss: 5.0707 | Base Loss: 0.7300
Epoch 93/100 | Batch 400/18922 | KD Loss: 4.6408 | Base Loss: 0.7778
Epoch 93/100 | Batch 600/18922 | KD Loss: 4.7442 | Base Loss: 0.6877
Epoch 93/100 | Batch 800/18922 | KD Loss: 4.9899 | Base Loss: 0.7688
Epoch 93/100 | Batch 1000/18922 | KD Loss: 4.9119 | Base Loss: 0.8467
Epoch 93/100 | Batch 1200/18922 | KD Loss: 4.5997 | Base Loss: 0.7757
Epoch 93/100 | Batch 1400/18922 | KD Loss: 4.5028 | Base Loss: 0.7925
Epoch 93/100 | Batch 1600/18922 | KD Loss: 4.7713 | Base Loss: 0.7981
Epoch 93/100 | Batch 1800/18922 | KD Loss: 4.8844 | Base Loss: 0.8538
Epoch 93/100 | Batch 2000/18922 | KD Loss: 4.9487 | Base Loss: 1.0540
Epoch 93/100 | Batch 2200/18922 | KD Loss: 5.1108 | Base Loss: 0.9577
Epoch 93/100 | Batch 2400/18922 | KD Loss: 5.0218 | Base Loss: 0.8975
Epoch 93/100 | Batch 2600/18922 | KD Loss: 4.4765 | Base Loss: 0.6484
Epoch 93/100 | Batch 2800/18922 | KD Loss: 4.9012 | Base Loss: 0.8914
Epoch 93/100 | Batch 3000/18922 | KD Loss: 4.5358 | Base Loss: 0.7583
Epoch 93/100 | Batch 3200/18922 | KD Loss: 4.7558 | Base Loss: 0.7344
Epoch 93/100 | Batch 3400/18922 | KD Loss: 4.8511 | Base Loss: 0.8110
Epoch 93/100 | Batch 3600/18922 | KD Loss: 4.5856 | Base Loss: 0.8344
Epoch 93/100 | Batch 3800/18922 | KD Loss: 4.5463 | Base Loss: 0.6632
Epoch 93/100 | Batch 4000/18922 | KD Loss: 4.9871 | Base Loss: 0.8066
Epoch 93/100 | Batch 4200/18922 | KD Loss: 4.7263 | Base Loss: 0.7902
Epoch 93/100 | Batch 4400/18922 | KD Loss: 4.6355 | Base Loss: 0.8519
Epoch 93/100 | Batch 4600/18922 | KD Loss: 4.8030 | Base Loss: 0.6532
Epoch 93/100 | Batch 4800/18922 | KD Loss: 4.7052 | Base Loss: 0.7121
Epoch 93/100 | Batch 5000/18922 | KD Loss: 4.8160 | Base Loss: 0.8479
Epoch 93/100 | Batch 5200/18922 | KD Loss: 4.6974 | Base Loss: 0.7855
Epoch 93/100 | Batch 5400/18922 | KD Loss: 4.6226 | Base Loss: 0.7740
Epoch 93/100 | Batch 5600/18922 | KD Loss: 4.7414 | Base Loss: 0.7448
Epoch 93/100 | Batch 5800/18922 | KD Loss: 4.4861 | Base Loss: 0.7976
Epoch 93/100 | Batch 6000/18922 | KD Loss: 4.8084 | Base Loss: 0.7472
Epoch 93/100 | Batch 6200/18922 | KD Loss: 4.6750 | Base Loss: 0.7108
Epoch 93/100 | Batch 6400/18922 | KD Loss: 4.7262 | Base Loss: 0.6898
Epoch 93/100 | Batch 6600/18922 | KD Loss: 4.6796 | Base Loss: 0.7604
Epoch 93/100 | Batch 6800/18922 | KD Loss: 5.1947 | Base Loss: 0.8438
Epoch 93/100 | Batch 7000/18922 | KD Loss: 4.4255 | Base Loss: 0.7030
Epoch 93/100 | Batch 7200/18922 | KD Loss: 5.1117 | Base Loss: 0.8555
Epoch 93/100 | Batch 7400/18922 | KD Loss: 5.1883 | Base Loss: 1.0688
Epoch 93/100 | Batch 7600/18922 | KD Loss: 4.8553 | Base Loss: 0.8515
Epoch 93/100 | Batch 7800/18922 | KD Loss: 4.8287 | Base Loss: 0.8731
Epoch 93/100 | Batch 8000/18922 | KD Loss: 4.5397 | Base Loss: 0.7496
Epoch 93/100 | Batch 8200/18922 | KD Loss: 5.0753 | Base Loss: 0.7875
Epoch 93/100 | Batch 8400/18922 | KD Loss: 5.0150 | Base Loss: 0.9470
Epoch 93/100 | Batch 8600/18922 | KD Loss: 4.6306 | Base Loss: 0.7380
Epoch 93/100 | Batch 8800/18922 | KD Loss: 4.6266 | Base Loss: 0.7728
Epoch 93/100 | Batch 9000/18922 | KD Loss: 4.8310 | Base Loss: 0.8654
Epoch 93/100 | Batch 9200/18922 | KD Loss: 4.5318 | Base Loss: 0.7735
Epoch 93/100 | Batch 9400/18922 | KD Loss: 4.6336 | Base Loss: 0.7308
Epoch 93/100 | Batch 9600/18922 | KD Loss: 4.4098 | Base Loss: 0.6886
Epoch 93/100 | Batch 9800/18922 | KD Loss: 4.3701 | Base Loss: 0.7419
Epoch 93/100 | Batch 10000/18922 | KD Loss: 5.0005 | Base Loss: 0.9014
Epoch 93/100 | Batch 10200/18922 | KD Loss: 4.8109 | Base Loss: 0.7469
Epoch 93/100 | Batch 10400/18922 | KD Loss: 4.6663 | Base Loss: 0.8230
Epoch 93/100 | Batch 10600/18922 | KD Loss: 4.8111 | Base Loss: 0.8847
Epoch 93/100 | Batch 10800/18922 | KD Loss: 4.5892 | Base Loss: 0.5940
Epoch 93/100 | Batch 11000/18922 | KD Loss: 4.9477 | Base Loss: 0.7828
Epoch 93/100 | Batch 11200/18922 | KD Loss: 4.7238 | Base Loss: 0.8925
Epoch 93/100 | Batch 11400/18922 | KD Loss: 4.5433 | Base Loss: 0.7628
Epoch 93/100 | Batch 11600/18922 | KD Loss: 5.0645 | Base Loss: 0.7680
Epoch 93/100 | Batch 11800/18922 | KD Loss: 4.7906 | Base Loss: 0.8374
Epoch 93/100 | Batch 12000/18922 | KD Loss: 4.5250 | Base Loss: 0.6462
Epoch 93/100 | Batch 12200/18922 | KD Loss: 4.5989 | Base Loss: 0.6037
Epoch 93/100 | Batch 12400/18922 | KD Loss: 4.7224 | Base Loss: 0.7719
Epoch 93/100 | Batch 12600/18922 | KD Loss: 5.1461 | Base Loss: 1.0316
Epoch 93/100 | Batch 12800/18922 | KD Loss: 4.7281 | Base Loss: 0.7373
Epoch 93/100 | Batch 13000/18922 | KD Loss: 5.0991 | Base Loss: 0.8574
Epoch 93/100 | Batch 13200/18922 | KD Loss: 4.5097 | Base Loss: 0.7717
Epoch 93/100 | Batch 13400/18922 | KD Loss: 4.5250 | Base Loss: 0.8121
Epoch 93/100 | Batch 13600/18922 | KD Loss: 4.5887 | Base Loss: 0.6835
Epoch 93/100 | Batch 13800/18922 | KD Loss: 4.6915 | Base Loss: 0.7415
Epoch 93/100 | Batch 14000/18922 | KD Loss: 5.0976 | Base Loss: 0.9429
Epoch 93/100 | Batch 14200/18922 | KD Loss: 5.1230 | Base Loss: 0.8865
Epoch 93/100 | Batch 14400/18922 | KD Loss: 4.7969 | Base Loss: 0.8574
Epoch 93/100 | Batch 14600/18922 | KD Loss: 4.5605 | Base Loss: 0.8175
Epoch 93/100 | Batch 14800/18922 | KD Loss: 4.7656 | Base Loss: 0.7600
Epoch 93/100 | Batch 15000/18922 | KD Loss: 4.9419 | Base Loss: 0.7882
Epoch 93/100 | Batch 15200/18922 | KD Loss: 4.5718 | Base Loss: 0.7570
Epoch 93/100 | Batch 15400/18922 | KD Loss: 4.6793 | Base Loss: 0.6926
Epoch 93/100 | Batch 15600/18922 | KD Loss: 4.9801 | Base Loss: 0.9281
Epoch 93/100 | Batch 15800/18922 | KD Loss: 4.8146 | Base Loss: 0.7905
Epoch 93/100 | Batch 16000/18922 | KD Loss: 4.9746 | Base Loss: 0.8963
Epoch 93/100 | Batch 16200/18922 | KD Loss: 4.8211 | Base Loss: 0.7311
Epoch 93/100 | Batch 16400/18922 | KD Loss: 4.9298 | Base Loss: 0.7973
Epoch 93/100 | Batch 16600/18922 | KD Loss: 5.0152 | Base Loss: 0.9083
Epoch 93/100 | Batch 16800/18922 | KD Loss: 4.8710 | Base Loss: 0.8660
Epoch 93/100 | Batch 17000/18922 | KD Loss: 4.5954 | Base Loss: 0.8574
Epoch 93/100 | Batch 17200/18922 | KD Loss: 5.2090 | Base Loss: 0.8717
Epoch 93/100 | Batch 17400/18922 | KD Loss: 4.7801 | Base Loss: 0.8102
Epoch 93/100 | Batch 17600/18922 | KD Loss: 4.6916 | Base Loss: 0.7439
Epoch 93/100 | Batch 17800/18922 | KD Loss: 4.6725 | Base Loss: 0.8446
Epoch 93/100 | Batch 18000/18922 | KD Loss: 4.4141 | Base Loss: 0.7836
Epoch 93/100 | Batch 18200/18922 | KD Loss: 4.7227 | Base Loss: 0.7098
Epoch 93/100 | Batch 18400/18922 | KD Loss: 4.8069 | Base Loss: 0.8291
Epoch 93/100 | Batch 18600/18922 | KD Loss: 4.9537 | Base Loss: 0.7108
Epoch 93/100 | Batch 18800/18922 | KD Loss: 5.2570 | Base Loss: 0.7741
====> Epoch 93 Average KD Loss: 4.7889 | LR: 0.000200
Epoch 94/100 | Batch 0/18922 | KD Loss: 4.8271 | Base Loss: 0.6406
Epoch 94/100 | Batch 200/18922 | KD Loss: 4.8009 | Base Loss: 0.6921
Epoch 94/100 | Batch 400/18922 | KD Loss: 4.6778 | Base Loss: 0.8019
Epoch 94/100 | Batch 600/18922 | KD Loss: 5.0757 | Base Loss: 0.8608
Epoch 94/100 | Batch 800/18922 | KD Loss: 4.6234 | Base Loss: 0.7347
Epoch 94/100 | Batch 1000/18922 | KD Loss: 4.8652 | Base Loss: 0.6853
Epoch 94/100 | Batch 1200/18922 | KD Loss: 4.8197 | Base Loss: 0.7712
Epoch 94/100 | Batch 1400/18922 | KD Loss: 4.4730 | Base Loss: 0.7324
Epoch 94/100 | Batch 1600/18922 | KD Loss: 4.8321 | Base Loss: 0.8283
Epoch 94/100 | Batch 1800/18922 | KD Loss: 4.8095 | Base Loss: 0.9284
Epoch 94/100 | Batch 2000/18922 | KD Loss: 5.0526 | Base Loss: 0.8808
Epoch 94/100 | Batch 2200/18922 | KD Loss: 5.0582 | Base Loss: 0.8538
Epoch 94/100 | Batch 2400/18922 | KD Loss: 4.4849 | Base Loss: 0.8427
Epoch 94/100 | Batch 2600/18922 | KD Loss: 4.8362 | Base Loss: 0.9726
Epoch 94/100 | Batch 2800/18922 | KD Loss: 4.5760 | Base Loss: 0.6808
Epoch 94/100 | Batch 3000/18922 | KD Loss: 5.4058 | Base Loss: 0.8688
Epoch 94/100 | Batch 3200/18922 | KD Loss: 4.9923 | Base Loss: 0.8192
Epoch 94/100 | Batch 3400/18922 | KD Loss: 4.8202 | Base Loss: 0.8095
Epoch 94/100 | Batch 3600/18922 | KD Loss: 4.9228 | Base Loss: 0.7558
Epoch 94/100 | Batch 3800/18922 | KD Loss: 4.7741 | Base Loss: 0.7977
Epoch 94/100 | Batch 4000/18922 | KD Loss: 4.8916 | Base Loss: 0.7206
Epoch 94/100 | Batch 4200/18922 | KD Loss: 4.5265 | Base Loss: 0.6807
Epoch 94/100 | Batch 4400/18922 | KD Loss: 4.9213 | Base Loss: 0.7392
Epoch 94/100 | Batch 4600/18922 | KD Loss: 5.1427 | Base Loss: 0.8156
Epoch 94/100 | Batch 4800/18922 | KD Loss: 5.1664 | Base Loss: 1.0066
Epoch 94/100 | Batch 5000/18922 | KD Loss: 4.5160 | Base Loss: 0.6777
Epoch 94/100 | Batch 5200/18922 | KD Loss: 4.7810 | Base Loss: 0.8772
Epoch 94/100 | Batch 5400/18922 | KD Loss: 4.9711 | Base Loss: 0.7318
Epoch 94/100 | Batch 5600/18922 | KD Loss: 4.5312 | Base Loss: 0.6446
Epoch 94/100 | Batch 5800/18922 | KD Loss: 4.7655 | Base Loss: 0.8490
Epoch 94/100 | Batch 6000/18922 | KD Loss: 4.6290 | Base Loss: 0.6415
Epoch 94/100 | Batch 6200/18922 | KD Loss: 4.8406 | Base Loss: 0.7969
Epoch 94/100 | Batch 6400/18922 | KD Loss: 4.8310 | Base Loss: 0.7751
Epoch 94/100 | Batch 6600/18922 | KD Loss: 5.1182 | Base Loss: 0.8089
Epoch 94/100 | Batch 6800/18922 | KD Loss: 5.2994 | Base Loss: 0.7886
Epoch 94/100 | Batch 7000/18922 | KD Loss: 5.2785 | Base Loss: 0.9460
Epoch 94/100 | Batch 7200/18922 | KD Loss: 4.5025 | Base Loss: 0.6368
Epoch 94/100 | Batch 7400/18922 | KD Loss: 4.8482 | Base Loss: 0.8955
Epoch 94/100 | Batch 7600/18922 | KD Loss: 4.7926 | Base Loss: 0.9521
Epoch 94/100 | Batch 7800/18922 | KD Loss: 5.1821 | Base Loss: 0.9484
Epoch 94/100 | Batch 8000/18922 | KD Loss: 4.7417 | Base Loss: 0.9375
Epoch 94/100 | Batch 8200/18922 | KD Loss: 4.6299 | Base Loss: 0.8063
Epoch 94/100 | Batch 8400/18922 | KD Loss: 4.8086 | Base Loss: 0.7424
Epoch 94/100 | Batch 8600/18922 | KD Loss: 4.8656 | Base Loss: 0.8552
Epoch 94/100 | Batch 8800/18922 | KD Loss: 4.7316 | Base Loss: 0.7804
Epoch 94/100 | Batch 9000/18922 | KD Loss: 4.5791 | Base Loss: 0.8009
Epoch 94/100 | Batch 9200/18922 | KD Loss: 4.6764 | Base Loss: 0.6720
Epoch 94/100 | Batch 9400/18922 | KD Loss: 5.0646 | Base Loss: 0.7656
Epoch 94/100 | Batch 9600/18922 | KD Loss: 4.5065 | Base Loss: 0.9380
Epoch 94/100 | Batch 9800/18922 | KD Loss: 4.5216 | Base Loss: 0.7533
Epoch 94/100 | Batch 10000/18922 | KD Loss: 4.8095 | Base Loss: 0.8106
Epoch 94/100 | Batch 10200/18922 | KD Loss: 4.9506 | Base Loss: 0.8696
Epoch 94/100 | Batch 10400/18922 | KD Loss: 4.5283 | Base Loss: 0.6680
Epoch 94/100 | Batch 10600/18922 | KD Loss: 4.6435 | Base Loss: 0.7837
Epoch 94/100 | Batch 10800/18922 | KD Loss: 4.8748 | Base Loss: 0.8476
Epoch 94/100 | Batch 11000/18922 | KD Loss: 4.8831 | Base Loss: 0.7702
Epoch 94/100 | Batch 11200/18922 | KD Loss: 4.6908 | Base Loss: 0.8141
Epoch 94/100 | Batch 11400/18922 | KD Loss: 4.7745 | Base Loss: 0.8167
Epoch 94/100 | Batch 11600/18922 | KD Loss: 4.7575 | Base Loss: 0.8930
Epoch 94/100 | Batch 11800/18922 | KD Loss: 4.7605 | Base Loss: 0.8234
Epoch 94/100 | Batch 12000/18922 | KD Loss: 4.7954 | Base Loss: 0.9082
Epoch 94/100 | Batch 12200/18922 | KD Loss: 4.9292 | Base Loss: 0.9589
Epoch 94/100 | Batch 12400/18922 | KD Loss: 4.9232 | Base Loss: 0.8765
Epoch 94/100 | Batch 12600/18922 | KD Loss: 4.9571 | Base Loss: 0.8529
Epoch 94/100 | Batch 12800/18922 | KD Loss: 4.8381 | Base Loss: 0.9478
Epoch 94/100 | Batch 13000/18922 | KD Loss: 5.0199 | Base Loss: 0.7317
Epoch 94/100 | Batch 13200/18922 | KD Loss: 4.8009 | Base Loss: 0.6999
Epoch 94/100 | Batch 13400/18922 | KD Loss: 4.6180 | Base Loss: 0.7314
Epoch 94/100 | Batch 13600/18922 | KD Loss: 4.6451 | Base Loss: 0.6414
Epoch 94/100 | Batch 13800/18922 | KD Loss: 4.7337 | Base Loss: 0.6474
Epoch 94/100 | Batch 14000/18922 | KD Loss: 4.6530 | Base Loss: 0.7631
Epoch 94/100 | Batch 14200/18922 | KD Loss: 4.5211 | Base Loss: 0.7588
Epoch 94/100 | Batch 14400/18922 | KD Loss: 4.8293 | Base Loss: 0.7637
Epoch 94/100 | Batch 14600/18922 | KD Loss: 5.0167 | Base Loss: 0.8280
Epoch 94/100 | Batch 14800/18922 | KD Loss: 4.8145 | Base Loss: 0.8536
Epoch 94/100 | Batch 15000/18922 | KD Loss: 4.8215 | Base Loss: 0.8150
Epoch 94/100 | Batch 15200/18922 | KD Loss: 4.7386 | Base Loss: 0.7867
Epoch 94/100 | Batch 15400/18922 | KD Loss: 4.6131 | Base Loss: 0.7389
Epoch 94/100 | Batch 15600/18922 | KD Loss: 4.4328 | Base Loss: 0.7426
Epoch 94/100 | Batch 15800/18922 | KD Loss: 5.0146 | Base Loss: 0.8256
Epoch 94/100 | Batch 16000/18922 | KD Loss: 4.7706 | Base Loss: 0.8034
Epoch 94/100 | Batch 16200/18922 | KD Loss: 4.8773 | Base Loss: 0.9167
Epoch 94/100 | Batch 16400/18922 | KD Loss: 4.6175 | Base Loss: 0.8042
Epoch 94/100 | Batch 16600/18922 | KD Loss: 5.1031 | Base Loss: 0.9394
Epoch 94/100 | Batch 16800/18922 | KD Loss: 4.5821 | Base Loss: 0.6863
Epoch 94/100 | Batch 17000/18922 | KD Loss: 4.5848 | Base Loss: 0.6797
Epoch 94/100 | Batch 17200/18922 | KD Loss: 4.9763 | Base Loss: 0.8366
Epoch 94/100 | Batch 17400/18922 | KD Loss: 4.5663 | Base Loss: 0.6855
Epoch 94/100 | Batch 17600/18922 | KD Loss: 4.8418 | Base Loss: 0.9425
Epoch 94/100 | Batch 17800/18922 | KD Loss: 4.9093 | Base Loss: 0.8915
Epoch 94/100 | Batch 18000/18922 | KD Loss: 4.8797 | Base Loss: 0.8509
Epoch 94/100 | Batch 18200/18922 | KD Loss: 4.9347 | Base Loss: 0.8034
Epoch 94/100 | Batch 18400/18922 | KD Loss: 4.5611 | Base Loss: 0.7500
Epoch 94/100 | Batch 18600/18922 | KD Loss: 5.2988 | Base Loss: 0.9137
Epoch 94/100 | Batch 18800/18922 | KD Loss: 4.4559 | Base Loss: 0.6027
====> Epoch 94 Average KD Loss: 4.7887 | LR: 0.000200
Epoch 95/100 | Batch 0/18922 | KD Loss: 4.6837 | Base Loss: 0.6626
Epoch 95/100 | Batch 200/18922 | KD Loss: 4.5608 | Base Loss: 0.7269
Epoch 95/100 | Batch 400/18922 | KD Loss: 4.3813 | Base Loss: 0.7166
Epoch 95/100 | Batch 600/18922 | KD Loss: 4.6909 | Base Loss: 0.7643
Epoch 95/100 | Batch 800/18922 | KD Loss: 4.6163 | Base Loss: 0.8123
Epoch 95/100 | Batch 1000/18922 | KD Loss: 4.7902 | Base Loss: 0.8090
Epoch 95/100 | Batch 1200/18922 | KD Loss: 4.8723 | Base Loss: 0.6993
Epoch 95/100 | Batch 1400/18922 | KD Loss: 4.8734 | Base Loss: 0.7826
Epoch 95/100 | Batch 1600/18922 | KD Loss: 4.4587 | Base Loss: 0.5613
Epoch 95/100 | Batch 1800/18922 | KD Loss: 4.8951 | Base Loss: 0.7723
Epoch 95/100 | Batch 2000/18922 | KD Loss: 5.0407 | Base Loss: 0.8875
Epoch 95/100 | Batch 2200/18922 | KD Loss: 4.9036 | Base Loss: 0.9285
Epoch 95/100 | Batch 2400/18922 | KD Loss: 4.5613 | Base Loss: 0.7441
Epoch 95/100 | Batch 2600/18922 | KD Loss: 5.0861 | Base Loss: 0.9661
Epoch 95/100 | Batch 2800/18922 | KD Loss: 4.9689 | Base Loss: 0.8037
Epoch 95/100 | Batch 3000/18922 | KD Loss: 5.2180 | Base Loss: 0.9265
Epoch 95/100 | Batch 3200/18922 | KD Loss: 4.5332 | Base Loss: 0.5578
Epoch 95/100 | Batch 3400/18922 | KD Loss: 4.8606 | Base Loss: 0.8092
Epoch 95/100 | Batch 3600/18922 | KD Loss: 4.8272 | Base Loss: 0.9519
Epoch 95/100 | Batch 3800/18922 | KD Loss: 4.4476 | Base Loss: 0.7614
Epoch 95/100 | Batch 4000/18922 | KD Loss: 4.3730 | Base Loss: 0.6531
Epoch 95/100 | Batch 4200/18922 | KD Loss: 4.7730 | Base Loss: 0.9296
Epoch 95/100 | Batch 4400/18922 | KD Loss: 4.9968 | Base Loss: 0.9384
Epoch 95/100 | Batch 4600/18922 | KD Loss: 4.8140 | Base Loss: 0.7224
Epoch 95/100 | Batch 4800/18922 | KD Loss: 4.7306 | Base Loss: 0.8524
Epoch 95/100 | Batch 5000/18922 | KD Loss: 4.8044 | Base Loss: 0.7318
Epoch 95/100 | Batch 5200/18922 | KD Loss: 4.6444 | Base Loss: 0.7426
Epoch 95/100 | Batch 5400/18922 | KD Loss: 4.6202 | Base Loss: 0.7659
Epoch 95/100 | Batch 5600/18922 | KD Loss: 4.6585 | Base Loss: 0.6786
Epoch 95/100 | Batch 5800/18922 | KD Loss: 5.2901 | Base Loss: 1.0484
Epoch 95/100 | Batch 6000/18922 | KD Loss: 4.5866 | Base Loss: 0.6375
Epoch 95/100 | Batch 6200/18922 | KD Loss: 4.3259 | Base Loss: 0.6257
Epoch 95/100 | Batch 6400/18922 | KD Loss: 4.9944 | Base Loss: 0.8511
Epoch 95/100 | Batch 6600/18922 | KD Loss: 5.1535 | Base Loss: 1.0097
Epoch 95/100 | Batch 6800/18922 | KD Loss: 4.8563 | Base Loss: 0.9553
Epoch 95/100 | Batch 7000/18922 | KD Loss: 4.7237 | Base Loss: 0.7857
Epoch 95/100 | Batch 7200/18922 | KD Loss: 4.8075 | Base Loss: 0.7803
Epoch 95/100 | Batch 7400/18922 | KD Loss: 5.0264 | Base Loss: 0.7527
Epoch 95/100 | Batch 7600/18922 | KD Loss: 5.1976 | Base Loss: 0.8251
Epoch 95/100 | Batch 7800/18922 | KD Loss: 4.9439 | Base Loss: 0.7611
Epoch 95/100 | Batch 8000/18922 | KD Loss: 4.8894 | Base Loss: 0.7100
Epoch 95/100 | Batch 8200/18922 | KD Loss: 4.8042 | Base Loss: 0.9093
Epoch 95/100 | Batch 8400/18922 | KD Loss: 5.0588 | Base Loss: 0.8576
Epoch 95/100 | Batch 8600/18922 | KD Loss: 4.9272 | Base Loss: 0.7666
Epoch 95/100 | Batch 8800/18922 | KD Loss: 4.7827 | Base Loss: 0.8866
Epoch 95/100 | Batch 9000/18922 | KD Loss: 5.2058 | Base Loss: 0.8368
Epoch 95/100 | Batch 9200/18922 | KD Loss: 4.6783 | Base Loss: 0.8702
Epoch 95/100 | Batch 9400/18922 | KD Loss: 4.5754 | Base Loss: 0.6191
Epoch 95/100 | Batch 9600/18922 | KD Loss: 4.7133 | Base Loss: 0.6295
Epoch 95/100 | Batch 9800/18922 | KD Loss: 4.6054 | Base Loss: 0.7686
Epoch 95/100 | Batch 10000/18922 | KD Loss: 4.8349 | Base Loss: 0.7481
Epoch 95/100 | Batch 10200/18922 | KD Loss: 4.9153 | Base Loss: 0.8754
Epoch 95/100 | Batch 10400/18922 | KD Loss: 4.5252 | Base Loss: 0.8064
Epoch 95/100 | Batch 10600/18922 | KD Loss: 4.7643 | Base Loss: 0.7988
Epoch 95/100 | Batch 10800/18922 | KD Loss: 4.8182 | Base Loss: 0.7446
Epoch 95/100 | Batch 11000/18922 | KD Loss: 4.6931 | Base Loss: 0.7227
Epoch 95/100 | Batch 11200/18922 | KD Loss: 4.5298 | Base Loss: 0.6986
Epoch 95/100 | Batch 11400/18922 | KD Loss: 4.6947 | Base Loss: 0.8882
Epoch 95/100 | Batch 11600/18922 | KD Loss: 4.7227 | Base Loss: 0.7692
Epoch 95/100 | Batch 11800/18922 | KD Loss: 4.6828 | Base Loss: 0.8881
Epoch 95/100 | Batch 12000/18922 | KD Loss: 4.9956 | Base Loss: 0.7843
Epoch 95/100 | Batch 12200/18922 | KD Loss: 4.8031 | Base Loss: 0.7538
Epoch 95/100 | Batch 12400/18922 | KD Loss: 4.6985 | Base Loss: 0.7489
Epoch 95/100 | Batch 12600/18922 | KD Loss: 4.8383 | Base Loss: 0.8439
Epoch 95/100 | Batch 12800/18922 | KD Loss: 4.6400 | Base Loss: 0.7764
Epoch 95/100 | Batch 13000/18922 | KD Loss: 4.6706 | Base Loss: 0.7327
Epoch 95/100 | Batch 13200/18922 | KD Loss: 4.5515 | Base Loss: 0.8675
Epoch 95/100 | Batch 13400/18922 | KD Loss: 5.0166 | Base Loss: 0.9574
Epoch 95/100 | Batch 13600/18922 | KD Loss: 4.8595 | Base Loss: 0.9450
Epoch 95/100 | Batch 13800/18922 | KD Loss: 4.9762 | Base Loss: 0.8008
Epoch 95/100 | Batch 14000/18922 | KD Loss: 4.7066 | Base Loss: 0.7062
Epoch 95/100 | Batch 14200/18922 | KD Loss: 4.7477 | Base Loss: 0.9761
Epoch 95/100 | Batch 14400/18922 | KD Loss: 5.1655 | Base Loss: 0.9270
Epoch 95/100 | Batch 14600/18922 | KD Loss: 4.8040 | Base Loss: 0.8459
Epoch 95/100 | Batch 14800/18922 | KD Loss: 4.5848 | Base Loss: 0.6261
Epoch 95/100 | Batch 15000/18922 | KD Loss: 4.4809 | Base Loss: 0.5929
Epoch 95/100 | Batch 15200/18922 | KD Loss: 4.5685 | Base Loss: 0.8286
Epoch 95/100 | Batch 15400/18922 | KD Loss: 4.9929 | Base Loss: 0.8912
Epoch 95/100 | Batch 15600/18922 | KD Loss: 4.6232 | Base Loss: 0.8491
Epoch 95/100 | Batch 15800/18922 | KD Loss: 4.9148 | Base Loss: 0.8977
Epoch 95/100 | Batch 16000/18922 | KD Loss: 5.1605 | Base Loss: 0.8456
Epoch 95/100 | Batch 16200/18922 | KD Loss: 4.4846 | Base Loss: 0.6070
Epoch 95/100 | Batch 16400/18922 | KD Loss: 5.0298 | Base Loss: 0.8623
Epoch 95/100 | Batch 16600/18922 | KD Loss: 4.4187 | Base Loss: 0.7448
Epoch 95/100 | Batch 16800/18922 | KD Loss: 4.4572 | Base Loss: 0.7474
Epoch 95/100 | Batch 17000/18922 | KD Loss: 4.8237 | Base Loss: 0.8152
Epoch 95/100 | Batch 17200/18922 | KD Loss: 4.4490 | Base Loss: 0.8347
Epoch 95/100 | Batch 17400/18922 | KD Loss: 4.7523 | Base Loss: 0.7942
Epoch 95/100 | Batch 17600/18922 | KD Loss: 4.5468 | Base Loss: 0.7154
Epoch 95/100 | Batch 17800/18922 | KD Loss: 4.8708 | Base Loss: 0.8954
Epoch 95/100 | Batch 18000/18922 | KD Loss: 4.9776 | Base Loss: 1.0011
Epoch 95/100 | Batch 18200/18922 | KD Loss: 4.4482 | Base Loss: 0.7854
Epoch 95/100 | Batch 18400/18922 | KD Loss: 4.7097 | Base Loss: 0.7287
Epoch 95/100 | Batch 18600/18922 | KD Loss: 4.9276 | Base Loss: 0.7894
Epoch 95/100 | Batch 18800/18922 | KD Loss: 4.7897 | Base Loss: 0.8635
====> Epoch 95 Average KD Loss: 4.7876 | LR: 0.000200
Epoch 96/100 | Batch 0/18922 | KD Loss: 4.6074 | Base Loss: 0.7280
Epoch 96/100 | Batch 200/18922 | KD Loss: 4.7593 | Base Loss: 0.8184
Epoch 96/100 | Batch 400/18922 | KD Loss: 4.5631 | Base Loss: 0.6696
Epoch 96/100 | Batch 600/18922 | KD Loss: 5.0981 | Base Loss: 0.9100
Epoch 96/100 | Batch 800/18922 | KD Loss: 4.9037 | Base Loss: 0.7782
Epoch 96/100 | Batch 1000/18922 | KD Loss: 4.7553 | Base Loss: 0.6229
Epoch 96/100 | Batch 1200/18922 | KD Loss: 4.8943 | Base Loss: 0.9090
Epoch 96/100 | Batch 1400/18922 | KD Loss: 4.7380 | Base Loss: 0.7887
Epoch 96/100 | Batch 1600/18922 | KD Loss: 4.6401 | Base Loss: 0.7806
Epoch 96/100 | Batch 1800/18922 | KD Loss: 4.8056 | Base Loss: 0.6476
Epoch 96/100 | Batch 2000/18922 | KD Loss: 4.2768 | Base Loss: 0.6375
Epoch 96/100 | Batch 2200/18922 | KD Loss: 4.9227 | Base Loss: 0.8981
Epoch 96/100 | Batch 2400/18922 | KD Loss: 5.0635 | Base Loss: 0.8624
Epoch 96/100 | Batch 2600/18922 | KD Loss: 4.8789 | Base Loss: 0.9395
Epoch 96/100 | Batch 2800/18922 | KD Loss: 4.8184 | Base Loss: 0.9191
Epoch 96/100 | Batch 3000/18922 | KD Loss: 4.6071 | Base Loss: 0.6715
Epoch 96/100 | Batch 3200/18922 | KD Loss: 4.5256 | Base Loss: 0.8211
Epoch 96/100 | Batch 3400/18922 | KD Loss: 4.3900 | Base Loss: 0.7129
Epoch 96/100 | Batch 3600/18922 | KD Loss: 4.6144 | Base Loss: 0.7650
Epoch 96/100 | Batch 3800/18922 | KD Loss: 4.7733 | Base Loss: 0.7947
Epoch 96/100 | Batch 4000/18922 | KD Loss: 4.7919 | Base Loss: 0.6509
Epoch 96/100 | Batch 4200/18922 | KD Loss: 4.7805 | Base Loss: 0.7073
Epoch 96/100 | Batch 4400/18922 | KD Loss: 4.7664 | Base Loss: 0.7947
Epoch 96/100 | Batch 4600/18922 | KD Loss: 4.7617 | Base Loss: 0.6998
Epoch 96/100 | Batch 4800/18922 | KD Loss: 4.8871 | Base Loss: 0.8770
Epoch 96/100 | Batch 5000/18922 | KD Loss: 4.4435 | Base Loss: 0.8048
Epoch 96/100 | Batch 5200/18922 | KD Loss: 5.2803 | Base Loss: 1.0050
Epoch 96/100 | Batch 5400/18922 | KD Loss: 4.9125 | Base Loss: 0.8648
Epoch 96/100 | Batch 5600/18922 | KD Loss: 4.8250 | Base Loss: 0.7446
Epoch 96/100 | Batch 5800/18922 | KD Loss: 4.6490 | Base Loss: 0.7937
Epoch 96/100 | Batch 6000/18922 | KD Loss: 4.7803 | Base Loss: 0.7337
Epoch 96/100 | Batch 6200/18922 | KD Loss: 5.1943 | Base Loss: 0.9095
Epoch 96/100 | Batch 6400/18922 | KD Loss: 4.6732 | Base Loss: 0.8787
Epoch 96/100 | Batch 6600/18922 | KD Loss: 4.6475 | Base Loss: 0.7603
Epoch 96/100 | Batch 6800/18922 | KD Loss: 5.2097 | Base Loss: 1.0133
Epoch 96/100 | Batch 7000/18922 | KD Loss: 4.7482 | Base Loss: 0.7535
Epoch 96/100 | Batch 7200/18922 | KD Loss: 4.4011 | Base Loss: 0.6043
Epoch 96/100 | Batch 7400/18922 | KD Loss: 5.1321 | Base Loss: 0.7088
Epoch 96/100 | Batch 7600/18922 | KD Loss: 4.5767 | Base Loss: 0.8210
Epoch 96/100 | Batch 7800/18922 | KD Loss: 4.4657 | Base Loss: 0.7315
Epoch 96/100 | Batch 8000/18922 | KD Loss: 4.9570 | Base Loss: 0.7252
Epoch 96/100 | Batch 8200/18922 | KD Loss: 4.8262 | Base Loss: 0.8424
Epoch 96/100 | Batch 8400/18922 | KD Loss: 5.0510 | Base Loss: 0.7914
Epoch 96/100 | Batch 8600/18922 | KD Loss: 4.7475 | Base Loss: 0.7112
Epoch 96/100 | Batch 8800/18922 | KD Loss: 4.4146 | Base Loss: 0.7222
Epoch 96/100 | Batch 9000/18922 | KD Loss: 4.7022 | Base Loss: 0.7957
Epoch 96/100 | Batch 9200/18922 | KD Loss: 5.0501 | Base Loss: 0.7528
Epoch 96/100 | Batch 9400/18922 | KD Loss: 4.4433 | Base Loss: 0.6388
Epoch 96/100 | Batch 9600/18922 | KD Loss: 5.0266 | Base Loss: 0.6893
Epoch 96/100 | Batch 9800/18922 | KD Loss: 4.4857 | Base Loss: 0.6045
Epoch 96/100 | Batch 10000/18922 | KD Loss: 4.4505 | Base Loss: 0.6897
Epoch 96/100 | Batch 10200/18922 | KD Loss: 4.7236 | Base Loss: 0.7028
Epoch 96/100 | Batch 10400/18922 | KD Loss: 4.8813 | Base Loss: 0.7695
Epoch 96/100 | Batch 10600/18922 | KD Loss: 4.6634 | Base Loss: 0.8598
Epoch 96/100 | Batch 10800/18922 | KD Loss: 4.6384 | Base Loss: 0.8948
Epoch 96/100 | Batch 11000/18922 | KD Loss: 4.7913 | Base Loss: 0.8409
Epoch 96/100 | Batch 11200/18922 | KD Loss: 4.6119 | Base Loss: 0.6510
Epoch 96/100 | Batch 11400/18922 | KD Loss: 5.1249 | Base Loss: 0.8039
Epoch 96/100 | Batch 11600/18922 | KD Loss: 4.7471 | Base Loss: 0.8460
Epoch 96/100 | Batch 11800/18922 | KD Loss: 4.8322 | Base Loss: 0.8853
Epoch 96/100 | Batch 12000/18922 | KD Loss: 5.1026 | Base Loss: 0.9572
Epoch 96/100 | Batch 12200/18922 | KD Loss: 4.5802 | Base Loss: 0.7435
Epoch 96/100 | Batch 12400/18922 | KD Loss: 4.7622 | Base Loss: 0.8239
Epoch 96/100 | Batch 12600/18922 | KD Loss: 4.7075 | Base Loss: 0.6687
Epoch 96/100 | Batch 12800/18922 | KD Loss: 4.7617 | Base Loss: 0.8002
Epoch 96/100 | Batch 13000/18922 | KD Loss: 4.5893 | Base Loss: 0.7435
Epoch 96/100 | Batch 13200/18922 | KD Loss: 4.5940 | Base Loss: 0.7481
Epoch 96/100 | Batch 13400/18922 | KD Loss: 4.7337 | Base Loss: 0.7305
Epoch 96/100 | Batch 13600/18922 | KD Loss: 4.5469 | Base Loss: 0.7166
Epoch 96/100 | Batch 13800/18922 | KD Loss: 4.5903 | Base Loss: 0.7707
Epoch 96/100 | Batch 14000/18922 | KD Loss: 4.5304 | Base Loss: 0.6775
Epoch 96/100 | Batch 14200/18922 | KD Loss: 4.6919 | Base Loss: 0.6331
Epoch 96/100 | Batch 14400/18922 | KD Loss: 5.7065 | Base Loss: 1.0734
Epoch 96/100 | Batch 14600/18922 | KD Loss: 4.9948 | Base Loss: 0.7195
Epoch 96/100 | Batch 14800/18922 | KD Loss: 4.6157 | Base Loss: 0.7607
Epoch 96/100 | Batch 15000/18922 | KD Loss: 5.0961 | Base Loss: 0.8766
Epoch 96/100 | Batch 15200/18922 | KD Loss: 4.3519 | Base Loss: 0.6372
Epoch 96/100 | Batch 15400/18922 | KD Loss: 4.5273 | Base Loss: 0.8402
Epoch 96/100 | Batch 15600/18922 | KD Loss: 4.6688 | Base Loss: 0.7322
Epoch 96/100 | Batch 15800/18922 | KD Loss: 4.8584 | Base Loss: 0.7766
Epoch 96/100 | Batch 16000/18922 | KD Loss: 5.0787 | Base Loss: 0.7018
Epoch 96/100 | Batch 16200/18922 | KD Loss: 5.0202 | Base Loss: 0.7902
Epoch 96/100 | Batch 16400/18922 | KD Loss: 4.8244 | Base Loss: 0.8733
Epoch 96/100 | Batch 16600/18922 | KD Loss: 4.6405 | Base Loss: 0.6457
Epoch 96/100 | Batch 16800/18922 | KD Loss: 4.6881 | Base Loss: 0.7432
Epoch 96/100 | Batch 17000/18922 | KD Loss: 5.1852 | Base Loss: 0.7854
Epoch 96/100 | Batch 17200/18922 | KD Loss: 4.8861 | Base Loss: 0.8690
Epoch 96/100 | Batch 17400/18922 | KD Loss: 4.7239 | Base Loss: 0.7105
Epoch 96/100 | Batch 17600/18922 | KD Loss: 4.6793 | Base Loss: 0.7788
Epoch 96/100 | Batch 17800/18922 | KD Loss: 4.6434 | Base Loss: 0.7532
Epoch 96/100 | Batch 18000/18922 | KD Loss: 4.9405 | Base Loss: 0.9809
Epoch 96/100 | Batch 18200/18922 | KD Loss: 4.9248 | Base Loss: 0.8160
Epoch 96/100 | Batch 18400/18922 | KD Loss: 4.9480 | Base Loss: 0.9852
Epoch 96/100 | Batch 18600/18922 | KD Loss: 4.7490 | Base Loss: 0.7019
Epoch 96/100 | Batch 18800/18922 | KD Loss: 4.9709 | Base Loss: 0.8751
====> Epoch 96 Average KD Loss: 4.7863 | LR: 0.000200
Epoch 97/100 | Batch 0/18922 | KD Loss: 4.5827 | Base Loss: 0.8704
Epoch 97/100 | Batch 200/18922 | KD Loss: 4.2997 | Base Loss: 0.6596
Epoch 97/100 | Batch 400/18922 | KD Loss: 5.0535 | Base Loss: 0.9218
Epoch 97/100 | Batch 600/18922 | KD Loss: 4.8364 | Base Loss: 0.7647
Epoch 97/100 | Batch 800/18922 | KD Loss: 4.6917 | Base Loss: 0.7501
Epoch 97/100 | Batch 1000/18922 | KD Loss: 4.9012 | Base Loss: 0.7623
Epoch 97/100 | Batch 1200/18922 | KD Loss: 5.1205 | Base Loss: 0.9245
Epoch 97/100 | Batch 1400/18922 | KD Loss: 4.9666 | Base Loss: 0.9441
Epoch 97/100 | Batch 1600/18922 | KD Loss: 4.6811 | Base Loss: 0.8728
Epoch 97/100 | Batch 1800/18922 | KD Loss: 4.7090 | Base Loss: 0.9120
Epoch 97/100 | Batch 2000/18922 | KD Loss: 4.8075 | Base Loss: 0.8039
Epoch 97/100 | Batch 2200/18922 | KD Loss: 4.6142 | Base Loss: 0.8897
Epoch 97/100 | Batch 2400/18922 | KD Loss: 4.7023 | Base Loss: 0.8123
Epoch 97/100 | Batch 2600/18922 | KD Loss: 4.8639 | Base Loss: 0.6076
Epoch 97/100 | Batch 2800/18922 | KD Loss: 4.5122 | Base Loss: 0.5744
Epoch 97/100 | Batch 3000/18922 | KD Loss: 4.6339 | Base Loss: 0.7305
Epoch 97/100 | Batch 3200/18922 | KD Loss: 4.5356 | Base Loss: 0.7579
Epoch 97/100 | Batch 3400/18922 | KD Loss: 4.9579 | Base Loss: 0.9917
Epoch 97/100 | Batch 3600/18922 | KD Loss: 4.4913 | Base Loss: 0.6246
Epoch 97/100 | Batch 3800/18922 | KD Loss: 4.9325 | Base Loss: 0.8643
Epoch 97/100 | Batch 4000/18922 | KD Loss: 4.5694 | Base Loss: 0.6651
Epoch 97/100 | Batch 4200/18922 | KD Loss: 4.6798 | Base Loss: 0.7365
Epoch 97/100 | Batch 4400/18922 | KD Loss: 4.7383 | Base Loss: 0.7418
Epoch 97/100 | Batch 4600/18922 | KD Loss: 4.7709 | Base Loss: 0.8044
Epoch 97/100 | Batch 4800/18922 | KD Loss: 4.7086 | Base Loss: 0.6981
Epoch 97/100 | Batch 5000/18922 | KD Loss: 4.7924 | Base Loss: 0.8139
Epoch 97/100 | Batch 5200/18922 | KD Loss: 4.9841 | Base Loss: 0.9513
Epoch 97/100 | Batch 5400/18922 | KD Loss: 4.7909 | Base Loss: 0.8572
Epoch 97/100 | Batch 5600/18922 | KD Loss: 5.0248 | Base Loss: 0.8557
Epoch 97/100 | Batch 5800/18922 | KD Loss: 4.8570 | Base Loss: 0.8894
Epoch 97/100 | Batch 6000/18922 | KD Loss: 4.7859 | Base Loss: 0.6995
Epoch 97/100 | Batch 6200/18922 | KD Loss: 4.4479 | Base Loss: 0.7518
Epoch 97/100 | Batch 6400/18922 | KD Loss: 4.7050 | Base Loss: 0.7651
Epoch 97/100 | Batch 6600/18922 | KD Loss: 4.3734 | Base Loss: 0.5269
Epoch 97/100 | Batch 6800/18922 | KD Loss: 5.0049 | Base Loss: 0.9858
Epoch 97/100 | Batch 7000/18922 | KD Loss: 4.7984 | Base Loss: 0.6640
Epoch 97/100 | Batch 7200/18922 | KD Loss: 4.8647 | Base Loss: 0.7579
Epoch 97/100 | Batch 7400/18922 | KD Loss: 5.1034 | Base Loss: 0.7972
Epoch 97/100 | Batch 7600/18922 | KD Loss: 5.1474 | Base Loss: 1.0277
Epoch 97/100 | Batch 7800/18922 | KD Loss: 5.2217 | Base Loss: 0.8293
Epoch 97/100 | Batch 8000/18922 | KD Loss: 5.0195 | Base Loss: 0.7843
Epoch 97/100 | Batch 8200/18922 | KD Loss: 4.8101 | Base Loss: 0.6543
Epoch 97/100 | Batch 8400/18922 | KD Loss: 4.4377 | Base Loss: 0.7561
Epoch 97/100 | Batch 8600/18922 | KD Loss: 4.6530 | Base Loss: 0.6973
Epoch 97/100 | Batch 8800/18922 | KD Loss: 4.9938 | Base Loss: 0.9752
Epoch 97/100 | Batch 9000/18922 | KD Loss: 4.8205 | Base Loss: 0.9558
Epoch 97/100 | Batch 9200/18922 | KD Loss: 4.7737 | Base Loss: 0.8630
Epoch 97/100 | Batch 9400/18922 | KD Loss: 4.7469 | Base Loss: 0.6983
Epoch 97/100 | Batch 9600/18922 | KD Loss: 4.8403 | Base Loss: 0.7695
Epoch 97/100 | Batch 9800/18922 | KD Loss: 5.0640 | Base Loss: 0.8407
Epoch 97/100 | Batch 10000/18922 | KD Loss: 4.6021 | Base Loss: 0.7873
Epoch 97/100 | Batch 10200/18922 | KD Loss: 4.5572 | Base Loss: 0.8612
Epoch 97/100 | Batch 10400/18922 | KD Loss: 4.8333 | Base Loss: 0.7893
Epoch 97/100 | Batch 10600/18922 | KD Loss: 4.4923 | Base Loss: 0.6800
Epoch 97/100 | Batch 10800/18922 | KD Loss: 4.6410 | Base Loss: 0.8008
Epoch 97/100 | Batch 11000/18922 | KD Loss: 4.5856 | Base Loss: 0.6680
Epoch 97/100 | Batch 11200/18922 | KD Loss: 4.9653 | Base Loss: 0.8863
Epoch 97/100 | Batch 11400/18922 | KD Loss: 4.8221 | Base Loss: 0.7132
Epoch 97/100 | Batch 11600/18922 | KD Loss: 4.5778 | Base Loss: 0.7436
Epoch 97/100 | Batch 11800/18922 | KD Loss: 5.0441 | Base Loss: 0.8787
Epoch 97/100 | Batch 12000/18922 | KD Loss: 4.9622 | Base Loss: 0.9755
Epoch 97/100 | Batch 12200/18922 | KD Loss: 4.8528 | Base Loss: 0.6775
Epoch 97/100 | Batch 12400/18922 | KD Loss: 5.0058 | Base Loss: 0.9163
Epoch 97/100 | Batch 12600/18922 | KD Loss: 4.6928 | Base Loss: 0.7282
Epoch 97/100 | Batch 12800/18922 | KD Loss: 4.9649 | Base Loss: 0.8312
Epoch 97/100 | Batch 13000/18922 | KD Loss: 4.6550 | Base Loss: 0.8704
Epoch 97/100 | Batch 13200/18922 | KD Loss: 5.1013 | Base Loss: 0.8773
Epoch 97/100 | Batch 13400/18922 | KD Loss: 4.7701 | Base Loss: 0.8352
Epoch 97/100 | Batch 13600/18922 | KD Loss: 4.5278 | Base Loss: 0.6657
Epoch 97/100 | Batch 13800/18922 | KD Loss: 4.5450 | Base Loss: 0.6935
Epoch 97/100 | Batch 14000/18922 | KD Loss: 4.6638 | Base Loss: 0.7660
Epoch 97/100 | Batch 14200/18922 | KD Loss: 4.5812 | Base Loss: 0.9115
Epoch 97/100 | Batch 14400/18922 | KD Loss: 4.6410 | Base Loss: 0.7142
Epoch 97/100 | Batch 14600/18922 | KD Loss: 4.8342 | Base Loss: 0.8212
Epoch 97/100 | Batch 14800/18922 | KD Loss: 5.0612 | Base Loss: 0.9258
Epoch 97/100 | Batch 15000/18922 | KD Loss: 4.8061 | Base Loss: 0.6946
Epoch 97/100 | Batch 15200/18922 | KD Loss: 4.9905 | Base Loss: 0.8524
Epoch 97/100 | Batch 15400/18922 | KD Loss: 4.9849 | Base Loss: 0.8685
Epoch 97/100 | Batch 15600/18922 | KD Loss: 4.6749 | Base Loss: 0.8116
Epoch 97/100 | Batch 15800/18922 | KD Loss: 4.6249 | Base Loss: 0.6743
Epoch 97/100 | Batch 16000/18922 | KD Loss: 4.9240 | Base Loss: 0.8780
Epoch 97/100 | Batch 16200/18922 | KD Loss: 4.7984 | Base Loss: 0.7977
Epoch 97/100 | Batch 16400/18922 | KD Loss: 4.7989 | Base Loss: 0.8143
Epoch 97/100 | Batch 16600/18922 | KD Loss: 4.7859 | Base Loss: 0.8081
Epoch 97/100 | Batch 16800/18922 | KD Loss: 4.6202 | Base Loss: 0.6491
Epoch 97/100 | Batch 17000/18922 | KD Loss: 4.6348 | Base Loss: 0.7358
Epoch 97/100 | Batch 17200/18922 | KD Loss: 4.7120 | Base Loss: 0.7214
Epoch 97/100 | Batch 17400/18922 | KD Loss: 4.7878 | Base Loss: 0.8683
Epoch 97/100 | Batch 17600/18922 | KD Loss: 5.1707 | Base Loss: 0.7409
Epoch 97/100 | Batch 17800/18922 | KD Loss: 4.5974 | Base Loss: 0.4771
Epoch 97/100 | Batch 18000/18922 | KD Loss: 4.8672 | Base Loss: 0.7948
Epoch 97/100 | Batch 18200/18922 | KD Loss: 4.7074 | Base Loss: 0.6737
Epoch 97/100 | Batch 18400/18922 | KD Loss: 4.9563 | Base Loss: 1.0463
Epoch 97/100 | Batch 18600/18922 | KD Loss: 4.9824 | Base Loss: 0.7522
Epoch 97/100 | Batch 18800/18922 | KD Loss: 4.9418 | Base Loss: 0.7685
====> Epoch 97 Average KD Loss: 4.7862 | LR: 0.000200
Epoch 98/100 | Batch 0/18922 | KD Loss: 5.0035 | Base Loss: 0.8843
Epoch 98/100 | Batch 200/18922 | KD Loss: 4.9517 | Base Loss: 0.8639
Epoch 98/100 | Batch 400/18922 | KD Loss: 4.7118 | Base Loss: 0.7075
Epoch 98/100 | Batch 600/18922 | KD Loss: 5.0344 | Base Loss: 0.8983
Epoch 98/100 | Batch 800/18922 | KD Loss: 4.8422 | Base Loss: 0.9596
Epoch 98/100 | Batch 1000/18922 | KD Loss: 4.4593 | Base Loss: 0.6817
Epoch 98/100 | Batch 1200/18922 | KD Loss: 4.6392 | Base Loss: 0.7052
Epoch 98/100 | Batch 1400/18922 | KD Loss: 4.8215 | Base Loss: 0.5806
Epoch 98/100 | Batch 1600/18922 | KD Loss: 4.9743 | Base Loss: 0.8034
Epoch 98/100 | Batch 1800/18922 | KD Loss: 4.9064 | Base Loss: 1.0591
Epoch 98/100 | Batch 2000/18922 | KD Loss: 4.7972 | Base Loss: 0.7844
Epoch 98/100 | Batch 2200/18922 | KD Loss: 4.7456 | Base Loss: 0.7337
Epoch 98/100 | Batch 2400/18922 | KD Loss: 4.6475 | Base Loss: 0.8544
Epoch 98/100 | Batch 2600/18922 | KD Loss: 4.9600 | Base Loss: 0.9475
Epoch 98/100 | Batch 2800/18922 | KD Loss: 5.3306 | Base Loss: 1.0535
Epoch 98/100 | Batch 3000/18922 | KD Loss: 4.9153 | Base Loss: 0.7506
Epoch 98/100 | Batch 3200/18922 | KD Loss: 4.9169 | Base Loss: 0.8204
Epoch 98/100 | Batch 3400/18922 | KD Loss: 4.6973 | Base Loss: 0.6264
Epoch 98/100 | Batch 3600/18922 | KD Loss: 4.7477 | Base Loss: 0.9473
Epoch 98/100 | Batch 3800/18922 | KD Loss: 4.5800 | Base Loss: 0.6724
Epoch 98/100 | Batch 4000/18922 | KD Loss: 4.8142 | Base Loss: 0.8293
Epoch 98/100 | Batch 4200/18922 | KD Loss: 4.9054 | Base Loss: 0.9322
Epoch 98/100 | Batch 4400/18922 | KD Loss: 4.6323 | Base Loss: 0.7766
Epoch 98/100 | Batch 4600/18922 | KD Loss: 5.3056 | Base Loss: 0.7012
Epoch 98/100 | Batch 4800/18922 | KD Loss: 4.8420 | Base Loss: 0.7103
Epoch 98/100 | Batch 5000/18922 | KD Loss: 4.6253 | Base Loss: 0.7125
Epoch 98/100 | Batch 5200/18922 | KD Loss: 4.8101 | Base Loss: 0.7679
Epoch 98/100 | Batch 5400/18922 | KD Loss: 4.5882 | Base Loss: 0.7171
Epoch 98/100 | Batch 5600/18922 | KD Loss: 4.5872 | Base Loss: 0.6000
Epoch 98/100 | Batch 5800/18922 | KD Loss: 4.5687 | Base Loss: 0.8505
Epoch 98/100 | Batch 6000/18922 | KD Loss: 4.9342 | Base Loss: 0.8859
Epoch 98/100 | Batch 6200/18922 | KD Loss: 4.7934 | Base Loss: 0.7410
Epoch 98/100 | Batch 6400/18922 | KD Loss: 4.5940 | Base Loss: 0.7625
Epoch 98/100 | Batch 6600/18922 | KD Loss: 4.7589 | Base Loss: 0.7475
Epoch 98/100 | Batch 6800/18922 | KD Loss: 4.4497 | Base Loss: 0.5842
Epoch 98/100 | Batch 7000/18922 | KD Loss: 4.6916 | Base Loss: 0.7348
Epoch 98/100 | Batch 7200/18922 | KD Loss: 4.7150 | Base Loss: 0.8779
Epoch 98/100 | Batch 7400/18922 | KD Loss: 5.0008 | Base Loss: 0.7701
Epoch 98/100 | Batch 7600/18922 | KD Loss: 4.7898 | Base Loss: 0.8451
Epoch 98/100 | Batch 7800/18922 | KD Loss: 5.0535 | Base Loss: 0.7690
Epoch 98/100 | Batch 8000/18922 | KD Loss: 4.9336 | Base Loss: 0.8916
Epoch 98/100 | Batch 8200/18922 | KD Loss: 4.6756 | Base Loss: 0.7332
Epoch 98/100 | Batch 8400/18922 | KD Loss: 4.6602 | Base Loss: 0.8959
Epoch 98/100 | Batch 8600/18922 | KD Loss: 4.6876 | Base Loss: 0.7854
Epoch 98/100 | Batch 8800/18922 | KD Loss: 4.6209 | Base Loss: 0.6702
Epoch 98/100 | Batch 9000/18922 | KD Loss: 4.8521 | Base Loss: 1.0186
Epoch 98/100 | Batch 9200/18922 | KD Loss: 4.8531 | Base Loss: 0.7347
Epoch 98/100 | Batch 9400/18922 | KD Loss: 4.3946 | Base Loss: 0.7972
Epoch 98/100 | Batch 9600/18922 | KD Loss: 4.6086 | Base Loss: 0.8126
Epoch 98/100 | Batch 9800/18922 | KD Loss: 4.6498 | Base Loss: 0.8658
Epoch 98/100 | Batch 10000/18922 | KD Loss: 4.5306 | Base Loss: 0.5697
Epoch 98/100 | Batch 10200/18922 | KD Loss: 4.8352 | Base Loss: 0.6584
Epoch 98/100 | Batch 10400/18922 | KD Loss: 4.5718 | Base Loss: 0.5880
Epoch 98/100 | Batch 10600/18922 | KD Loss: 4.6456 | Base Loss: 0.6545
Epoch 98/100 | Batch 10800/18922 | KD Loss: 5.1324 | Base Loss: 0.7908
Epoch 98/100 | Batch 11000/18922 | KD Loss: 4.8139 | Base Loss: 0.7674
Epoch 98/100 | Batch 11200/18922 | KD Loss: 4.8034 | Base Loss: 0.7955
Epoch 98/100 | Batch 11400/18922 | KD Loss: 4.9014 | Base Loss: 0.9373
Epoch 98/100 | Batch 11600/18922 | KD Loss: 4.7297 | Base Loss: 0.7643
Epoch 98/100 | Batch 11800/18922 | KD Loss: 4.5971 | Base Loss: 0.8157
Epoch 98/100 | Batch 12000/18922 | KD Loss: 4.7031 | Base Loss: 0.8270
Epoch 98/100 | Batch 12200/18922 | KD Loss: 4.6162 | Base Loss: 0.7228
Epoch 98/100 | Batch 12400/18922 | KD Loss: 5.1161 | Base Loss: 0.7686
Epoch 98/100 | Batch 12600/18922 | KD Loss: 4.7375 | Base Loss: 0.8808
Epoch 98/100 | Batch 12800/18922 | KD Loss: 4.9494 | Base Loss: 0.8431
Epoch 98/100 | Batch 13000/18922 | KD Loss: 4.6595 | Base Loss: 0.7658
Epoch 98/100 | Batch 13200/18922 | KD Loss: 4.7722 | Base Loss: 0.8097
Epoch 98/100 | Batch 13400/18922 | KD Loss: 4.5695 | Base Loss: 0.7268
Epoch 98/100 | Batch 13600/18922 | KD Loss: 4.4742 | Base Loss: 0.4898
Epoch 98/100 | Batch 13800/18922 | KD Loss: 4.6867 | Base Loss: 0.7077
Epoch 98/100 | Batch 14000/18922 | KD Loss: 5.0596 | Base Loss: 0.8465
Epoch 98/100 | Batch 14200/18922 | KD Loss: 4.6649 | Base Loss: 0.8481
Epoch 98/100 | Batch 14400/18922 | KD Loss: 4.9181 | Base Loss: 0.7750
Epoch 98/100 | Batch 14600/18922 | KD Loss: 4.8801 | Base Loss: 0.8302
Epoch 98/100 | Batch 14800/18922 | KD Loss: 4.7007 | Base Loss: 0.8659
Epoch 98/100 | Batch 15000/18922 | KD Loss: 4.3965 | Base Loss: 0.7059
Epoch 98/100 | Batch 15200/18922 | KD Loss: 5.0799 | Base Loss: 1.0057
Epoch 98/100 | Batch 15400/18922 | KD Loss: 4.8032 | Base Loss: 0.6666
Epoch 98/100 | Batch 15600/18922 | KD Loss: 4.3829 | Base Loss: 0.7266
Epoch 98/100 | Batch 15800/18922 | KD Loss: 4.8653 | Base Loss: 0.8310
Epoch 98/100 | Batch 16000/18922 | KD Loss: 5.0020 | Base Loss: 0.9744
Epoch 98/100 | Batch 16200/18922 | KD Loss: 4.7845 | Base Loss: 0.9131
Epoch 98/100 | Batch 16400/18922 | KD Loss: 4.8513 | Base Loss: 0.8843
Epoch 98/100 | Batch 16600/18922 | KD Loss: 4.6205 | Base Loss: 0.6959
Epoch 98/100 | Batch 16800/18922 | KD Loss: 4.6309 | Base Loss: 0.7857
Epoch 98/100 | Batch 17000/18922 | KD Loss: 5.1615 | Base Loss: 0.9636
Epoch 98/100 | Batch 17200/18922 | KD Loss: 5.0265 | Base Loss: 1.0178
Epoch 98/100 | Batch 17400/18922 | KD Loss: 4.7697 | Base Loss: 0.8239
Epoch 98/100 | Batch 17600/18922 | KD Loss: 4.7135 | Base Loss: 0.7876
Epoch 98/100 | Batch 17800/18922 | KD Loss: 4.7391 | Base Loss: 0.7145
Epoch 98/100 | Batch 18000/18922 | KD Loss: 4.8802 | Base Loss: 0.7829
Epoch 98/100 | Batch 18200/18922 | KD Loss: 5.0657 | Base Loss: 0.8446
Epoch 98/100 | Batch 18400/18922 | KD Loss: 5.0026 | Base Loss: 0.8222
Epoch 98/100 | Batch 18600/18922 | KD Loss: 4.9610 | Base Loss: 0.6823
Epoch 98/100 | Batch 18800/18922 | KD Loss: 4.7834 | Base Loss: 1.0110
====> Epoch 98 Average KD Loss: 4.7855 | LR: 0.000200
Epoch 99/100 | Batch 0/18922 | KD Loss: 4.5783 | Base Loss: 0.8740
Epoch 99/100 | Batch 200/18922 | KD Loss: 4.7691 | Base Loss: 0.8256
Epoch 99/100 | Batch 400/18922 | KD Loss: 4.8807 | Base Loss: 0.7194
Epoch 99/100 | Batch 600/18922 | KD Loss: 5.2845 | Base Loss: 0.9248
Epoch 99/100 | Batch 800/18922 | KD Loss: 4.9114 | Base Loss: 0.7462
Epoch 99/100 | Batch 1000/18922 | KD Loss: 4.3105 | Base Loss: 0.4997
Epoch 99/100 | Batch 1200/18922 | KD Loss: 4.4820 | Base Loss: 0.7262
Epoch 99/100 | Batch 1400/18922 | KD Loss: 4.7161 | Base Loss: 0.7267
Epoch 99/100 | Batch 1600/18922 | KD Loss: 4.5126 | Base Loss: 0.6491
Epoch 99/100 | Batch 1800/18922 | KD Loss: 4.7394 | Base Loss: 0.8363
Epoch 99/100 | Batch 2000/18922 | KD Loss: 4.8000 | Base Loss: 0.5786
Epoch 99/100 | Batch 2200/18922 | KD Loss: 4.9224 | Base Loss: 0.9429
Epoch 99/100 | Batch 2400/18922 | KD Loss: 4.9326 | Base Loss: 0.8847
Epoch 99/100 | Batch 2600/18922 | KD Loss: 4.8803 | Base Loss: 0.8969
Epoch 99/100 | Batch 2800/18922 | KD Loss: 4.6698 | Base Loss: 0.6491
Epoch 99/100 | Batch 3000/18922 | KD Loss: 4.5738 | Base Loss: 0.6774
Epoch 99/100 | Batch 3200/18922 | KD Loss: 4.7423 | Base Loss: 0.8331
Epoch 99/100 | Batch 3400/18922 | KD Loss: 4.6610 | Base Loss: 0.6388
Epoch 99/100 | Batch 3600/18922 | KD Loss: 4.7962 | Base Loss: 0.8622
Epoch 99/100 | Batch 3800/18922 | KD Loss: 4.8486 | Base Loss: 0.6404
Epoch 99/100 | Batch 4000/18922 | KD Loss: 5.2057 | Base Loss: 0.8351
Epoch 99/100 | Batch 4200/18922 | KD Loss: 4.8381 | Base Loss: 0.8400
Epoch 99/100 | Batch 4400/18922 | KD Loss: 4.7880 | Base Loss: 0.7698
Epoch 99/100 | Batch 4600/18922 | KD Loss: 4.5457 | Base Loss: 0.5562
Epoch 99/100 | Batch 4800/18922 | KD Loss: 4.6474 | Base Loss: 0.7391
Epoch 99/100 | Batch 5000/18922 | KD Loss: 5.0854 | Base Loss: 1.0472
Epoch 99/100 | Batch 5200/18922 | KD Loss: 4.8152 | Base Loss: 0.7028
Epoch 99/100 | Batch 5400/18922 | KD Loss: 4.5930 | Base Loss: 0.6790
Epoch 99/100 | Batch 5600/18922 | KD Loss: 4.5547 | Base Loss: 0.7284
Epoch 99/100 | Batch 5800/18922 | KD Loss: 4.8182 | Base Loss: 0.8165
Epoch 99/100 | Batch 6000/18922 | KD Loss: 4.9284 | Base Loss: 1.0464
Epoch 99/100 | Batch 6200/18922 | KD Loss: 5.0148 | Base Loss: 0.9144
Epoch 99/100 | Batch 6400/18922 | KD Loss: 4.6998 | Base Loss: 0.7790
Epoch 99/100 | Batch 6600/18922 | KD Loss: 4.6053 | Base Loss: 0.8013
Epoch 99/100 | Batch 6800/18922 | KD Loss: 4.7599 | Base Loss: 0.6857
Epoch 99/100 | Batch 7000/18922 | KD Loss: 4.5633 | Base Loss: 0.6090
Epoch 99/100 | Batch 7200/18922 | KD Loss: 4.6125 | Base Loss: 0.7220
Epoch 99/100 | Batch 7400/18922 | KD Loss: 4.7368 | Base Loss: 0.6958
Epoch 99/100 | Batch 7600/18922 | KD Loss: 4.8635 | Base Loss: 0.8870
Epoch 99/100 | Batch 7800/18922 | KD Loss: 4.9170 | Base Loss: 0.9069
Epoch 99/100 | Batch 8000/18922 | KD Loss: 4.8621 | Base Loss: 0.9169
Epoch 99/100 | Batch 8200/18922 | KD Loss: 4.4672 | Base Loss: 0.6625
Epoch 99/100 | Batch 8400/18922 | KD Loss: 4.8317 | Base Loss: 0.7637
Epoch 99/100 | Batch 8600/18922 | KD Loss: 5.0138 | Base Loss: 0.9107
Epoch 99/100 | Batch 8800/18922 | KD Loss: 4.7596 | Base Loss: 1.0153
Epoch 99/100 | Batch 9000/18922 | KD Loss: 4.7309 | Base Loss: 0.5646
Epoch 99/100 | Batch 9200/18922 | KD Loss: 4.8613 | Base Loss: 0.7836
Epoch 99/100 | Batch 9400/18922 | KD Loss: 4.8168 | Base Loss: 0.7363
Epoch 99/100 | Batch 9600/18922 | KD Loss: 4.5143 | Base Loss: 0.8153
Epoch 99/100 | Batch 9800/18922 | KD Loss: 5.1498 | Base Loss: 0.9586
Epoch 99/100 | Batch 10000/18922 | KD Loss: 5.0327 | Base Loss: 0.9141
Epoch 99/100 | Batch 10200/18922 | KD Loss: 4.6212 | Base Loss: 0.8629
Epoch 99/100 | Batch 10400/18922 | KD Loss: 4.8210 | Base Loss: 0.7253
Epoch 99/100 | Batch 10600/18922 | KD Loss: 4.7509 | Base Loss: 0.7275
Epoch 99/100 | Batch 10800/18922 | KD Loss: 4.3457 | Base Loss: 0.7855
Epoch 99/100 | Batch 11000/18922 | KD Loss: 5.1080 | Base Loss: 0.8079
Epoch 99/100 | Batch 11200/18922 | KD Loss: 4.9090 | Base Loss: 0.8218
Epoch 99/100 | Batch 11400/18922 | KD Loss: 4.7830 | Base Loss: 0.7768
Epoch 99/100 | Batch 11600/18922 | KD Loss: 4.4371 | Base Loss: 0.6976
Epoch 99/100 | Batch 11800/18922 | KD Loss: 5.2180 | Base Loss: 0.9898
Epoch 99/100 | Batch 12000/18922 | KD Loss: 4.4768 | Base Loss: 0.7017
Epoch 99/100 | Batch 12200/18922 | KD Loss: 4.4523 | Base Loss: 0.7094
Epoch 99/100 | Batch 12400/18922 | KD Loss: 4.7964 | Base Loss: 0.8731
Epoch 99/100 | Batch 12600/18922 | KD Loss: 5.0185 | Base Loss: 0.8860
Epoch 99/100 | Batch 12800/18922 | KD Loss: 4.8083 | Base Loss: 0.7187
Epoch 99/100 | Batch 13000/18922 | KD Loss: 4.8127 | Base Loss: 0.8749
Epoch 99/100 | Batch 13200/18922 | KD Loss: 4.5000 | Base Loss: 0.6869
Epoch 99/100 | Batch 13400/18922 | KD Loss: 4.7743 | Base Loss: 0.7483
Epoch 99/100 | Batch 13600/18922 | KD Loss: 4.6881 | Base Loss: 0.7921
Epoch 99/100 | Batch 13800/18922 | KD Loss: 4.5681 | Base Loss: 0.6093
Epoch 99/100 | Batch 14000/18922 | KD Loss: 4.8298 | Base Loss: 0.8196
Epoch 99/100 | Batch 14200/18922 | KD Loss: 4.9253 | Base Loss: 0.7810
Epoch 99/100 | Batch 14400/18922 | KD Loss: 4.7774 | Base Loss: 0.9356
Epoch 99/100 | Batch 14600/18922 | KD Loss: 4.9312 | Base Loss: 0.7913
Epoch 99/100 | Batch 14800/18922 | KD Loss: 4.8442 | Base Loss: 0.7610
Epoch 99/100 | Batch 15000/18922 | KD Loss: 4.8896 | Base Loss: 0.8396
Epoch 99/100 | Batch 15200/18922 | KD Loss: 4.5492 | Base Loss: 0.7196
Epoch 99/100 | Batch 15400/18922 | KD Loss: 5.2824 | Base Loss: 0.9147
Epoch 99/100 | Batch 15600/18922 | KD Loss: 4.7844 | Base Loss: 0.8518
Epoch 99/100 | Batch 15800/18922 | KD Loss: 4.4531 | Base Loss: 0.8305
Epoch 99/100 | Batch 16000/18922 | KD Loss: 4.7590 | Base Loss: 0.7967
Epoch 99/100 | Batch 16200/18922 | KD Loss: 4.5615 | Base Loss: 0.8278
Epoch 99/100 | Batch 16400/18922 | KD Loss: 4.4616 | Base Loss: 0.6572
Epoch 99/100 | Batch 16600/18922 | KD Loss: 4.6603 | Base Loss: 0.7100
Epoch 99/100 | Batch 16800/18922 | KD Loss: 4.8721 | Base Loss: 0.9327
Epoch 99/100 | Batch 17000/18922 | KD Loss: 4.5747 | Base Loss: 0.7011
Epoch 99/100 | Batch 17200/18922 | KD Loss: 5.0019 | Base Loss: 0.7723
Epoch 99/100 | Batch 17400/18922 | KD Loss: 4.6196 | Base Loss: 0.7206
Epoch 99/100 | Batch 17600/18922 | KD Loss: 4.7048 | Base Loss: 0.7138
Epoch 99/100 | Batch 17800/18922 | KD Loss: 4.8288 | Base Loss: 0.7991
Epoch 99/100 | Batch 18000/18922 | KD Loss: 4.6677 | Base Loss: 0.8160
Epoch 99/100 | Batch 18200/18922 | KD Loss: 4.6983 | Base Loss: 0.8262
Epoch 99/100 | Batch 18400/18922 | KD Loss: 4.8335 | Base Loss: 0.9427
Epoch 99/100 | Batch 18600/18922 | KD Loss: 4.6988 | Base Loss: 0.7735
Epoch 99/100 | Batch 18800/18922 | KD Loss: 4.9293 | Base Loss: 0.7191
====> Epoch 99 Average KD Loss: 4.7846 | LR: 0.000200
Epoch 100/100 | Batch 0/18922 | KD Loss: 4.7934 | Base Loss: 0.7862
Epoch 100/100 | Batch 200/18922 | KD Loss: 5.0245 | Base Loss: 0.9630
Epoch 100/100 | Batch 400/18922 | KD Loss: 4.6228 | Base Loss: 0.9006
Epoch 100/100 | Batch 600/18922 | KD Loss: 4.7570 | Base Loss: 0.8535
Epoch 100/100 | Batch 800/18922 | KD Loss: 5.1107 | Base Loss: 0.7254
Epoch 100/100 | Batch 1000/18922 | KD Loss: 4.5789 | Base Loss: 0.6921
Epoch 100/100 | Batch 1200/18922 | KD Loss: 4.8994 | Base Loss: 0.9691
Epoch 100/100 | Batch 1400/18922 | KD Loss: 4.7752 | Base Loss: 0.8437
Epoch 100/100 | Batch 1600/18922 | KD Loss: 4.7915 | Base Loss: 0.7639
Epoch 100/100 | Batch 1800/18922 | KD Loss: 4.6703 | Base Loss: 0.8362
Epoch 100/100 | Batch 2000/18922 | KD Loss: 4.4811 | Base Loss: 0.7043
Epoch 100/100 | Batch 2200/18922 | KD Loss: 4.8629 | Base Loss: 0.8243
Epoch 100/100 | Batch 2400/18922 | KD Loss: 4.8603 | Base Loss: 0.7184
Epoch 100/100 | Batch 2600/18922 | KD Loss: 4.9211 | Base Loss: 0.8490
Epoch 100/100 | Batch 2800/18922 | KD Loss: 4.9279 | Base Loss: 0.8544
Epoch 100/100 | Batch 3000/18922 | KD Loss: 4.7392 | Base Loss: 0.8049
Epoch 100/100 | Batch 3200/18922 | KD Loss: 4.7434 | Base Loss: 0.6447
Epoch 100/100 | Batch 3400/18922 | KD Loss: 4.8890 | Base Loss: 0.7278
Epoch 100/100 | Batch 3600/18922 | KD Loss: 4.7036 | Base Loss: 0.9184
Epoch 100/100 | Batch 3800/18922 | KD Loss: 4.9317 | Base Loss: 0.8748
Epoch 100/100 | Batch 4000/18922 | KD Loss: 4.6687 | Base Loss: 0.7740
Epoch 100/100 | Batch 4200/18922 | KD Loss: 4.5324 | Base Loss: 0.7631
Epoch 100/100 | Batch 4400/18922 | KD Loss: 4.7991 | Base Loss: 0.8114
Epoch 100/100 | Batch 4600/18922 | KD Loss: 4.7336 | Base Loss: 0.7240
Epoch 100/100 | Batch 4800/18922 | KD Loss: 5.0915 | Base Loss: 0.9596
Epoch 100/100 | Batch 5000/18922 | KD Loss: 5.1013 | Base Loss: 1.0970
Epoch 100/100 | Batch 5200/18922 | KD Loss: 4.8256 | Base Loss: 0.7103
Epoch 100/100 | Batch 5400/18922 | KD Loss: 4.6480 | Base Loss: 0.7097
Epoch 100/100 | Batch 5600/18922 | KD Loss: 4.9217 | Base Loss: 0.6747
Epoch 100/100 | Batch 5800/18922 | KD Loss: 4.7231 | Base Loss: 0.8249
Epoch 100/100 | Batch 6000/18922 | KD Loss: 5.1792 | Base Loss: 0.8786
Epoch 100/100 | Batch 6200/18922 | KD Loss: 5.0639 | Base Loss: 0.9119
Epoch 100/100 | Batch 6400/18922 | KD Loss: 4.8214 | Base Loss: 0.9298
Epoch 100/100 | Batch 6600/18922 | KD Loss: 4.7103 | Base Loss: 0.7097
Epoch 100/100 | Batch 6800/18922 | KD Loss: 4.6372 | Base Loss: 0.8538
Epoch 100/100 | Batch 7000/18922 | KD Loss: 4.5668 | Base Loss: 0.8083
Epoch 100/100 | Batch 7200/18922 | KD Loss: 4.7632 | Base Loss: 0.7398
Epoch 100/100 | Batch 7400/18922 | KD Loss: 5.0757 | Base Loss: 0.9143
Epoch 100/100 | Batch 7600/18922 | KD Loss: 4.5483 | Base Loss: 0.7200
Epoch 100/100 | Batch 7800/18922 | KD Loss: 4.5977 | Base Loss: 0.7079
Epoch 100/100 | Batch 8000/18922 | KD Loss: 4.8648 | Base Loss: 0.8263
Epoch 100/100 | Batch 8200/18922 | KD Loss: 5.3554 | Base Loss: 0.9859
Epoch 100/100 | Batch 8400/18922 | KD Loss: 4.4686 | Base Loss: 0.6946
Epoch 100/100 | Batch 8600/18922 | KD Loss: 4.5304 | Base Loss: 0.7226
Epoch 100/100 | Batch 8800/18922 | KD Loss: 4.5146 | Base Loss: 0.7900
Epoch 100/100 | Batch 9000/18922 | KD Loss: 5.3180 | Base Loss: 1.1642
Epoch 100/100 | Batch 9200/18922 | KD Loss: 4.7334 | Base Loss: 0.7449
Epoch 100/100 | Batch 9400/18922 | KD Loss: 4.7256 | Base Loss: 0.7106
Epoch 100/100 | Batch 9600/18922 | KD Loss: 4.8492 | Base Loss: 0.7746
Epoch 100/100 | Batch 9800/18922 | KD Loss: 4.4659 | Base Loss: 0.7260
Epoch 100/100 | Batch 10000/18922 | KD Loss: 4.7819 | Base Loss: 0.6933
Epoch 100/100 | Batch 10200/18922 | KD Loss: 5.0441 | Base Loss: 0.7141
Epoch 100/100 | Batch 10400/18922 | KD Loss: 5.0375 | Base Loss: 0.8130
Epoch 100/100 | Batch 10600/18922 | KD Loss: 5.0168 | Base Loss: 0.8657
Epoch 100/100 | Batch 10800/18922 | KD Loss: 4.7695 | Base Loss: 0.7871
Epoch 100/100 | Batch 11000/18922 | KD Loss: 4.7948 | Base Loss: 0.7560
Epoch 100/100 | Batch 11200/18922 | KD Loss: 4.6886 | Base Loss: 0.6429
Epoch 100/100 | Batch 11400/18922 | KD Loss: 5.0242 | Base Loss: 0.9047
Epoch 100/100 | Batch 11600/18922 | KD Loss: 4.8373 | Base Loss: 0.8163
Epoch 100/100 | Batch 11800/18922 | KD Loss: 4.5522 | Base Loss: 0.7120
Epoch 100/100 | Batch 12000/18922 | KD Loss: 4.9238 | Base Loss: 0.9312
Epoch 100/100 | Batch 12200/18922 | KD Loss: 4.6367 | Base Loss: 0.7488
Epoch 100/100 | Batch 12400/18922 | KD Loss: 5.1314 | Base Loss: 1.0493
Epoch 100/100 | Batch 12600/18922 | KD Loss: 4.8184 | Base Loss: 0.7766
Epoch 100/100 | Batch 12800/18922 | KD Loss: 4.7586 | Base Loss: 0.6917
Epoch 100/100 | Batch 13000/18922 | KD Loss: 4.7298 | Base Loss: 0.5937
Epoch 100/100 | Batch 13200/18922 | KD Loss: 4.9191 | Base Loss: 0.8835
Epoch 100/100 | Batch 13400/18922 | KD Loss: 4.5712 | Base Loss: 0.7278
Epoch 100/100 | Batch 13600/18922 | KD Loss: 4.6487 | Base Loss: 0.6817
Epoch 100/100 | Batch 13800/18922 | KD Loss: 4.8030 | Base Loss: 0.6564
Epoch 100/100 | Batch 14000/18922 | KD Loss: 4.7080 | Base Loss: 0.9176
Epoch 100/100 | Batch 14200/18922 | KD Loss: 4.4608 | Base Loss: 0.6180
Epoch 100/100 | Batch 14400/18922 | KD Loss: 4.9013 | Base Loss: 0.8399
Epoch 100/100 | Batch 14600/18922 | KD Loss: 4.7544 | Base Loss: 0.7652
Epoch 100/100 | Batch 14800/18922 | KD Loss: 5.0045 | Base Loss: 0.8355
Epoch 100/100 | Batch 15000/18922 | KD Loss: 4.4143 | Base Loss: 0.6963
Epoch 100/100 | Batch 15200/18922 | KD Loss: 5.0275 | Base Loss: 1.0449
Epoch 100/100 | Batch 15400/18922 | KD Loss: 4.4054 | Base Loss: 0.5295
Epoch 100/100 | Batch 15600/18922 | KD Loss: 4.5363 | Base Loss: 0.7632
Epoch 100/100 | Batch 15800/18922 | KD Loss: 4.8027 | Base Loss: 0.8306
Epoch 100/100 | Batch 16000/18922 | KD Loss: 4.6067 | Base Loss: 0.7762
Epoch 100/100 | Batch 16200/18922 | KD Loss: 4.7255 | Base Loss: 0.8753
Epoch 100/100 | Batch 16400/18922 | KD Loss: 4.8267 | Base Loss: 0.7894
Epoch 100/100 | Batch 16600/18922 | KD Loss: 4.7866 | Base Loss: 0.8282
Epoch 100/100 | Batch 16800/18922 | KD Loss: 4.5322 | Base Loss: 0.7765
Epoch 100/100 | Batch 17000/18922 | KD Loss: 4.7024 | Base Loss: 0.8232
Epoch 100/100 | Batch 17200/18922 | KD Loss: 4.5849 | Base Loss: 0.7458
Epoch 100/100 | Batch 17400/18922 | KD Loss: 4.6434 | Base Loss: 0.6472
Epoch 100/100 | Batch 17600/18922 | KD Loss: 4.9553 | Base Loss: 0.9544
Epoch 100/100 | Batch 17800/18922 | KD Loss: 4.8096 | Base Loss: 0.7987
Epoch 100/100 | Batch 18000/18922 | KD Loss: 4.8285 | Base Loss: 0.7806
Epoch 100/100 | Batch 18200/18922 | KD Loss: 4.8064 | Base Loss: 0.8455
Epoch 100/100 | Batch 18400/18922 | KD Loss: 4.8605 | Base Loss: 0.7659
Epoch 100/100 | Batch 18600/18922 | KD Loss: 4.8072 | Base Loss: 0.9240
Epoch 100/100 | Batch 18800/18922 | KD Loss: 5.0128 | Base Loss: 0.7935
====> Epoch 100 Average KD Loss: 4.7849 | LR: 0.000200

Training Complete! Engineered Student saved.
