Using device: cuda
Loading train data from /home/jay_agarwal_2022/lorentz-gatr/data/toptagging_full.npz...

--- Starting Raw Cartesian Baseline Training ---
Epoch 1/100 | Batch 0/4731 | Loss: 0.7764
Epoch 1/100 | Batch 200/4731 | Loss: 0.5569
Epoch 1/100 | Batch 400/4731 | Loss: 0.4863
Epoch 1/100 | Batch 600/4731 | Loss: 0.4971
Epoch 1/100 | Batch 800/4731 | Loss: 0.4550
Epoch 1/100 | Batch 1000/4731 | Loss: 0.4247
Epoch 1/100 | Batch 1200/4731 | Loss: 0.4405
Epoch 1/100 | Batch 1400/4731 | Loss: 0.4738
Epoch 1/100 | Batch 1600/4731 | Loss: 0.4740
Epoch 1/100 | Batch 1800/4731 | Loss: 0.4621
Epoch 1/100 | Batch 2000/4731 | Loss: 0.4004
Epoch 1/100 | Batch 2200/4731 | Loss: 0.4326
Epoch 1/100 | Batch 2400/4731 | Loss: 0.4022
Epoch 1/100 | Batch 2600/4731 | Loss: 0.3467
Epoch 1/100 | Batch 2800/4731 | Loss: 0.4419
Epoch 1/100 | Batch 3000/4731 | Loss: 0.4141
Epoch 1/100 | Batch 3200/4731 | Loss: 0.3829
Epoch 1/100 | Batch 3400/4731 | Loss: 0.3984
Epoch 1/100 | Batch 3600/4731 | Loss: 0.3190
Epoch 1/100 | Batch 3800/4731 | Loss: 0.3507
Epoch 1/100 | Batch 4000/4731 | Loss: 0.3740
Epoch 1/100 | Batch 4200/4731 | Loss: 0.3890
Epoch 1/100 | Batch 4400/4731 | Loss: 0.4210
Epoch 1/100 | Batch 4600/4731 | Loss: 0.3561
====> Epoch 1 Average Loss: 0.4307 | LR: 0.000200
Epoch 2/100 | Batch 0/4731 | Loss: 0.3980
Epoch 2/100 | Batch 200/4731 | Loss: 0.3786
Epoch 2/100 | Batch 400/4731 | Loss: 0.4576
Epoch 2/100 | Batch 600/4731 | Loss: 0.4221
Epoch 2/100 | Batch 800/4731 | Loss: 0.3312
Epoch 2/100 | Batch 1000/4731 | Loss: 0.2757
Epoch 2/100 | Batch 1200/4731 | Loss: 0.3650
Epoch 2/100 | Batch 1400/4731 | Loss: 0.4112
Epoch 2/100 | Batch 1600/4731 | Loss: 0.2859
Epoch 2/100 | Batch 1800/4731 | Loss: 0.3371
Epoch 2/100 | Batch 2000/4731 | Loss: 0.3471
Epoch 2/100 | Batch 2200/4731 | Loss: 0.3329
Epoch 2/100 | Batch 2400/4731 | Loss: 0.3307
Epoch 2/100 | Batch 2600/4731 | Loss: 0.3994
Epoch 2/100 | Batch 2800/4731 | Loss: 0.3211
Epoch 2/100 | Batch 3000/4731 | Loss: 0.3623
Epoch 2/100 | Batch 3200/4731 | Loss: 0.3547
Epoch 2/100 | Batch 3400/4731 | Loss: 0.3267
Epoch 2/100 | Batch 3600/4731 | Loss: 0.3322
Epoch 2/100 | Batch 3800/4731 | Loss: 0.3209
Epoch 2/100 | Batch 4000/4731 | Loss: 0.3770
Epoch 2/100 | Batch 4200/4731 | Loss: 0.3513
Epoch 2/100 | Batch 4400/4731 | Loss: 0.3585
Epoch 2/100 | Batch 4600/4731 | Loss: 0.3546
====> Epoch 2 Average Loss: 0.3630 | LR: 0.000200
Epoch 3/100 | Batch 0/4731 | Loss: 0.3299
Epoch 3/100 | Batch 200/4731 | Loss: 0.3526
Epoch 3/100 | Batch 400/4731 | Loss: 0.3820
Epoch 3/100 | Batch 600/4731 | Loss: 0.3255
Epoch 3/100 | Batch 800/4731 | Loss: 0.3516
Epoch 3/100 | Batch 1000/4731 | Loss: 0.3169
Epoch 3/100 | Batch 1200/4731 | Loss: 0.3888
Epoch 3/100 | Batch 1400/4731 | Loss: 0.3265
Epoch 3/100 | Batch 1600/4731 | Loss: 0.2945
Epoch 3/100 | Batch 1800/4731 | Loss: 0.4390
Epoch 3/100 | Batch 2000/4731 | Loss: 0.3105
Epoch 3/100 | Batch 2200/4731 | Loss: 0.3403
Epoch 3/100 | Batch 2400/4731 | Loss: 0.3684
Epoch 3/100 | Batch 2600/4731 | Loss: 0.3208
Epoch 3/100 | Batch 2800/4731 | Loss: 0.3271
Epoch 3/100 | Batch 3000/4731 | Loss: 0.3137
Epoch 3/100 | Batch 3200/4731 | Loss: 0.3778
Epoch 3/100 | Batch 3400/4731 | Loss: 0.3251
Epoch 3/100 | Batch 3600/4731 | Loss: 0.3451
Epoch 3/100 | Batch 3800/4731 | Loss: 0.3237
Epoch 3/100 | Batch 4000/4731 | Loss: 0.3561
Epoch 3/100 | Batch 4200/4731 | Loss: 0.3374
Epoch 3/100 | Batch 4400/4731 | Loss: 0.3449
Epoch 3/100 | Batch 4600/4731 | Loss: 0.2927
====> Epoch 3 Average Loss: 0.3438 | LR: 0.000200
Epoch 4/100 | Batch 0/4731 | Loss: 0.3492
Epoch 4/100 | Batch 200/4731 | Loss: 0.3159
Epoch 4/100 | Batch 400/4731 | Loss: 0.3204
Epoch 4/100 | Batch 600/4731 | Loss: 0.3303
Epoch 4/100 | Batch 800/4731 | Loss: 0.3582
Epoch 4/100 | Batch 1000/4731 | Loss: 0.3167
Epoch 4/100 | Batch 1200/4731 | Loss: 0.3483
Epoch 4/100 | Batch 1400/4731 | Loss: 0.3379
Epoch 4/100 | Batch 1600/4731 | Loss: 0.3397
Epoch 4/100 | Batch 1800/4731 | Loss: 0.3485
Epoch 4/100 | Batch 2000/4731 | Loss: 0.3926
Epoch 4/100 | Batch 2200/4731 | Loss: 0.3458
Epoch 4/100 | Batch 2400/4731 | Loss: 0.3133
Epoch 4/100 | Batch 2600/4731 | Loss: 0.3426
Epoch 4/100 | Batch 2800/4731 | Loss: 0.3363
Epoch 4/100 | Batch 3000/4731 | Loss: 0.2765
Epoch 4/100 | Batch 3200/4731 | Loss: 0.2847
Epoch 4/100 | Batch 3400/4731 | Loss: 0.3959
Epoch 4/100 | Batch 3600/4731 | Loss: 0.4095
Epoch 4/100 | Batch 3800/4731 | Loss: 0.3226
Epoch 4/100 | Batch 4000/4731 | Loss: 0.3053
Epoch 4/100 | Batch 4200/4731 | Loss: 0.2871
Epoch 4/100 | Batch 4400/4731 | Loss: 0.3093
Epoch 4/100 | Batch 4600/4731 | Loss: 0.3548
====> Epoch 4 Average Loss: 0.3309 | LR: 0.000200
Epoch 5/100 | Batch 0/4731 | Loss: 0.3346
Epoch 5/100 | Batch 200/4731 | Loss: 0.2932
Epoch 5/100 | Batch 400/4731 | Loss: 0.3510
Epoch 5/100 | Batch 600/4731 | Loss: 0.2452
Epoch 5/100 | Batch 800/4731 | Loss: 0.3074
Epoch 5/100 | Batch 1000/4731 | Loss: 0.3203
Epoch 5/100 | Batch 1200/4731 | Loss: 0.3682
Epoch 5/100 | Batch 1400/4731 | Loss: 0.3644
Epoch 5/100 | Batch 1600/4731 | Loss: 0.3094
Epoch 5/100 | Batch 1800/4731 | Loss: 0.3639
Epoch 5/100 | Batch 2000/4731 | Loss: 0.3280
Epoch 5/100 | Batch 2200/4731 | Loss: 0.3573
Epoch 5/100 | Batch 2400/4731 | Loss: 0.3070
Epoch 5/100 | Batch 2600/4731 | Loss: 0.3298
Epoch 5/100 | Batch 2800/4731 | Loss: 0.2829
Epoch 5/100 | Batch 3000/4731 | Loss: 0.3073
Epoch 5/100 | Batch 3200/4731 | Loss: 0.2962
Epoch 5/100 | Batch 3400/4731 | Loss: 0.4371
Epoch 5/100 | Batch 3600/4731 | Loss: 0.3213
Epoch 5/100 | Batch 3800/4731 | Loss: 0.3254
Epoch 5/100 | Batch 4000/4731 | Loss: 0.3610
Epoch 5/100 | Batch 4200/4731 | Loss: 0.2744
Epoch 5/100 | Batch 4400/4731 | Loss: 0.2982
Epoch 5/100 | Batch 4600/4731 | Loss: 0.2787
====> Epoch 5 Average Loss: 0.3228 | LR: 0.000200
Epoch 6/100 | Batch 0/4731 | Loss: 0.3619
Epoch 6/100 | Batch 200/4731 | Loss: 0.2740
Epoch 6/100 | Batch 400/4731 | Loss: 0.2994
Epoch 6/100 | Batch 600/4731 | Loss: 0.3424
Epoch 6/100 | Batch 800/4731 | Loss: 0.2844
Epoch 6/100 | Batch 1000/4731 | Loss: 0.3073
Epoch 6/100 | Batch 1200/4731 | Loss: 0.2541
Epoch 6/100 | Batch 1400/4731 | Loss: 0.2866
Epoch 6/100 | Batch 1600/4731 | Loss: 0.4146
Epoch 6/100 | Batch 1800/4731 | Loss: 0.3701
Epoch 6/100 | Batch 2000/4731 | Loss: 0.3311
Epoch 6/100 | Batch 2200/4731 | Loss: 0.3077
Epoch 6/100 | Batch 2400/4731 | Loss: 0.3035
Epoch 6/100 | Batch 2600/4731 | Loss: 0.3547
Epoch 6/100 | Batch 2800/4731 | Loss: 0.3118
Epoch 6/100 | Batch 3000/4731 | Loss: 0.2501
Epoch 6/100 | Batch 3200/4731 | Loss: 0.3729
Epoch 6/100 | Batch 3400/4731 | Loss: 0.3296
Epoch 6/100 | Batch 3600/4731 | Loss: 0.3212
Epoch 6/100 | Batch 3800/4731 | Loss: 0.3572
Epoch 6/100 | Batch 4000/4731 | Loss: 0.3398
Epoch 6/100 | Batch 4200/4731 | Loss: 0.3103
Epoch 6/100 | Batch 4400/4731 | Loss: 0.2722
Epoch 6/100 | Batch 4600/4731 | Loss: 0.3319
====> Epoch 6 Average Loss: 0.3161 | LR: 0.000200
Epoch 7/100 | Batch 0/4731 | Loss: 0.3537
Epoch 7/100 | Batch 200/4731 | Loss: 0.3442
Epoch 7/100 | Batch 400/4731 | Loss: 0.3837
Epoch 7/100 | Batch 600/4731 | Loss: 0.3015
Epoch 7/100 | Batch 800/4731 | Loss: 0.3436
Epoch 7/100 | Batch 1000/4731 | Loss: 0.3151
Epoch 7/100 | Batch 1200/4731 | Loss: 0.2969
Epoch 7/100 | Batch 1400/4731 | Loss: 0.3401
Epoch 7/100 | Batch 1600/4731 | Loss: 0.2947
Epoch 7/100 | Batch 1800/4731 | Loss: 0.2931
Epoch 7/100 | Batch 2000/4731 | Loss: 0.3153
Epoch 7/100 | Batch 2200/4731 | Loss: 0.3105
Epoch 7/100 | Batch 2400/4731 | Loss: 0.3073
Epoch 7/100 | Batch 2600/4731 | Loss: 0.2654
Epoch 7/100 | Batch 2800/4731 | Loss: 0.3563
Epoch 7/100 | Batch 3000/4731 | Loss: 0.3172
Epoch 7/100 | Batch 3200/4731 | Loss: 0.3124
Epoch 7/100 | Batch 3400/4731 | Loss: 0.2839
Epoch 7/100 | Batch 3600/4731 | Loss: 0.2794
Epoch 7/100 | Batch 3800/4731 | Loss: 0.3197
Epoch 7/100 | Batch 4000/4731 | Loss: 0.2914
Epoch 7/100 | Batch 4200/4731 | Loss: 0.3513
Epoch 7/100 | Batch 4400/4731 | Loss: 0.2650
Epoch 7/100 | Batch 4600/4731 | Loss: 0.3079
====> Epoch 7 Average Loss: 0.3106 | LR: 0.000200
Epoch 8/100 | Batch 0/4731 | Loss: 0.2872
Epoch 8/100 | Batch 200/4731 | Loss: 0.3533
Epoch 8/100 | Batch 400/4731 | Loss: 0.3312
Epoch 8/100 | Batch 600/4731 | Loss: 0.3087
Epoch 8/100 | Batch 800/4731 | Loss: 0.3401
Epoch 8/100 | Batch 1000/4731 | Loss: 0.2896
Epoch 8/100 | Batch 1200/4731 | Loss: 0.3631
Epoch 8/100 | Batch 1400/4731 | Loss: 0.3682
Epoch 8/100 | Batch 1600/4731 | Loss: 0.2675
Epoch 8/100 | Batch 1800/4731 | Loss: 0.3244
Epoch 8/100 | Batch 2000/4731 | Loss: 0.2872
Epoch 8/100 | Batch 2200/4731 | Loss: 0.3272
Epoch 8/100 | Batch 2400/4731 | Loss: 0.3250
Epoch 8/100 | Batch 2600/4731 | Loss: 0.3121
Epoch 8/100 | Batch 2800/4731 | Loss: 0.3242
Epoch 8/100 | Batch 3000/4731 | Loss: 0.3058
Epoch 8/100 | Batch 3200/4731 | Loss: 0.2731
Epoch 8/100 | Batch 3400/4731 | Loss: 0.2439
Epoch 8/100 | Batch 3600/4731 | Loss: 0.3195
Epoch 8/100 | Batch 3800/4731 | Loss: 0.2631
Epoch 8/100 | Batch 4000/4731 | Loss: 0.3327
Epoch 8/100 | Batch 4200/4731 | Loss: 0.3179
Epoch 8/100 | Batch 4400/4731 | Loss: 0.3200
Epoch 8/100 | Batch 4600/4731 | Loss: 0.2850
====> Epoch 8 Average Loss: 0.3065 | LR: 0.000200
Epoch 9/100 | Batch 0/4731 | Loss: 0.2926
Epoch 9/100 | Batch 200/4731 | Loss: 0.3236
Epoch 9/100 | Batch 400/4731 | Loss: 0.2916
Epoch 9/100 | Batch 600/4731 | Loss: 0.2714
Epoch 9/100 | Batch 800/4731 | Loss: 0.3134
Epoch 9/100 | Batch 1000/4731 | Loss: 0.3378
Epoch 9/100 | Batch 1200/4731 | Loss: 0.2856
Epoch 9/100 | Batch 1400/4731 | Loss: 0.2681
Epoch 9/100 | Batch 1600/4731 | Loss: 0.3654
Epoch 9/100 | Batch 1800/4731 | Loss: 0.2828
Epoch 9/100 | Batch 2000/4731 | Loss: 0.2613
Epoch 9/100 | Batch 2200/4731 | Loss: 0.2597
Epoch 9/100 | Batch 2400/4731 | Loss: 0.2638
Epoch 9/100 | Batch 2600/4731 | Loss: 0.2917
Epoch 9/100 | Batch 2800/4731 | Loss: 0.3121
Epoch 9/100 | Batch 3000/4731 | Loss: 0.2798
Epoch 9/100 | Batch 3200/4731 | Loss: 0.3286
Epoch 9/100 | Batch 3400/4731 | Loss: 0.3233
Epoch 9/100 | Batch 3600/4731 | Loss: 0.3517
Epoch 9/100 | Batch 3800/4731 | Loss: 0.3270
Epoch 9/100 | Batch 4000/4731 | Loss: 0.3365
Epoch 9/100 | Batch 4200/4731 | Loss: 0.3803
Epoch 9/100 | Batch 4400/4731 | Loss: 0.3467
Epoch 9/100 | Batch 4600/4731 | Loss: 0.3028
====> Epoch 9 Average Loss: 0.3021 | LR: 0.000200
Epoch 10/100 | Batch 0/4731 | Loss: 0.3013
Epoch 10/100 | Batch 200/4731 | Loss: 0.3241
Epoch 10/100 | Batch 400/4731 | Loss: 0.3191
Epoch 10/100 | Batch 600/4731 | Loss: 0.2986
Epoch 10/100 | Batch 800/4731 | Loss: 0.2997
Epoch 10/100 | Batch 1000/4731 | Loss: 0.2531
Epoch 10/100 | Batch 1200/4731 | Loss: 0.3241
Epoch 10/100 | Batch 1400/4731 | Loss: 0.2806
Epoch 10/100 | Batch 1600/4731 | Loss: 0.2837
Epoch 10/100 | Batch 1800/4731 | Loss: 0.2879
Epoch 10/100 | Batch 2000/4731 | Loss: 0.2981
Epoch 10/100 | Batch 2200/4731 | Loss: 0.3490
Epoch 10/100 | Batch 2400/4731 | Loss: 0.3582
Epoch 10/100 | Batch 2600/4731 | Loss: 0.3042
Epoch 10/100 | Batch 2800/4731 | Loss: 0.2392
Epoch 10/100 | Batch 3000/4731 | Loss: 0.2718
Epoch 10/100 | Batch 3200/4731 | Loss: 0.3276
Epoch 10/100 | Batch 3400/4731 | Loss: 0.3544
Epoch 10/100 | Batch 3600/4731 | Loss: 0.3047
Epoch 10/100 | Batch 3800/4731 | Loss: 0.2823
Epoch 10/100 | Batch 4000/4731 | Loss: 0.3046
Epoch 10/100 | Batch 4200/4731 | Loss: 0.2592
Epoch 10/100 | Batch 4400/4731 | Loss: 0.2653
Epoch 10/100 | Batch 4600/4731 | Loss: 0.2857
====> Epoch 10 Average Loss: 0.2983 | LR: 0.000200
Epoch 11/100 | Batch 0/4731 | Loss: 0.2749
Epoch 11/100 | Batch 200/4731 | Loss: 0.2420
Epoch 11/100 | Batch 400/4731 | Loss: 0.2185
Epoch 11/100 | Batch 600/4731 | Loss: 0.2760
Epoch 11/100 | Batch 800/4731 | Loss: 0.3397
Epoch 11/100 | Batch 1000/4731 | Loss: 0.2683
Epoch 11/100 | Batch 1200/4731 | Loss: 0.3461
Epoch 11/100 | Batch 1400/4731 | Loss: 0.2582
Epoch 11/100 | Batch 1600/4731 | Loss: 0.3156
Epoch 11/100 | Batch 1800/4731 | Loss: 0.2895
Epoch 11/100 | Batch 2000/4731 | Loss: 0.2640
Epoch 11/100 | Batch 2200/4731 | Loss: 0.3048
Epoch 11/100 | Batch 2400/4731 | Loss: 0.2573
Epoch 11/100 | Batch 2600/4731 | Loss: 0.2864
Epoch 11/100 | Batch 2800/4731 | Loss: 0.3170
Epoch 11/100 | Batch 3000/4731 | Loss: 0.3009
Epoch 11/100 | Batch 3200/4731 | Loss: 0.3338
Epoch 11/100 | Batch 3400/4731 | Loss: 0.3149
Epoch 11/100 | Batch 3600/4731 | Loss: 0.2685
Epoch 11/100 | Batch 3800/4731 | Loss: 0.2814
Epoch 11/100 | Batch 4000/4731 | Loss: 0.2874
Epoch 11/100 | Batch 4200/4731 | Loss: 0.3260
Epoch 11/100 | Batch 4400/4731 | Loss: 0.3096
Epoch 11/100 | Batch 4600/4731 | Loss: 0.3837
====> Epoch 11 Average Loss: 0.2951 | LR: 0.000200
Epoch 12/100 | Batch 0/4731 | Loss: 0.2971
Epoch 12/100 | Batch 200/4731 | Loss: 0.3061
Epoch 12/100 | Batch 400/4731 | Loss: 0.3433
Epoch 12/100 | Batch 600/4731 | Loss: 0.2812
Epoch 12/100 | Batch 800/4731 | Loss: 0.3506
Epoch 12/100 | Batch 1000/4731 | Loss: 0.2765
Epoch 12/100 | Batch 1200/4731 | Loss: 0.2777
Epoch 12/100 | Batch 1400/4731 | Loss: 0.2899
Epoch 12/100 | Batch 1600/4731 | Loss: 0.3112
Epoch 12/100 | Batch 1800/4731 | Loss: 0.2979
Epoch 12/100 | Batch 2000/4731 | Loss: 0.2737
Epoch 12/100 | Batch 2200/4731 | Loss: 0.2180
Epoch 12/100 | Batch 2400/4731 | Loss: 0.3103
Epoch 12/100 | Batch 2600/4731 | Loss: 0.3105
Epoch 12/100 | Batch 2800/4731 | Loss: 0.2319
Epoch 12/100 | Batch 3000/4731 | Loss: 0.2764
Epoch 12/100 | Batch 3200/4731 | Loss: 0.2479
Epoch 12/100 | Batch 3400/4731 | Loss: 0.3511
Epoch 12/100 | Batch 3600/4731 | Loss: 0.2737
Epoch 12/100 | Batch 3800/4731 | Loss: 0.2758
Epoch 12/100 | Batch 4000/4731 | Loss: 0.3006
Epoch 12/100 | Batch 4200/4731 | Loss: 0.3604
Epoch 12/100 | Batch 4400/4731 | Loss: 0.2567
Epoch 12/100 | Batch 4600/4731 | Loss: 0.3208
====> Epoch 12 Average Loss: 0.2921 | LR: 0.000200
Epoch 13/100 | Batch 0/4731 | Loss: 0.2701
Epoch 13/100 | Batch 200/4731 | Loss: 0.3024
Epoch 13/100 | Batch 400/4731 | Loss: 0.3003
Epoch 13/100 | Batch 600/4731 | Loss: 0.2911
Epoch 13/100 | Batch 800/4731 | Loss: 0.3121
Epoch 13/100 | Batch 1000/4731 | Loss: 0.2918
Epoch 13/100 | Batch 1200/4731 | Loss: 0.1980
Epoch 13/100 | Batch 1400/4731 | Loss: 0.2632
Epoch 13/100 | Batch 1600/4731 | Loss: 0.3334
Epoch 13/100 | Batch 1800/4731 | Loss: 0.3374
Epoch 13/100 | Batch 2000/4731 | Loss: 0.2989
Epoch 13/100 | Batch 2200/4731 | Loss: 0.2703
Epoch 13/100 | Batch 2400/4731 | Loss: 0.2726
Epoch 13/100 | Batch 2600/4731 | Loss: 0.3118
Epoch 13/100 | Batch 2800/4731 | Loss: 0.2721
Epoch 13/100 | Batch 3000/4731 | Loss: 0.2759
Epoch 13/100 | Batch 3200/4731 | Loss: 0.2887
Epoch 13/100 | Batch 3400/4731 | Loss: 0.3185
Epoch 13/100 | Batch 3600/4731 | Loss: 0.2911
Epoch 13/100 | Batch 3800/4731 | Loss: 0.2887
Epoch 13/100 | Batch 4000/4731 | Loss: 0.2908
Epoch 13/100 | Batch 4200/4731 | Loss: 0.3196
Epoch 13/100 | Batch 4400/4731 | Loss: 0.2472
Epoch 13/100 | Batch 4600/4731 | Loss: 0.3131
====> Epoch 13 Average Loss: 0.2898 | LR: 0.000200
Epoch 14/100 | Batch 0/4731 | Loss: 0.2430
Epoch 14/100 | Batch 200/4731 | Loss: 0.3054
Epoch 14/100 | Batch 400/4731 | Loss: 0.2361
Epoch 14/100 | Batch 600/4731 | Loss: 0.2396
Epoch 14/100 | Batch 800/4731 | Loss: 0.3193
Epoch 14/100 | Batch 1000/4731 | Loss: 0.3506
Epoch 14/100 | Batch 1200/4731 | Loss: 0.3090
Epoch 14/100 | Batch 1400/4731 | Loss: 0.3465
Epoch 14/100 | Batch 1600/4731 | Loss: 0.3519
Epoch 14/100 | Batch 1800/4731 | Loss: 0.3436
Epoch 14/100 | Batch 2000/4731 | Loss: 0.2393
Epoch 14/100 | Batch 2200/4731 | Loss: 0.3282
Epoch 14/100 | Batch 2400/4731 | Loss: 0.2783
Epoch 14/100 | Batch 2600/4731 | Loss: 0.2783
Epoch 14/100 | Batch 2800/4731 | Loss: 0.2712
Epoch 14/100 | Batch 3000/4731 | Loss: 0.3419
Epoch 14/100 | Batch 3200/4731 | Loss: 0.2650
Epoch 14/100 | Batch 3400/4731 | Loss: 0.3268
Epoch 14/100 | Batch 3600/4731 | Loss: 0.2654
Epoch 14/100 | Batch 3800/4731 | Loss: 0.2861
Epoch 14/100 | Batch 4000/4731 | Loss: 0.2860
Epoch 14/100 | Batch 4200/4731 | Loss: 0.2823
Epoch 14/100 | Batch 4400/4731 | Loss: 0.3699
Epoch 14/100 | Batch 4600/4731 | Loss: 0.3121
====> Epoch 14 Average Loss: 0.2866 | LR: 0.000200
Epoch 15/100 | Batch 0/4731 | Loss: 0.3283
Epoch 15/100 | Batch 200/4731 | Loss: 0.3564
Epoch 15/100 | Batch 400/4731 | Loss: 0.2915
Epoch 15/100 | Batch 600/4731 | Loss: 0.2621
Epoch 15/100 | Batch 800/4731 | Loss: 0.3440
Epoch 15/100 | Batch 1000/4731 | Loss: 0.2266
Epoch 15/100 | Batch 1200/4731 | Loss: 0.2903
Epoch 15/100 | Batch 1400/4731 | Loss: 0.2959
Epoch 15/100 | Batch 1600/4731 | Loss: 0.2589
Epoch 15/100 | Batch 1800/4731 | Loss: 0.2974
Epoch 15/100 | Batch 2000/4731 | Loss: 0.2836
Epoch 15/100 | Batch 2200/4731 | Loss: 0.3065
Epoch 15/100 | Batch 2400/4731 | Loss: 0.2876
Epoch 15/100 | Batch 2600/4731 | Loss: 0.3242
Epoch 15/100 | Batch 2800/4731 | Loss: 0.2039
Epoch 15/100 | Batch 3000/4731 | Loss: 0.2843
Epoch 15/100 | Batch 3200/4731 | Loss: 0.2657
Epoch 15/100 | Batch 3400/4731 | Loss: 0.2451
Epoch 15/100 | Batch 3600/4731 | Loss: 0.3391
Epoch 15/100 | Batch 3800/4731 | Loss: 0.3344
Epoch 15/100 | Batch 4000/4731 | Loss: 0.3052
Epoch 15/100 | Batch 4200/4731 | Loss: 0.2376
Epoch 15/100 | Batch 4400/4731 | Loss: 0.3157
Epoch 15/100 | Batch 4600/4731 | Loss: 0.3161
====> Epoch 15 Average Loss: 0.2841 | LR: 0.000200
Epoch 16/100 | Batch 0/4731 | Loss: 0.2479
Epoch 16/100 | Batch 200/4731 | Loss: 0.3066
Epoch 16/100 | Batch 400/4731 | Loss: 0.2489
Epoch 16/100 | Batch 600/4731 | Loss: 0.2543
Epoch 16/100 | Batch 800/4731 | Loss: 0.2529
Epoch 16/100 | Batch 1000/4731 | Loss: 0.2586
Epoch 16/100 | Batch 1200/4731 | Loss: 0.3086
Epoch 16/100 | Batch 1400/4731 | Loss: 0.2778
Epoch 16/100 | Batch 1600/4731 | Loss: 0.3355
Epoch 16/100 | Batch 1800/4731 | Loss: 0.3181
Epoch 16/100 | Batch 2000/4731 | Loss: 0.2729
Epoch 16/100 | Batch 2200/4731 | Loss: 0.2738
Epoch 16/100 | Batch 2400/4731 | Loss: 0.2981
Epoch 16/100 | Batch 2600/4731 | Loss: 0.2450
Epoch 16/100 | Batch 2800/4731 | Loss: 0.2799
Epoch 16/100 | Batch 3000/4731 | Loss: 0.2505
Epoch 16/100 | Batch 3200/4731 | Loss: 0.2957
Epoch 16/100 | Batch 3400/4731 | Loss: 0.2807
Epoch 16/100 | Batch 3600/4731 | Loss: 0.2779
Epoch 16/100 | Batch 3800/4731 | Loss: 0.3062
Epoch 16/100 | Batch 4000/4731 | Loss: 0.2383
Epoch 16/100 | Batch 4200/4731 | Loss: 0.2894
Epoch 16/100 | Batch 4400/4731 | Loss: 0.2997
Epoch 16/100 | Batch 4600/4731 | Loss: 0.2360
====> Epoch 16 Average Loss: 0.2819 | LR: 0.000200
Epoch 17/100 | Batch 0/4731 | Loss: 0.3164
Epoch 17/100 | Batch 200/4731 | Loss: 0.2486
Epoch 17/100 | Batch 400/4731 | Loss: 0.2409
Epoch 17/100 | Batch 600/4731 | Loss: 0.2548
Epoch 17/100 | Batch 800/4731 | Loss: 0.2424
Epoch 17/100 | Batch 1000/4731 | Loss: 0.2775
Epoch 17/100 | Batch 1200/4731 | Loss: 0.3011
Epoch 17/100 | Batch 1400/4731 | Loss: 0.2374
Epoch 17/100 | Batch 1600/4731 | Loss: 0.2318
Epoch 17/100 | Batch 1800/4731 | Loss: 0.2961
Epoch 17/100 | Batch 2000/4731 | Loss: 0.2572
Epoch 17/100 | Batch 2200/4731 | Loss: 0.2608
Epoch 17/100 | Batch 2400/4731 | Loss: 0.2732
Epoch 17/100 | Batch 2600/4731 | Loss: 0.3183
Epoch 17/100 | Batch 2800/4731 | Loss: 0.2966
Epoch 17/100 | Batch 3000/4731 | Loss: 0.2571
Epoch 17/100 | Batch 3200/4731 | Loss: 0.3203
Epoch 17/100 | Batch 3400/4731 | Loss: 0.2876
Epoch 17/100 | Batch 3600/4731 | Loss: 0.2559
Epoch 17/100 | Batch 3800/4731 | Loss: 0.2332
Epoch 17/100 | Batch 4000/4731 | Loss: 0.2653
Epoch 17/100 | Batch 4200/4731 | Loss: 0.2609
Epoch 17/100 | Batch 4400/4731 | Loss: 0.2696
Epoch 17/100 | Batch 4600/4731 | Loss: 0.3230
====> Epoch 17 Average Loss: 0.2792 | LR: 0.000200
Epoch 18/100 | Batch 0/4731 | Loss: 0.3136
Epoch 18/100 | Batch 200/4731 | Loss: 0.2290
Epoch 18/100 | Batch 400/4731 | Loss: 0.2749
Epoch 18/100 | Batch 600/4731 | Loss: 0.2789
Epoch 18/100 | Batch 800/4731 | Loss: 0.2299
Epoch 18/100 | Batch 1000/4731 | Loss: 0.3000
Epoch 18/100 | Batch 1200/4731 | Loss: 0.2378
Epoch 18/100 | Batch 1400/4731 | Loss: 0.2632
Epoch 18/100 | Batch 1600/4731 | Loss: 0.3068
Epoch 18/100 | Batch 1800/4731 | Loss: 0.2729
Epoch 18/100 | Batch 2000/4731 | Loss: 0.3233
Epoch 18/100 | Batch 2200/4731 | Loss: 0.3307
Epoch 18/100 | Batch 2400/4731 | Loss: 0.3174
Epoch 18/100 | Batch 2600/4731 | Loss: 0.3026
Epoch 18/100 | Batch 2800/4731 | Loss: 0.2680
Epoch 18/100 | Batch 3000/4731 | Loss: 0.2085
Epoch 18/100 | Batch 3200/4731 | Loss: 0.3093
Epoch 18/100 | Batch 3400/4731 | Loss: 0.2607
Epoch 18/100 | Batch 3600/4731 | Loss: 0.3051
Epoch 18/100 | Batch 3800/4731 | Loss: 0.3334
Epoch 18/100 | Batch 4000/4731 | Loss: 0.2635
Epoch 18/100 | Batch 4200/4731 | Loss: 0.3064
Epoch 18/100 | Batch 4400/4731 | Loss: 0.2931
Epoch 18/100 | Batch 4600/4731 | Loss: 0.3047
====> Epoch 18 Average Loss: 0.2775 | LR: 0.000200
Epoch 19/100 | Batch 0/4731 | Loss: 0.2895
Epoch 19/100 | Batch 200/4731 | Loss: 0.2800
Epoch 19/100 | Batch 400/4731 | Loss: 0.3122
Epoch 19/100 | Batch 600/4731 | Loss: 0.2575
Epoch 19/100 | Batch 800/4731 | Loss: 0.2193
Epoch 19/100 | Batch 1000/4731 | Loss: 0.2872
Epoch 19/100 | Batch 1200/4731 | Loss: 0.4173
Epoch 19/100 | Batch 1400/4731 | Loss: 0.2714
Epoch 19/100 | Batch 1600/4731 | Loss: 0.2926
Epoch 19/100 | Batch 1800/4731 | Loss: 0.3299
Epoch 19/100 | Batch 2000/4731 | Loss: 0.2512
Epoch 19/100 | Batch 2200/4731 | Loss: 0.2697
Epoch 19/100 | Batch 2400/4731 | Loss: 0.2798
Epoch 19/100 | Batch 2600/4731 | Loss: 0.2431
Epoch 19/100 | Batch 2800/4731 | Loss: 0.2935
Epoch 19/100 | Batch 3000/4731 | Loss: 0.3156
Epoch 19/100 | Batch 3200/4731 | Loss: 0.3043
Epoch 19/100 | Batch 3400/4731 | Loss: 0.2720
Epoch 19/100 | Batch 3600/4731 | Loss: 0.2332
Epoch 19/100 | Batch 3800/4731 | Loss: 0.2382
Epoch 19/100 | Batch 4000/4731 | Loss: 0.2427
Epoch 19/100 | Batch 4200/4731 | Loss: 0.2544
Epoch 19/100 | Batch 4400/4731 | Loss: 0.2587
Epoch 19/100 | Batch 4600/4731 | Loss: 0.2869
====> Epoch 19 Average Loss: 0.2754 | LR: 0.000200
Epoch 20/100 | Batch 0/4731 | Loss: 0.3277
Epoch 20/100 | Batch 200/4731 | Loss: 0.3394
Epoch 20/100 | Batch 400/4731 | Loss: 0.2948
Epoch 20/100 | Batch 600/4731 | Loss: 0.2752
Epoch 20/100 | Batch 800/4731 | Loss: 0.2875
Epoch 20/100 | Batch 1000/4731 | Loss: 0.2917
Epoch 20/100 | Batch 1200/4731 | Loss: 0.2244
Epoch 20/100 | Batch 1400/4731 | Loss: 0.2770
Epoch 20/100 | Batch 1600/4731 | Loss: 0.2945
Epoch 20/100 | Batch 1800/4731 | Loss: 0.3026
Epoch 20/100 | Batch 2000/4731 | Loss: 0.2989
Epoch 20/100 | Batch 2200/4731 | Loss: 0.2395
Epoch 20/100 | Batch 2400/4731 | Loss: 0.3140
Epoch 20/100 | Batch 2600/4731 | Loss: 0.3401
Epoch 20/100 | Batch 2800/4731 | Loss: 0.2137
Epoch 20/100 | Batch 3000/4731 | Loss: 0.2725
Epoch 20/100 | Batch 3200/4731 | Loss: 0.2640
Epoch 20/100 | Batch 3400/4731 | Loss: 0.2296
Epoch 20/100 | Batch 3600/4731 | Loss: 0.2865
Epoch 20/100 | Batch 3800/4731 | Loss: 0.2645
Epoch 20/100 | Batch 4000/4731 | Loss: 0.2462
Epoch 20/100 | Batch 4200/4731 | Loss: 0.2866
Epoch 20/100 | Batch 4400/4731 | Loss: 0.2412
Epoch 20/100 | Batch 4600/4731 | Loss: 0.2590
====> Epoch 20 Average Loss: 0.2732 | LR: 0.000200
Epoch 21/100 | Batch 0/4731 | Loss: 0.2727
Epoch 21/100 | Batch 200/4731 | Loss: 0.2792
Epoch 21/100 | Batch 400/4731 | Loss: 0.2302
Epoch 21/100 | Batch 600/4731 | Loss: 0.2421
Epoch 21/100 | Batch 800/4731 | Loss: 0.2922
Epoch 21/100 | Batch 1000/4731 | Loss: 0.2360
Epoch 21/100 | Batch 1200/4731 | Loss: 0.3370
Epoch 21/100 | Batch 1400/4731 | Loss: 0.2986
Epoch 21/100 | Batch 1600/4731 | Loss: 0.2121
Epoch 21/100 | Batch 1800/4731 | Loss: 0.2523
Epoch 21/100 | Batch 2000/4731 | Loss: 0.2507
Epoch 21/100 | Batch 2200/4731 | Loss: 0.2578
Epoch 21/100 | Batch 2400/4731 | Loss: 0.2797
Epoch 21/100 | Batch 2600/4731 | Loss: 0.2526
Epoch 21/100 | Batch 2800/4731 | Loss: 0.2884
Epoch 21/100 | Batch 3000/4731 | Loss: 0.2872
Epoch 21/100 | Batch 3200/4731 | Loss: 0.2850
Epoch 21/100 | Batch 3400/4731 | Loss: 0.2713
Epoch 21/100 | Batch 3600/4731 | Loss: 0.3359
Epoch 21/100 | Batch 3800/4731 | Loss: 0.3143
Epoch 21/100 | Batch 4000/4731 | Loss: 0.3282
Epoch 21/100 | Batch 4200/4731 | Loss: 0.2505
Epoch 21/100 | Batch 4400/4731 | Loss: 0.2316
Epoch 21/100 | Batch 4600/4731 | Loss: 0.2985
====> Epoch 21 Average Loss: 0.2711 | LR: 0.000200
Epoch 22/100 | Batch 0/4731 | Loss: 0.3181
Epoch 22/100 | Batch 200/4731 | Loss: 0.2718
Epoch 22/100 | Batch 400/4731 | Loss: 0.2836
Epoch 22/100 | Batch 600/4731 | Loss: 0.2376
Epoch 22/100 | Batch 800/4731 | Loss: 0.2380
Epoch 22/100 | Batch 1000/4731 | Loss: 0.2909
Epoch 22/100 | Batch 1200/4731 | Loss: 0.2333
Epoch 22/100 | Batch 1400/4731 | Loss: 0.2365
Epoch 22/100 | Batch 1600/4731 | Loss: 0.2378
Epoch 22/100 | Batch 1800/4731 | Loss: 0.2149
Epoch 22/100 | Batch 2000/4731 | Loss: 0.2602
Epoch 22/100 | Batch 2200/4731 | Loss: 0.2592
Epoch 22/100 | Batch 2400/4731 | Loss: 0.2659
Epoch 22/100 | Batch 2600/4731 | Loss: 0.1952
Epoch 22/100 | Batch 2800/4731 | Loss: 0.2694
Epoch 22/100 | Batch 3000/4731 | Loss: 0.2191
Epoch 22/100 | Batch 3200/4731 | Loss: 0.3169
Epoch 22/100 | Batch 3400/4731 | Loss: 0.2448
Epoch 22/100 | Batch 3600/4731 | Loss: 0.2819
Epoch 22/100 | Batch 3800/4731 | Loss: 0.2883
Epoch 22/100 | Batch 4000/4731 | Loss: 0.2423
Epoch 22/100 | Batch 4200/4731 | Loss: 0.2698
Epoch 22/100 | Batch 4400/4731 | Loss: 0.2053
Epoch 22/100 | Batch 4600/4731 | Loss: 0.2174
====> Epoch 22 Average Loss: 0.2690 | LR: 0.000200
Epoch 23/100 | Batch 0/4731 | Loss: 0.3029
Epoch 23/100 | Batch 200/4731 | Loss: 0.2542
Epoch 23/100 | Batch 400/4731 | Loss: 0.2603
Epoch 23/100 | Batch 600/4731 | Loss: 0.3022
Epoch 23/100 | Batch 800/4731 | Loss: 0.2327
Epoch 23/100 | Batch 1000/4731 | Loss: 0.2629
Epoch 23/100 | Batch 1200/4731 | Loss: 0.3046
Epoch 23/100 | Batch 1400/4731 | Loss: 0.2233
Epoch 23/100 | Batch 1600/4731 | Loss: 0.3247
Epoch 23/100 | Batch 1800/4731 | Loss: 0.2187
Epoch 23/100 | Batch 2000/4731 | Loss: 0.2795
Epoch 23/100 | Batch 2200/4731 | Loss: 0.2530
Epoch 23/100 | Batch 2400/4731 | Loss: 0.2443
Epoch 23/100 | Batch 2600/4731 | Loss: 0.2394
Epoch 23/100 | Batch 2800/4731 | Loss: 0.2258
Epoch 23/100 | Batch 3000/4731 | Loss: 0.3181
Epoch 23/100 | Batch 3200/4731 | Loss: 0.2798
Epoch 23/100 | Batch 3400/4731 | Loss: 0.2764
Epoch 23/100 | Batch 3600/4731 | Loss: 0.2964
Epoch 23/100 | Batch 3800/4731 | Loss: 0.2445
Epoch 23/100 | Batch 4000/4731 | Loss: 0.2855
Epoch 23/100 | Batch 4200/4731 | Loss: 0.2719
Epoch 23/100 | Batch 4400/4731 | Loss: 0.2375
Epoch 23/100 | Batch 4600/4731 | Loss: 0.2067
====> Epoch 23 Average Loss: 0.2675 | LR: 0.000200
Epoch 24/100 | Batch 0/4731 | Loss: 0.2319
Epoch 24/100 | Batch 200/4731 | Loss: 0.2813
Epoch 24/100 | Batch 400/4731 | Loss: 0.2282
Epoch 24/100 | Batch 600/4731 | Loss: 0.2759
Epoch 24/100 | Batch 800/4731 | Loss: 0.2847
Epoch 24/100 | Batch 1000/4731 | Loss: 0.2966
Epoch 24/100 | Batch 1200/4731 | Loss: 0.3056
Epoch 24/100 | Batch 1400/4731 | Loss: 0.2947
Epoch 24/100 | Batch 1600/4731 | Loss: 0.3158
Epoch 24/100 | Batch 1800/4731 | Loss: 0.2839
Epoch 24/100 | Batch 2000/4731 | Loss: 0.3018
Epoch 24/100 | Batch 2200/4731 | Loss: 0.2282
Epoch 24/100 | Batch 2400/4731 | Loss: 0.2974
Epoch 24/100 | Batch 2600/4731 | Loss: 0.2749
Epoch 24/100 | Batch 2800/4731 | Loss: 0.2412
Epoch 24/100 | Batch 3000/4731 | Loss: 0.2243
Epoch 24/100 | Batch 3200/4731 | Loss: 0.2315
Epoch 24/100 | Batch 3400/4731 | Loss: 0.2584
Epoch 24/100 | Batch 3600/4731 | Loss: 0.1977
Epoch 24/100 | Batch 3800/4731 | Loss: 0.2718
Epoch 24/100 | Batch 4000/4731 | Loss: 0.2385
Epoch 24/100 | Batch 4200/4731 | Loss: 0.3031
Epoch 24/100 | Batch 4400/4731 | Loss: 0.2808
Epoch 24/100 | Batch 4600/4731 | Loss: 0.2840
====> Epoch 24 Average Loss: 0.2656 | LR: 0.000200
Epoch 25/100 | Batch 0/4731 | Loss: 0.2909
Epoch 25/100 | Batch 200/4731 | Loss: 0.2176
Epoch 25/100 | Batch 400/4731 | Loss: 0.2272
Epoch 25/100 | Batch 600/4731 | Loss: 0.2660
Epoch 25/100 | Batch 800/4731 | Loss: 0.2144
Epoch 25/100 | Batch 1000/4731 | Loss: 0.3341
Epoch 25/100 | Batch 1200/4731 | Loss: 0.2850
Epoch 25/100 | Batch 1400/4731 | Loss: 0.2286
Epoch 25/100 | Batch 1600/4731 | Loss: 0.3110
Epoch 25/100 | Batch 1800/4731 | Loss: 0.2255
Epoch 25/100 | Batch 2000/4731 | Loss: 0.2726
Epoch 25/100 | Batch 2200/4731 | Loss: 0.3015
Epoch 25/100 | Batch 2400/4731 | Loss: 0.2473
Epoch 25/100 | Batch 2600/4731 | Loss: 0.2270
Epoch 25/100 | Batch 2800/4731 | Loss: 0.2421
Epoch 25/100 | Batch 3000/4731 | Loss: 0.3102
Epoch 25/100 | Batch 3200/4731 | Loss: 0.2856
Epoch 25/100 | Batch 3400/4731 | Loss: 0.2268
Epoch 25/100 | Batch 3600/4731 | Loss: 0.2259
Epoch 25/100 | Batch 3800/4731 | Loss: 0.3202
Epoch 25/100 | Batch 4000/4731 | Loss: 0.3368
Epoch 25/100 | Batch 4200/4731 | Loss: 0.2996
Epoch 25/100 | Batch 4400/4731 | Loss: 0.2419
Epoch 25/100 | Batch 4600/4731 | Loss: 0.2791
====> Epoch 25 Average Loss: 0.2638 | LR: 0.000200
Epoch 26/100 | Batch 0/4731 | Loss: 0.2519
Epoch 26/100 | Batch 200/4731 | Loss: 0.3001
Epoch 26/100 | Batch 400/4731 | Loss: 0.2368
Epoch 26/100 | Batch 600/4731 | Loss: 0.2630
Epoch 26/100 | Batch 800/4731 | Loss: 0.2621
Epoch 26/100 | Batch 1000/4731 | Loss: 0.2571
Epoch 26/100 | Batch 1200/4731 | Loss: 0.2897
Epoch 26/100 | Batch 1400/4731 | Loss: 0.2753
Epoch 26/100 | Batch 1600/4731 | Loss: 0.2907
Epoch 26/100 | Batch 1800/4731 | Loss: 0.2680
Epoch 26/100 | Batch 2000/4731 | Loss: 0.2986
Epoch 26/100 | Batch 2200/4731 | Loss: 0.2714
Epoch 26/100 | Batch 2400/4731 | Loss: 0.2626
Epoch 26/100 | Batch 2600/4731 | Loss: 0.1888
Epoch 26/100 | Batch 2800/4731 | Loss: 0.2801
Epoch 26/100 | Batch 3000/4731 | Loss: 0.2580
Epoch 26/100 | Batch 3200/4731 | Loss: 0.2710
Epoch 26/100 | Batch 3400/4731 | Loss: 0.3103
Epoch 26/100 | Batch 3600/4731 | Loss: 0.3134
Epoch 26/100 | Batch 3800/4731 | Loss: 0.2752
Epoch 26/100 | Batch 4000/4731 | Loss: 0.3055
Epoch 26/100 | Batch 4200/4731 | Loss: 0.3250
Epoch 26/100 | Batch 4400/4731 | Loss: 0.2928
Epoch 26/100 | Batch 4600/4731 | Loss: 0.2058
====> Epoch 26 Average Loss: 0.2620 | LR: 0.000200
Epoch 27/100 | Batch 0/4731 | Loss: 0.3429
Epoch 27/100 | Batch 200/4731 | Loss: 0.2683
Epoch 27/100 | Batch 400/4731 | Loss: 0.2554
Epoch 27/100 | Batch 600/4731 | Loss: 0.2460
Epoch 27/100 | Batch 800/4731 | Loss: 0.2795
Epoch 27/100 | Batch 1000/4731 | Loss: 0.2694
Epoch 27/100 | Batch 1200/4731 | Loss: 0.2462
Epoch 27/100 | Batch 1400/4731 | Loss: 0.2735
Epoch 27/100 | Batch 1600/4731 | Loss: 0.2362
Epoch 27/100 | Batch 1800/4731 | Loss: 0.2530
Epoch 27/100 | Batch 2000/4731 | Loss: 0.2288
Epoch 27/100 | Batch 2200/4731 | Loss: 0.2512
Epoch 27/100 | Batch 2400/4731 | Loss: 0.2807
Epoch 27/100 | Batch 2600/4731 | Loss: 0.2424
Epoch 27/100 | Batch 2800/4731 | Loss: 0.2633
Epoch 27/100 | Batch 3000/4731 | Loss: 0.2156
Epoch 27/100 | Batch 3200/4731 | Loss: 0.2948
Epoch 27/100 | Batch 3400/4731 | Loss: 0.2540
Epoch 27/100 | Batch 3600/4731 | Loss: 0.3130
Epoch 27/100 | Batch 3800/4731 | Loss: 0.2449
Epoch 27/100 | Batch 4000/4731 | Loss: 0.2555
Epoch 27/100 | Batch 4200/4731 | Loss: 0.2531
Epoch 27/100 | Batch 4400/4731 | Loss: 0.2547
Epoch 27/100 | Batch 4600/4731 | Loss: 0.2178
====> Epoch 27 Average Loss: 0.2604 | LR: 0.000200
Epoch 28/100 | Batch 0/4731 | Loss: 0.3523
Epoch 28/100 | Batch 200/4731 | Loss: 0.2159
Epoch 28/100 | Batch 400/4731 | Loss: 0.2296
Epoch 28/100 | Batch 600/4731 | Loss: 0.2159
Epoch 28/100 | Batch 800/4731 | Loss: 0.2467
Epoch 28/100 | Batch 1000/4731 | Loss: 0.2614
Epoch 28/100 | Batch 1200/4731 | Loss: 0.2065
Epoch 28/100 | Batch 1400/4731 | Loss: 0.2630
Epoch 28/100 | Batch 1600/4731 | Loss: 0.2882
Epoch 28/100 | Batch 1800/4731 | Loss: 0.2512
Epoch 28/100 | Batch 2000/4731 | Loss: 0.2409
Epoch 28/100 | Batch 2200/4731 | Loss: 0.2454
Epoch 28/100 | Batch 2400/4731 | Loss: 0.2590
Epoch 28/100 | Batch 2600/4731 | Loss: 0.2969
Epoch 28/100 | Batch 2800/4731 | Loss: 0.2567
Epoch 28/100 | Batch 3000/4731 | Loss: 0.2476
Epoch 28/100 | Batch 3200/4731 | Loss: 0.1753
Epoch 28/100 | Batch 3400/4731 | Loss: 0.2610
Epoch 28/100 | Batch 3600/4731 | Loss: 0.2145
Epoch 28/100 | Batch 3800/4731 | Loss: 0.2784
Epoch 28/100 | Batch 4000/4731 | Loss: 0.2588
Epoch 28/100 | Batch 4200/4731 | Loss: 0.2994
Epoch 28/100 | Batch 4400/4731 | Loss: 0.2368
Epoch 28/100 | Batch 4600/4731 | Loss: 0.2816
====> Epoch 28 Average Loss: 0.2585 | LR: 0.000200
Epoch 29/100 | Batch 0/4731 | Loss: 0.2426
Epoch 29/100 | Batch 200/4731 | Loss: 0.2158
Epoch 29/100 | Batch 400/4731 | Loss: 0.2061
Epoch 29/100 | Batch 600/4731 | Loss: 0.2474
Epoch 29/100 | Batch 800/4731 | Loss: 0.2779
Epoch 29/100 | Batch 1000/4731 | Loss: 0.3036
Epoch 29/100 | Batch 1200/4731 | Loss: 0.2557
Epoch 29/100 | Batch 1400/4731 | Loss: 0.2474
Epoch 29/100 | Batch 1600/4731 | Loss: 0.2556
Epoch 29/100 | Batch 1800/4731 | Loss: 0.2625
Epoch 29/100 | Batch 2000/4731 | Loss: 0.2232
Epoch 29/100 | Batch 2200/4731 | Loss: 0.2897
Epoch 29/100 | Batch 2400/4731 | Loss: 0.2945
Epoch 29/100 | Batch 2600/4731 | Loss: 0.2815
Epoch 29/100 | Batch 2800/4731 | Loss: 0.2947
Epoch 29/100 | Batch 3000/4731 | Loss: 0.2419
Epoch 29/100 | Batch 3200/4731 | Loss: 0.2538
Epoch 29/100 | Batch 3400/4731 | Loss: 0.2887
Epoch 29/100 | Batch 3600/4731 | Loss: 0.2088
Epoch 29/100 | Batch 3800/4731 | Loss: 0.2989
Epoch 29/100 | Batch 4000/4731 | Loss: 0.2704
Epoch 29/100 | Batch 4200/4731 | Loss: 0.1872
Epoch 29/100 | Batch 4400/4731 | Loss: 0.2901
Epoch 29/100 | Batch 4600/4731 | Loss: 0.2751
====> Epoch 29 Average Loss: 0.2570 | LR: 0.000200
Epoch 30/100 | Batch 0/4731 | Loss: 0.2385
Epoch 30/100 | Batch 200/4731 | Loss: 0.2337
Epoch 30/100 | Batch 400/4731 | Loss: 0.2634
Epoch 30/100 | Batch 600/4731 | Loss: 0.2390
Epoch 30/100 | Batch 800/4731 | Loss: 0.2828
Epoch 30/100 | Batch 1000/4731 | Loss: 0.3062
Epoch 30/100 | Batch 1200/4731 | Loss: 0.2789
Epoch 30/100 | Batch 1400/4731 | Loss: 0.2591
Epoch 30/100 | Batch 1600/4731 | Loss: 0.3389
Epoch 30/100 | Batch 1800/4731 | Loss: 0.2387
Epoch 30/100 | Batch 2000/4731 | Loss: 0.2121
Epoch 30/100 | Batch 2200/4731 | Loss: 0.2437
Epoch 30/100 | Batch 2400/4731 | Loss: 0.2699
Epoch 30/100 | Batch 2600/4731 | Loss: 0.3000
Epoch 30/100 | Batch 2800/4731 | Loss: 0.2422
Epoch 30/100 | Batch 3000/4731 | Loss: 0.2471
Epoch 30/100 | Batch 3200/4731 | Loss: 0.2340
Epoch 30/100 | Batch 3400/4731 | Loss: 0.2709
Epoch 30/100 | Batch 3600/4731 | Loss: 0.2510
Epoch 30/100 | Batch 3800/4731 | Loss: 0.2503
Epoch 30/100 | Batch 4000/4731 | Loss: 0.2394
Epoch 30/100 | Batch 4200/4731 | Loss: 0.2470
Epoch 30/100 | Batch 4400/4731 | Loss: 0.2392
Epoch 30/100 | Batch 4600/4731 | Loss: 0.2371
====> Epoch 30 Average Loss: 0.2551 | LR: 0.000200
Epoch 31/100 | Batch 0/4731 | Loss: 0.2254
Epoch 31/100 | Batch 200/4731 | Loss: 0.2561
Epoch 31/100 | Batch 400/4731 | Loss: 0.2262
Epoch 31/100 | Batch 600/4731 | Loss: 0.2054
Epoch 31/100 | Batch 800/4731 | Loss: 0.1992
Epoch 31/100 | Batch 1000/4731 | Loss: 0.2852
Epoch 31/100 | Batch 1200/4731 | Loss: 0.2444
Epoch 31/100 | Batch 1400/4731 | Loss: 0.2203
Epoch 31/100 | Batch 1600/4731 | Loss: 0.2420
Epoch 31/100 | Batch 1800/4731 | Loss: 0.2765
Epoch 31/100 | Batch 2000/4731 | Loss: 0.2311
Epoch 31/100 | Batch 2200/4731 | Loss: 0.2616
Epoch 31/100 | Batch 2400/4731 | Loss: 0.2333
Epoch 31/100 | Batch 2600/4731 | Loss: 0.2367
Epoch 31/100 | Batch 2800/4731 | Loss: 0.2583
Epoch 31/100 | Batch 3000/4731 | Loss: 0.2517
Epoch 31/100 | Batch 3200/4731 | Loss: 0.1992
Epoch 31/100 | Batch 3400/4731 | Loss: 0.2691
Epoch 31/100 | Batch 3600/4731 | Loss: 0.2260
Epoch 31/100 | Batch 3800/4731 | Loss: 0.2777
Epoch 31/100 | Batch 4000/4731 | Loss: 0.2563
Epoch 31/100 | Batch 4200/4731 | Loss: 0.2605
Epoch 31/100 | Batch 4400/4731 | Loss: 0.2543
Epoch 31/100 | Batch 4600/4731 | Loss: 0.2995
====> Epoch 31 Average Loss: 0.2536 | LR: 0.000200
Epoch 32/100 | Batch 0/4731 | Loss: 0.2325
Epoch 32/100 | Batch 200/4731 | Loss: 0.2407
Epoch 32/100 | Batch 400/4731 | Loss: 0.2818
Epoch 32/100 | Batch 600/4731 | Loss: 0.2490
Epoch 32/100 | Batch 800/4731 | Loss: 0.2248
Epoch 32/100 | Batch 1000/4731 | Loss: 0.2473
Epoch 32/100 | Batch 1200/4731 | Loss: 0.2305
Epoch 32/100 | Batch 1400/4731 | Loss: 0.2151
Epoch 32/100 | Batch 1600/4731 | Loss: 0.2871
Epoch 32/100 | Batch 1800/4731 | Loss: 0.3085
Epoch 32/100 | Batch 2000/4731 | Loss: 0.2369
Epoch 32/100 | Batch 2200/4731 | Loss: 0.2520
Epoch 32/100 | Batch 2400/4731 | Loss: 0.2458
Epoch 32/100 | Batch 2600/4731 | Loss: 0.2608
Epoch 32/100 | Batch 2800/4731 | Loss: 0.1979
Epoch 32/100 | Batch 3000/4731 | Loss: 0.2192
Epoch 32/100 | Batch 3200/4731 | Loss: 0.3110
Epoch 32/100 | Batch 3400/4731 | Loss: 0.2338
Epoch 32/100 | Batch 3600/4731 | Loss: 0.2424
Epoch 32/100 | Batch 3800/4731 | Loss: 0.2403
Epoch 32/100 | Batch 4000/4731 | Loss: 0.2153
Epoch 32/100 | Batch 4200/4731 | Loss: 0.1912
Epoch 32/100 | Batch 4400/4731 | Loss: 0.2484
Epoch 32/100 | Batch 4600/4731 | Loss: 0.2167
====> Epoch 32 Average Loss: 0.2520 | LR: 0.000200
Epoch 33/100 | Batch 0/4731 | Loss: 0.2194
Epoch 33/100 | Batch 200/4731 | Loss: 0.2468
Epoch 33/100 | Batch 400/4731 | Loss: 0.2676
Epoch 33/100 | Batch 600/4731 | Loss: 0.1938
Epoch 33/100 | Batch 800/4731 | Loss: 0.2106
Epoch 33/100 | Batch 1000/4731 | Loss: 0.2541
Epoch 33/100 | Batch 1200/4731 | Loss: 0.2643
Epoch 33/100 | Batch 1400/4731 | Loss: 0.2248
Epoch 33/100 | Batch 1600/4731 | Loss: 0.2357
Epoch 33/100 | Batch 1800/4731 | Loss: 0.2815
Epoch 33/100 | Batch 2000/4731 | Loss: 0.2796
Epoch 33/100 | Batch 2200/4731 | Loss: 0.2403
Epoch 33/100 | Batch 2400/4731 | Loss: 0.2922
Epoch 33/100 | Batch 2600/4731 | Loss: 0.1941
Epoch 33/100 | Batch 2800/4731 | Loss: 0.2565
Epoch 33/100 | Batch 3000/4731 | Loss: 0.2539
Epoch 33/100 | Batch 3200/4731 | Loss: 0.2399
Epoch 33/100 | Batch 3400/4731 | Loss: 0.2343
Epoch 33/100 | Batch 3600/4731 | Loss: 0.2372
Epoch 33/100 | Batch 3800/4731 | Loss: 0.2663
Epoch 33/100 | Batch 4000/4731 | Loss: 0.2763
Epoch 33/100 | Batch 4200/4731 | Loss: 0.2478
Epoch 33/100 | Batch 4400/4731 | Loss: 0.2648
Epoch 33/100 | Batch 4600/4731 | Loss: 0.2157
====> Epoch 33 Average Loss: 0.2506 | LR: 0.000200
Epoch 34/100 | Batch 0/4731 | Loss: 0.2454
Epoch 34/100 | Batch 200/4731 | Loss: 0.2535
Epoch 34/100 | Batch 400/4731 | Loss: 0.2509
Epoch 34/100 | Batch 600/4731 | Loss: 0.2039
Epoch 34/100 | Batch 800/4731 | Loss: 0.2241
Epoch 34/100 | Batch 1000/4731 | Loss: 0.2579
Epoch 34/100 | Batch 1200/4731 | Loss: 0.2488
Epoch 34/100 | Batch 1400/4731 | Loss: 0.2409
Epoch 34/100 | Batch 1600/4731 | Loss: 0.2194
Epoch 34/100 | Batch 1800/4731 | Loss: 0.2491
Epoch 34/100 | Batch 2000/4731 | Loss: 0.2328
Epoch 34/100 | Batch 2200/4731 | Loss: 0.2563
Epoch 34/100 | Batch 2400/4731 | Loss: 0.2380
Epoch 34/100 | Batch 2600/4731 | Loss: 0.1906
Epoch 34/100 | Batch 2800/4731 | Loss: 0.2365
Epoch 34/100 | Batch 3000/4731 | Loss: 0.2564
Epoch 34/100 | Batch 3200/4731 | Loss: 0.2318
Epoch 34/100 | Batch 3400/4731 | Loss: 0.2418
Epoch 34/100 | Batch 3600/4731 | Loss: 0.2499
Epoch 34/100 | Batch 3800/4731 | Loss: 0.3209
Epoch 34/100 | Batch 4000/4731 | Loss: 0.2798
Epoch 34/100 | Batch 4200/4731 | Loss: 0.2098
Epoch 34/100 | Batch 4400/4731 | Loss: 0.2350
Epoch 34/100 | Batch 4600/4731 | Loss: 0.2965
====> Epoch 34 Average Loss: 0.2490 | LR: 0.000200
Epoch 35/100 | Batch 0/4731 | Loss: 0.2298
Epoch 35/100 | Batch 200/4731 | Loss: 0.2334
Epoch 35/100 | Batch 400/4731 | Loss: 0.2293
Epoch 35/100 | Batch 600/4731 | Loss: 0.2480
Epoch 35/100 | Batch 800/4731 | Loss: 0.2895
Epoch 35/100 | Batch 1000/4731 | Loss: 0.2488
Epoch 35/100 | Batch 1200/4731 | Loss: 0.2353
Epoch 35/100 | Batch 1400/4731 | Loss: 0.2894
Epoch 35/100 | Batch 1600/4731 | Loss: 0.2472
Epoch 35/100 | Batch 1800/4731 | Loss: 0.2450
Epoch 35/100 | Batch 2000/4731 | Loss: 0.2659
Epoch 35/100 | Batch 2200/4731 | Loss: 0.2214
Epoch 35/100 | Batch 2400/4731 | Loss: 0.2393
Epoch 35/100 | Batch 2600/4731 | Loss: 0.2361
Epoch 35/100 | Batch 2800/4731 | Loss: 0.2659
Epoch 35/100 | Batch 3000/4731 | Loss: 0.3153
Epoch 35/100 | Batch 3200/4731 | Loss: 0.2927
Epoch 35/100 | Batch 3400/4731 | Loss: 0.2293
Epoch 35/100 | Batch 3600/4731 | Loss: 0.1926
Epoch 35/100 | Batch 3800/4731 | Loss: 0.2086
Epoch 35/100 | Batch 4000/4731 | Loss: 0.3047
Epoch 35/100 | Batch 4200/4731 | Loss: 0.2755
Epoch 35/100 | Batch 4400/4731 | Loss: 0.2481
Epoch 35/100 | Batch 4600/4731 | Loss: 0.2702
====> Epoch 35 Average Loss: 0.2475 | LR: 0.000200
Epoch 36/100 | Batch 0/4731 | Loss: 0.2710
Epoch 36/100 | Batch 200/4731 | Loss: 0.2362
Epoch 36/100 | Batch 400/4731 | Loss: 0.2488
Epoch 36/100 | Batch 600/4731 | Loss: 0.2360
Epoch 36/100 | Batch 800/4731 | Loss: 0.1823
Epoch 36/100 | Batch 1000/4731 | Loss: 0.2646
Epoch 36/100 | Batch 1200/4731 | Loss: 0.2144
Epoch 36/100 | Batch 1400/4731 | Loss: 0.2528
Epoch 36/100 | Batch 1600/4731 | Loss: 0.2067
Epoch 36/100 | Batch 1800/4731 | Loss: 0.2503
Epoch 36/100 | Batch 2000/4731 | Loss: 0.2736
Epoch 36/100 | Batch 2200/4731 | Loss: 0.2235
Epoch 36/100 | Batch 2400/4731 | Loss: 0.2564
Epoch 36/100 | Batch 2600/4731 | Loss: 0.2540
Epoch 36/100 | Batch 2800/4731 | Loss: 0.2758
Epoch 36/100 | Batch 3000/4731 | Loss: 0.2500
Epoch 36/100 | Batch 3200/4731 | Loss: 0.2250
Epoch 36/100 | Batch 3400/4731 | Loss: 0.2691
Epoch 36/100 | Batch 3600/4731 | Loss: 0.2423
Epoch 36/100 | Batch 3800/4731 | Loss: 0.2972
Epoch 36/100 | Batch 4000/4731 | Loss: 0.2855
Epoch 36/100 | Batch 4200/4731 | Loss: 0.2398
Epoch 36/100 | Batch 4400/4731 | Loss: 0.2099
Epoch 36/100 | Batch 4600/4731 | Loss: 0.2217
====> Epoch 36 Average Loss: 0.2465 | LR: 0.000200
Epoch 37/100 | Batch 0/4731 | Loss: 0.2441
Epoch 37/100 | Batch 200/4731 | Loss: 0.2642
Epoch 37/100 | Batch 400/4731 | Loss: 0.2271
Epoch 37/100 | Batch 600/4731 | Loss: 0.2494
Epoch 37/100 | Batch 800/4731 | Loss: 0.2104
Epoch 37/100 | Batch 1000/4731 | Loss: 0.2243
Epoch 37/100 | Batch 1200/4731 | Loss: 0.2015
Epoch 37/100 | Batch 1400/4731 | Loss: 0.3806
Epoch 37/100 | Batch 1600/4731 | Loss: 0.2418
Epoch 37/100 | Batch 1800/4731 | Loss: 0.2702
Epoch 37/100 | Batch 2000/4731 | Loss: 0.2093
Epoch 37/100 | Batch 2200/4731 | Loss: 0.1988
Epoch 37/100 | Batch 2400/4731 | Loss: 0.2348
Epoch 37/100 | Batch 2600/4731 | Loss: 0.2821
Epoch 37/100 | Batch 2800/4731 | Loss: 0.2373
Epoch 37/100 | Batch 3000/4731 | Loss: 0.1968
Epoch 37/100 | Batch 3200/4731 | Loss: 0.2699
Epoch 37/100 | Batch 3400/4731 | Loss: 0.2732
Epoch 37/100 | Batch 3600/4731 | Loss: 0.2699
Epoch 37/100 | Batch 3800/4731 | Loss: 0.2605
Epoch 37/100 | Batch 4000/4731 | Loss: 0.1946
Epoch 37/100 | Batch 4200/4731 | Loss: 0.2690
Epoch 37/100 | Batch 4400/4731 | Loss: 0.2427
Epoch 37/100 | Batch 4600/4731 | Loss: 0.2364
====> Epoch 37 Average Loss: 0.2446 | LR: 0.000200
Epoch 38/100 | Batch 0/4731 | Loss: 0.2840
Epoch 38/100 | Batch 200/4731 | Loss: 0.2116
Epoch 38/100 | Batch 400/4731 | Loss: 0.2584
Epoch 38/100 | Batch 600/4731 | Loss: 0.2548
Epoch 38/100 | Batch 800/4731 | Loss: 0.2509
Epoch 38/100 | Batch 1000/4731 | Loss: 0.2880
Epoch 38/100 | Batch 1200/4731 | Loss: 0.2387
Epoch 38/100 | Batch 1400/4731 | Loss: 0.2405
Epoch 38/100 | Batch 1600/4731 | Loss: 0.2356
Epoch 38/100 | Batch 1800/4731 | Loss: 0.2633
Epoch 38/100 | Batch 2000/4731 | Loss: 0.2210
Epoch 38/100 | Batch 2200/4731 | Loss: 0.2732
Epoch 38/100 | Batch 2400/4731 | Loss: 0.2135
Epoch 38/100 | Batch 2600/4731 | Loss: 0.2426
Epoch 38/100 | Batch 2800/4731 | Loss: 0.1904
Epoch 38/100 | Batch 3000/4731 | Loss: 0.1900
Epoch 38/100 | Batch 3200/4731 | Loss: 0.2247
Epoch 38/100 | Batch 3400/4731 | Loss: 0.3007
Epoch 38/100 | Batch 3600/4731 | Loss: 0.2910
Epoch 38/100 | Batch 3800/4731 | Loss: 0.2872
Epoch 38/100 | Batch 4000/4731 | Loss: 0.2902
Epoch 38/100 | Batch 4200/4731 | Loss: 0.2012
Epoch 38/100 | Batch 4400/4731 | Loss: 0.1797
Epoch 38/100 | Batch 4600/4731 | Loss: 0.2713
====> Epoch 38 Average Loss: 0.2428 | LR: 0.000200
Epoch 39/100 | Batch 0/4731 | Loss: 0.2177
Epoch 39/100 | Batch 200/4731 | Loss: 0.2154
Epoch 39/100 | Batch 400/4731 | Loss: 0.2398
Epoch 39/100 | Batch 600/4731 | Loss: 0.3023
Epoch 39/100 | Batch 800/4731 | Loss: 0.2246
Epoch 39/100 | Batch 1000/4731 | Loss: 0.2218
Epoch 39/100 | Batch 1200/4731 | Loss: 0.2376
Epoch 39/100 | Batch 1400/4731 | Loss: 0.2374
Epoch 39/100 | Batch 1600/4731 | Loss: 0.2339
Epoch 39/100 | Batch 1800/4731 | Loss: 0.2932
Epoch 39/100 | Batch 2000/4731 | Loss: 0.2357
Epoch 39/100 | Batch 2200/4731 | Loss: 0.2274
Epoch 39/100 | Batch 2400/4731 | Loss: 0.2747
Epoch 39/100 | Batch 2600/4731 | Loss: 0.2499
Epoch 39/100 | Batch 2800/4731 | Loss: 0.2668
Epoch 39/100 | Batch 3000/4731 | Loss: 0.2438
Epoch 39/100 | Batch 3200/4731 | Loss: 0.2335
Epoch 39/100 | Batch 3400/4731 | Loss: 0.3040
Epoch 39/100 | Batch 3600/4731 | Loss: 0.2013
Epoch 39/100 | Batch 3800/4731 | Loss: 0.2430
Epoch 39/100 | Batch 4000/4731 | Loss: 0.2622
Epoch 39/100 | Batch 4200/4731 | Loss: 0.2251
Epoch 39/100 | Batch 4400/4731 | Loss: 0.2487
Epoch 39/100 | Batch 4600/4731 | Loss: 0.2315
====> Epoch 39 Average Loss: 0.2415 | LR: 0.000200
Epoch 40/100 | Batch 0/4731 | Loss: 0.2255
Epoch 40/100 | Batch 200/4731 | Loss: 0.2210
Epoch 40/100 | Batch 400/4731 | Loss: 0.2509
Epoch 40/100 | Batch 600/4731 | Loss: 0.2662
Epoch 40/100 | Batch 800/4731 | Loss: 0.1865
Epoch 40/100 | Batch 1000/4731 | Loss: 0.2638
Epoch 40/100 | Batch 1200/4731 | Loss: 0.2604
Epoch 40/100 | Batch 1400/4731 | Loss: 0.2044
Epoch 40/100 | Batch 1600/4731 | Loss: 0.2569
Epoch 40/100 | Batch 1800/4731 | Loss: 0.2066
Epoch 40/100 | Batch 2000/4731 | Loss: 0.2495
Epoch 40/100 | Batch 2200/4731 | Loss: 0.2051
Epoch 40/100 | Batch 2400/4731 | Loss: 0.3184
Epoch 40/100 | Batch 2600/4731 | Loss: 0.2072
Epoch 40/100 | Batch 2800/4731 | Loss: 0.2002
Epoch 40/100 | Batch 3000/4731 | Loss: 0.1962
Epoch 40/100 | Batch 3200/4731 | Loss: 0.2766
Epoch 40/100 | Batch 3400/4731 | Loss: 0.2034
Epoch 40/100 | Batch 3600/4731 | Loss: 0.2493
Epoch 40/100 | Batch 3800/4731 | Loss: 0.2769
Epoch 40/100 | Batch 4000/4731 | Loss: 0.2643
Epoch 40/100 | Batch 4200/4731 | Loss: 0.2183
Epoch 40/100 | Batch 4400/4731 | Loss: 0.2262
Epoch 40/100 | Batch 4600/4731 | Loss: 0.2571
====> Epoch 40 Average Loss: 0.2403 | LR: 0.000200
Epoch 41/100 | Batch 0/4731 | Loss: 0.3244
Epoch 41/100 | Batch 200/4731 | Loss: 0.2651
Epoch 41/100 | Batch 400/4731 | Loss: 0.2796
Epoch 41/100 | Batch 600/4731 | Loss: 0.2596
Epoch 41/100 | Batch 800/4731 | Loss: 0.2728
Epoch 41/100 | Batch 1000/4731 | Loss: 0.2685
Epoch 41/100 | Batch 1200/4731 | Loss: 0.2432
Epoch 41/100 | Batch 1400/4731 | Loss: 0.2146
Epoch 41/100 | Batch 1600/4731 | Loss: 0.2319
Epoch 41/100 | Batch 1800/4731 | Loss: 0.2514
Epoch 41/100 | Batch 2000/4731 | Loss: 0.1629
Epoch 41/100 | Batch 2200/4731 | Loss: 0.2149
Epoch 41/100 | Batch 2400/4731 | Loss: 0.1888
Epoch 41/100 | Batch 2600/4731 | Loss: 0.1820
Epoch 41/100 | Batch 2800/4731 | Loss: 0.2173
Epoch 41/100 | Batch 3000/4731 | Loss: 0.2213
Epoch 41/100 | Batch 3200/4731 | Loss: 0.2298
Epoch 41/100 | Batch 3400/4731 | Loss: 0.2483
Epoch 41/100 | Batch 3600/4731 | Loss: 0.1948
Epoch 41/100 | Batch 3800/4731 | Loss: 0.2940
Epoch 41/100 | Batch 4000/4731 | Loss: 0.2492
Epoch 41/100 | Batch 4200/4731 | Loss: 0.2928
Epoch 41/100 | Batch 4400/4731 | Loss: 0.2355
Epoch 41/100 | Batch 4600/4731 | Loss: 0.2359
====> Epoch 41 Average Loss: 0.2388 | LR: 0.000200
Epoch 42/100 | Batch 0/4731 | Loss: 0.2205
Epoch 42/100 | Batch 200/4731 | Loss: 0.2475
Epoch 42/100 | Batch 400/4731 | Loss: 0.2199
Epoch 42/100 | Batch 600/4731 | Loss: 0.2498
Epoch 42/100 | Batch 800/4731 | Loss: 0.2401
Epoch 42/100 | Batch 1000/4731 | Loss: 0.2383
Epoch 42/100 | Batch 1200/4731 | Loss: 0.1897
Epoch 42/100 | Batch 1400/4731 | Loss: 0.2122
Epoch 42/100 | Batch 1600/4731 | Loss: 0.2365
Epoch 42/100 | Batch 1800/4731 | Loss: 0.1980
Epoch 42/100 | Batch 2000/4731 | Loss: 0.2119
Epoch 42/100 | Batch 2200/4731 | Loss: 0.2600
Epoch 42/100 | Batch 2400/4731 | Loss: 0.2542
Epoch 42/100 | Batch 2600/4731 | Loss: 0.2881
Epoch 42/100 | Batch 2800/4731 | Loss: 0.2078
Epoch 42/100 | Batch 3000/4731 | Loss: 0.2522
Epoch 42/100 | Batch 3200/4731 | Loss: 0.2531
Epoch 42/100 | Batch 3400/4731 | Loss: 0.2209
Epoch 42/100 | Batch 3600/4731 | Loss: 0.2677
Epoch 42/100 | Batch 3800/4731 | Loss: 0.1963
Epoch 42/100 | Batch 4000/4731 | Loss: 0.3063
Epoch 42/100 | Batch 4200/4731 | Loss: 0.1974
Epoch 42/100 | Batch 4400/4731 | Loss: 0.1954
Epoch 42/100 | Batch 4600/4731 | Loss: 0.2313
====> Epoch 42 Average Loss: 0.2375 | LR: 0.000200
Epoch 43/100 | Batch 0/4731 | Loss: 0.2397
Epoch 43/100 | Batch 200/4731 | Loss: 0.3112
Epoch 43/100 | Batch 400/4731 | Loss: 0.2415
Epoch 43/100 | Batch 600/4731 | Loss: 0.2226
Epoch 43/100 | Batch 800/4731 | Loss: 0.2109
Epoch 43/100 | Batch 1000/4731 | Loss: 0.1965
Epoch 43/100 | Batch 1200/4731 | Loss: 0.2384
Epoch 43/100 | Batch 1400/4731 | Loss: 0.2668
Epoch 43/100 | Batch 1600/4731 | Loss: 0.3028
Epoch 43/100 | Batch 1800/4731 | Loss: 0.2605
Epoch 43/100 | Batch 2000/4731 | Loss: 0.2355
Epoch 43/100 | Batch 2200/4731 | Loss: 0.2620
Epoch 43/100 | Batch 2400/4731 | Loss: 0.2208
Epoch 43/100 | Batch 2600/4731 | Loss: 0.2490
Epoch 43/100 | Batch 2800/4731 | Loss: 0.2397
Epoch 43/100 | Batch 3000/4731 | Loss: 0.1992
Epoch 43/100 | Batch 3200/4731 | Loss: 0.1969
Epoch 43/100 | Batch 3400/4731 | Loss: 0.2846
Epoch 43/100 | Batch 3600/4731 | Loss: 0.2413
Epoch 43/100 | Batch 3800/4731 | Loss: 0.2206
Epoch 43/100 | Batch 4000/4731 | Loss: 0.2389
Epoch 43/100 | Batch 4200/4731 | Loss: 0.2096
Epoch 43/100 | Batch 4400/4731 | Loss: 0.2846
Epoch 43/100 | Batch 4600/4731 | Loss: 0.2273
====> Epoch 43 Average Loss: 0.2365 | LR: 0.000200
Epoch 44/100 | Batch 0/4731 | Loss: 0.2445
Epoch 44/100 | Batch 200/4731 | Loss: 0.3074
Epoch 44/100 | Batch 400/4731 | Loss: 0.2348
Epoch 44/100 | Batch 600/4731 | Loss: 0.2406
Epoch 44/100 | Batch 800/4731 | Loss: 0.2030
Epoch 44/100 | Batch 1000/4731 | Loss: 0.2243
Epoch 44/100 | Batch 1200/4731 | Loss: 0.2147
Epoch 44/100 | Batch 1400/4731 | Loss: 0.2468
Epoch 44/100 | Batch 1600/4731 | Loss: 0.1638
Epoch 44/100 | Batch 1800/4731 | Loss: 0.2031
Epoch 44/100 | Batch 2000/4731 | Loss: 0.2169
Epoch 44/100 | Batch 2200/4731 | Loss: 0.3069
Epoch 44/100 | Batch 2400/4731 | Loss: 0.2317
Epoch 44/100 | Batch 2600/4731 | Loss: 0.2502
Epoch 44/100 | Batch 2800/4731 | Loss: 0.2698
Epoch 44/100 | Batch 3000/4731 | Loss: 0.2361
Epoch 44/100 | Batch 3200/4731 | Loss: 0.2441
Epoch 44/100 | Batch 3400/4731 | Loss: 0.2608
Epoch 44/100 | Batch 3600/4731 | Loss: 0.1831
Epoch 44/100 | Batch 3800/4731 | Loss: 0.2349
Epoch 44/100 | Batch 4000/4731 | Loss: 0.2092
Epoch 44/100 | Batch 4200/4731 | Loss: 0.2017
Epoch 44/100 | Batch 4400/4731 | Loss: 0.2650
Epoch 44/100 | Batch 4600/4731 | Loss: 0.1866
====> Epoch 44 Average Loss: 0.2348 | LR: 0.000200
Epoch 45/100 | Batch 0/4731 | Loss: 0.2058
Epoch 45/100 | Batch 200/4731 | Loss: 0.2023
Epoch 45/100 | Batch 400/4731 | Loss: 0.1931
Epoch 45/100 | Batch 600/4731 | Loss: 0.1904
Epoch 45/100 | Batch 800/4731 | Loss: 0.2471
Epoch 45/100 | Batch 1000/4731 | Loss: 0.2073
Epoch 45/100 | Batch 1200/4731 | Loss: 0.2809
Epoch 45/100 | Batch 1400/4731 | Loss: 0.2262
Epoch 45/100 | Batch 1600/4731 | Loss: 0.2405
Epoch 45/100 | Batch 1800/4731 | Loss: 0.2562
Epoch 45/100 | Batch 2000/4731 | Loss: 0.1800
Epoch 45/100 | Batch 2200/4731 | Loss: 0.2403
Epoch 45/100 | Batch 2400/4731 | Loss: 0.2922
Epoch 45/100 | Batch 2600/4731 | Loss: 0.2701
Epoch 45/100 | Batch 2800/4731 | Loss: 0.2284
Epoch 45/100 | Batch 3000/4731 | Loss: 0.2791
Epoch 45/100 | Batch 3200/4731 | Loss: 0.2814
Epoch 45/100 | Batch 3400/4731 | Loss: 0.2687
Epoch 45/100 | Batch 3600/4731 | Loss: 0.2563
Epoch 45/100 | Batch 3800/4731 | Loss: 0.1924
Epoch 45/100 | Batch 4000/4731 | Loss: 0.2786
Epoch 45/100 | Batch 4200/4731 | Loss: 0.2190
Epoch 45/100 | Batch 4400/4731 | Loss: 0.2419
Epoch 45/100 | Batch 4600/4731 | Loss: 0.2152
====> Epoch 45 Average Loss: 0.2332 | LR: 0.000200
Epoch 46/100 | Batch 0/4731 | Loss: 0.2138
Epoch 46/100 | Batch 200/4731 | Loss: 0.2710
Epoch 46/100 | Batch 400/4731 | Loss: 0.2672
Epoch 46/100 | Batch 600/4731 | Loss: 0.2435
Epoch 46/100 | Batch 800/4731 | Loss: 0.2743
Epoch 46/100 | Batch 1000/4731 | Loss: 0.2677
Epoch 46/100 | Batch 1200/4731 | Loss: 0.2363
Epoch 46/100 | Batch 1400/4731 | Loss: 0.2639
Epoch 46/100 | Batch 1600/4731 | Loss: 0.2526
Epoch 46/100 | Batch 1800/4731 | Loss: 0.1659
Epoch 46/100 | Batch 2000/4731 | Loss: 0.2488
Epoch 46/100 | Batch 2200/4731 | Loss: 0.2110
Epoch 46/100 | Batch 2400/4731 | Loss: 0.2050
Epoch 46/100 | Batch 2600/4731 | Loss: 0.3265
Epoch 46/100 | Batch 2800/4731 | Loss: 0.2243
Epoch 46/100 | Batch 3000/4731 | Loss: 0.2353
Epoch 46/100 | Batch 3200/4731 | Loss: 0.2085
Epoch 46/100 | Batch 3400/4731 | Loss: 0.2675
Epoch 46/100 | Batch 3600/4731 | Loss: 0.2078
Epoch 46/100 | Batch 3800/4731 | Loss: 0.2545
Epoch 46/100 | Batch 4000/4731 | Loss: 0.2081
Epoch 46/100 | Batch 4200/4731 | Loss: 0.1959
Epoch 46/100 | Batch 4400/4731 | Loss: 0.1963
Epoch 46/100 | Batch 4600/4731 | Loss: 0.2094
====> Epoch 46 Average Loss: 0.2323 | LR: 0.000200
Epoch 47/100 | Batch 0/4731 | Loss: 0.2215
Epoch 47/100 | Batch 200/4731 | Loss: 0.2347
Epoch 47/100 | Batch 400/4731 | Loss: 0.2629
Epoch 47/100 | Batch 600/4731 | Loss: 0.2346
Epoch 47/100 | Batch 800/4731 | Loss: 0.2627
Epoch 47/100 | Batch 1000/4731 | Loss: 0.2399
Epoch 47/100 | Batch 1200/4731 | Loss: 0.2413
Epoch 47/100 | Batch 1400/4731 | Loss: 0.2391
Epoch 47/100 | Batch 1600/4731 | Loss: 0.2190
Epoch 47/100 | Batch 1800/4731 | Loss: 0.2588
Epoch 47/100 | Batch 2000/4731 | Loss: 0.2781
Epoch 47/100 | Batch 2200/4731 | Loss: 0.1490
Epoch 47/100 | Batch 2400/4731 | Loss: 0.2740
Epoch 47/100 | Batch 2600/4731 | Loss: 0.2604
Epoch 47/100 | Batch 2800/4731 | Loss: 0.1737
Epoch 47/100 | Batch 3000/4731 | Loss: 0.3080
Epoch 47/100 | Batch 3200/4731 | Loss: 0.1809
Epoch 47/100 | Batch 3400/4731 | Loss: 0.2631
Epoch 47/100 | Batch 3600/4731 | Loss: 0.2556
Epoch 47/100 | Batch 3800/4731 | Loss: 0.2092
Epoch 47/100 | Batch 4000/4731 | Loss: 0.1898
Epoch 47/100 | Batch 4200/4731 | Loss: 0.2277
Epoch 47/100 | Batch 4400/4731 | Loss: 0.2187
Epoch 47/100 | Batch 4600/4731 | Loss: 0.1871
====> Epoch 47 Average Loss: 0.2310 | LR: 0.000200
Epoch 48/100 | Batch 0/4731 | Loss: 0.1841
Epoch 48/100 | Batch 200/4731 | Loss: 0.2742
Epoch 48/100 | Batch 400/4731 | Loss: 0.2339
Epoch 48/100 | Batch 600/4731 | Loss: 0.1922
Epoch 48/100 | Batch 800/4731 | Loss: 0.2283
Epoch 48/100 | Batch 1000/4731 | Loss: 0.2020
Epoch 48/100 | Batch 1200/4731 | Loss: 0.2412
Epoch 48/100 | Batch 1400/4731 | Loss: 0.2049
Epoch 48/100 | Batch 1600/4731 | Loss: 0.2314
Epoch 48/100 | Batch 1800/4731 | Loss: 0.2281
Epoch 48/100 | Batch 2000/4731 | Loss: 0.2539
Epoch 48/100 | Batch 2200/4731 | Loss: 0.2209
Epoch 48/100 | Batch 2400/4731 | Loss: 0.2619
Epoch 48/100 | Batch 2600/4731 | Loss: 0.2547
Epoch 48/100 | Batch 2800/4731 | Loss: 0.2188
Epoch 48/100 | Batch 3000/4731 | Loss: 0.2756
Epoch 48/100 | Batch 3200/4731 | Loss: 0.2234
Epoch 48/100 | Batch 3400/4731 | Loss: 0.2576
Epoch 48/100 | Batch 3600/4731 | Loss: 0.2086
Epoch 48/100 | Batch 3800/4731 | Loss: 0.2359
Epoch 48/100 | Batch 4000/4731 | Loss: 0.2109
Epoch 48/100 | Batch 4200/4731 | Loss: 0.2396
Epoch 48/100 | Batch 4400/4731 | Loss: 0.1963
Epoch 48/100 | Batch 4600/4731 | Loss: 0.1807
====> Epoch 48 Average Loss: 0.2297 | LR: 0.000200
Epoch 49/100 | Batch 0/4731 | Loss: 0.2659
Epoch 49/100 | Batch 200/4731 | Loss: 0.2613
Epoch 49/100 | Batch 400/4731 | Loss: 0.2464
Epoch 49/100 | Batch 600/4731 | Loss: 0.2404
Epoch 49/100 | Batch 800/4731 | Loss: 0.2778
Epoch 49/100 | Batch 1000/4731 | Loss: 0.2059
Epoch 49/100 | Batch 1200/4731 | Loss: 0.2291
Epoch 49/100 | Batch 1400/4731 | Loss: 0.2504
Epoch 49/100 | Batch 1600/4731 | Loss: 0.2178
Epoch 49/100 | Batch 1800/4731 | Loss: 0.2608
Epoch 49/100 | Batch 2000/4731 | Loss: 0.2013
Epoch 49/100 | Batch 2200/4731 | Loss: 0.2760
Epoch 49/100 | Batch 2400/4731 | Loss: 0.2218
Epoch 49/100 | Batch 2600/4731 | Loss: 0.2824
Epoch 49/100 | Batch 2800/4731 | Loss: 0.2358
Epoch 49/100 | Batch 3000/4731 | Loss: 0.2083
Epoch 49/100 | Batch 3200/4731 | Loss: 0.2475
Epoch 49/100 | Batch 3400/4731 | Loss: 0.3020
Epoch 49/100 | Batch 3600/4731 | Loss: 0.1870
Epoch 49/100 | Batch 3800/4731 | Loss: 0.2706
Epoch 49/100 | Batch 4000/4731 | Loss: 0.2087
Epoch 49/100 | Batch 4200/4731 | Loss: 0.2091
Epoch 49/100 | Batch 4400/4731 | Loss: 0.2841
Epoch 49/100 | Batch 4600/4731 | Loss: 0.2586
====> Epoch 49 Average Loss: 0.2281 | LR: 0.000200
Epoch 50/100 | Batch 0/4731 | Loss: 0.2363
Epoch 50/100 | Batch 200/4731 | Loss: 0.2571
Epoch 50/100 | Batch 400/4731 | Loss: 0.2150
Epoch 50/100 | Batch 600/4731 | Loss: 0.2762
Epoch 50/100 | Batch 800/4731 | Loss: 0.2391
Epoch 50/100 | Batch 1000/4731 | Loss: 0.2081
Epoch 50/100 | Batch 1200/4731 | Loss: 0.2760
Epoch 50/100 | Batch 1400/4731 | Loss: 0.2490
Epoch 50/100 | Batch 1600/4731 | Loss: 0.2282
Epoch 50/100 | Batch 1800/4731 | Loss: 0.2202
Epoch 50/100 | Batch 2000/4731 | Loss: 0.2004
Epoch 50/100 | Batch 2200/4731 | Loss: 0.2106
Epoch 50/100 | Batch 2400/4731 | Loss: 0.2892
Epoch 50/100 | Batch 2600/4731 | Loss: 0.2139
Epoch 50/100 | Batch 2800/4731 | Loss: 0.2839
Epoch 50/100 | Batch 3000/4731 | Loss: 0.2197
Epoch 50/100 | Batch 3200/4731 | Loss: 0.2254
Epoch 50/100 | Batch 3400/4731 | Loss: 0.1972
Epoch 50/100 | Batch 3600/4731 | Loss: 0.2553
Epoch 50/100 | Batch 3800/4731 | Loss: 0.2489
Epoch 50/100 | Batch 4000/4731 | Loss: 0.1992
Epoch 50/100 | Batch 4200/4731 | Loss: 0.2428
Epoch 50/100 | Batch 4400/4731 | Loss: 0.2616
Epoch 50/100 | Batch 4600/4731 | Loss: 0.2050
====> Epoch 50 Average Loss: 0.2272 | LR: 0.000200
Epoch 51/100 | Batch 0/4731 | Loss: 0.1927
Epoch 51/100 | Batch 200/4731 | Loss: 0.2470
Epoch 51/100 | Batch 400/4731 | Loss: 0.2386
Epoch 51/100 | Batch 600/4731 | Loss: 0.2574
Epoch 51/100 | Batch 800/4731 | Loss: 0.2635
Epoch 51/100 | Batch 1000/4731 | Loss: 0.2015
Epoch 51/100 | Batch 1200/4731 | Loss: 0.2639
Epoch 51/100 | Batch 1400/4731 | Loss: 0.2441
Epoch 51/100 | Batch 1600/4731 | Loss: 0.2818
Epoch 51/100 | Batch 1800/4731 | Loss: 0.2180
Epoch 51/100 | Batch 2000/4731 | Loss: 0.2266
Epoch 51/100 | Batch 2200/4731 | Loss: 0.2797
Epoch 51/100 | Batch 2400/4731 | Loss: 0.2638
Epoch 51/100 | Batch 2600/4731 | Loss: 0.1994
Epoch 51/100 | Batch 2800/4731 | Loss: 0.1873
Epoch 51/100 | Batch 3000/4731 | Loss: 0.2323
Epoch 51/100 | Batch 3200/4731 | Loss: 0.1878
Epoch 51/100 | Batch 3400/4731 | Loss: 0.1932
Epoch 51/100 | Batch 3600/4731 | Loss: 0.1909
Epoch 51/100 | Batch 3800/4731 | Loss: 0.2252
Epoch 51/100 | Batch 4000/4731 | Loss: 0.2564
Epoch 51/100 | Batch 4200/4731 | Loss: 0.2319
Epoch 51/100 | Batch 4400/4731 | Loss: 0.1688
Epoch 51/100 | Batch 4600/4731 | Loss: 0.1966
====> Epoch 51 Average Loss: 0.2260 | LR: 0.000200
Epoch 52/100 | Batch 0/4731 | Loss: 0.1704
Epoch 52/100 | Batch 200/4731 | Loss: 0.2066
Epoch 52/100 | Batch 400/4731 | Loss: 0.2660
Epoch 52/100 | Batch 600/4731 | Loss: 0.1960
Epoch 52/100 | Batch 800/4731 | Loss: 0.2617
Epoch 52/100 | Batch 1000/4731 | Loss: 0.2489
Epoch 52/100 | Batch 1200/4731 | Loss: 0.1746
Epoch 52/100 | Batch 1400/4731 | Loss: 0.2316
Epoch 52/100 | Batch 1600/4731 | Loss: 0.2635
Epoch 52/100 | Batch 1800/4731 | Loss: 0.1938
Epoch 52/100 | Batch 2000/4731 | Loss: 0.3046
Epoch 52/100 | Batch 2200/4731 | Loss: 0.2422
Epoch 52/100 | Batch 2400/4731 | Loss: 0.2390
Epoch 52/100 | Batch 2600/4731 | Loss: 0.2830
Epoch 52/100 | Batch 2800/4731 | Loss: 0.2316
Epoch 52/100 | Batch 3000/4731 | Loss: 0.1770
Epoch 52/100 | Batch 3200/4731 | Loss: 0.2447
Epoch 52/100 | Batch 3400/4731 | Loss: 0.2236
Epoch 52/100 | Batch 3600/4731 | Loss: 0.2024
Epoch 52/100 | Batch 3800/4731 | Loss: 0.2556
Epoch 52/100 | Batch 4000/4731 | Loss: 0.2518
Epoch 52/100 | Batch 4200/4731 | Loss: 0.2279
Epoch 52/100 | Batch 4400/4731 | Loss: 0.2535
Epoch 52/100 | Batch 4600/4731 | Loss: 0.1936
====> Epoch 52 Average Loss: 0.2243 | LR: 0.000200
Epoch 53/100 | Batch 0/4731 | Loss: 0.1595
Epoch 53/100 | Batch 200/4731 | Loss: 0.1973
Epoch 53/100 | Batch 400/4731 | Loss: 0.2449
Epoch 53/100 | Batch 600/4731 | Loss: 0.2017
Epoch 53/100 | Batch 800/4731 | Loss: 0.1696
Epoch 53/100 | Batch 1000/4731 | Loss: 0.1947
Epoch 53/100 | Batch 1200/4731 | Loss: 0.2271
Epoch 53/100 | Batch 1400/4731 | Loss: 0.2825
Epoch 53/100 | Batch 1600/4731 | Loss: 0.2082
Epoch 53/100 | Batch 1800/4731 | Loss: 0.2369
Epoch 53/100 | Batch 2000/4731 | Loss: 0.2446
Epoch 53/100 | Batch 2200/4731 | Loss: 0.2579
Epoch 53/100 | Batch 2400/4731 | Loss: 0.2285
Epoch 53/100 | Batch 2600/4731 | Loss: 0.2633
Epoch 53/100 | Batch 2800/4731 | Loss: 0.2307
Epoch 53/100 | Batch 3000/4731 | Loss: 0.2317
Epoch 53/100 | Batch 3200/4731 | Loss: 0.1779
Epoch 53/100 | Batch 3400/4731 | Loss: 0.2130
Epoch 53/100 | Batch 3600/4731 | Loss: 0.1853
Epoch 53/100 | Batch 3800/4731 | Loss: 0.1754
Epoch 53/100 | Batch 4000/4731 | Loss: 0.2067
Epoch 53/100 | Batch 4200/4731 | Loss: 0.1957
Epoch 53/100 | Batch 4400/4731 | Loss: 0.2100
Epoch 53/100 | Batch 4600/4731 | Loss: 0.2488
====> Epoch 53 Average Loss: 0.2238 | LR: 0.000200
Epoch 54/100 | Batch 0/4731 | Loss: 0.2178
Epoch 54/100 | Batch 200/4731 | Loss: 0.2228
Epoch 54/100 | Batch 400/4731 | Loss: 0.1796
Epoch 54/100 | Batch 600/4731 | Loss: 0.1489
Epoch 54/100 | Batch 800/4731 | Loss: 0.2389
Epoch 54/100 | Batch 1000/4731 | Loss: 0.1847
Epoch 54/100 | Batch 1200/4731 | Loss: 0.1912
Epoch 54/100 | Batch 1400/4731 | Loss: 0.2265
Epoch 54/100 | Batch 1600/4731 | Loss: 0.3377
Epoch 54/100 | Batch 1800/4731 | Loss: 0.2859
Epoch 54/100 | Batch 2000/4731 | Loss: 0.1848
Epoch 54/100 | Batch 2200/4731 | Loss: 0.1614
Epoch 54/100 | Batch 2400/4731 | Loss: 0.2475
Epoch 54/100 | Batch 2600/4731 | Loss: 0.2272
Epoch 54/100 | Batch 2800/4731 | Loss: 0.1917
Epoch 54/100 | Batch 3000/4731 | Loss: 0.2183
Epoch 54/100 | Batch 3200/4731 | Loss: 0.2871
Epoch 54/100 | Batch 3400/4731 | Loss: 0.2978
Epoch 54/100 | Batch 3600/4731 | Loss: 0.1969
Epoch 54/100 | Batch 3800/4731 | Loss: 0.2180
Epoch 54/100 | Batch 4000/4731 | Loss: 0.2443
Epoch 54/100 | Batch 4200/4731 | Loss: 0.2080
Epoch 54/100 | Batch 4400/4731 | Loss: 0.1891
Epoch 54/100 | Batch 4600/4731 | Loss: 0.2003
====> Epoch 54 Average Loss: 0.2221 | LR: 0.000200
Epoch 55/100 | Batch 0/4731 | Loss: 0.2290
Epoch 55/100 | Batch 200/4731 | Loss: 0.1775
Epoch 55/100 | Batch 400/4731 | Loss: 0.2064
Epoch 55/100 | Batch 600/4731 | Loss: 0.1546
Epoch 55/100 | Batch 800/4731 | Loss: 0.1616
Epoch 55/100 | Batch 1000/4731 | Loss: 0.2192
Epoch 55/100 | Batch 1200/4731 | Loss: 0.2144
Epoch 55/100 | Batch 1400/4731 | Loss: 0.2052
Epoch 55/100 | Batch 1600/4731 | Loss: 0.2222
Epoch 55/100 | Batch 1800/4731 | Loss: 0.2360
Epoch 55/100 | Batch 2000/4731 | Loss: 0.1915
Epoch 55/100 | Batch 2200/4731 | Loss: 0.2941
Epoch 55/100 | Batch 2400/4731 | Loss: 0.2243
Epoch 55/100 | Batch 2600/4731 | Loss: 0.2087
Epoch 55/100 | Batch 2800/4731 | Loss: 0.1778
Epoch 55/100 | Batch 3000/4731 | Loss: 0.3165
Epoch 55/100 | Batch 3200/4731 | Loss: 0.1882
Epoch 55/100 | Batch 3400/4731 | Loss: 0.2415
Epoch 55/100 | Batch 3600/4731 | Loss: 0.1676
Epoch 55/100 | Batch 3800/4731 | Loss: 0.2187
Epoch 55/100 | Batch 4000/4731 | Loss: 0.2521
Epoch 55/100 | Batch 4200/4731 | Loss: 0.2623
Epoch 55/100 | Batch 4400/4731 | Loss: 0.1902
Epoch 55/100 | Batch 4600/4731 | Loss: 0.2039
====> Epoch 55 Average Loss: 0.2209 | LR: 0.000200
Epoch 56/100 | Batch 0/4731 | Loss: 0.2290
Epoch 56/100 | Batch 200/4731 | Loss: 0.2152
Epoch 56/100 | Batch 400/4731 | Loss: 0.2380
Epoch 56/100 | Batch 600/4731 | Loss: 0.2363
Epoch 56/100 | Batch 800/4731 | Loss: 0.1679
Epoch 56/100 | Batch 1000/4731 | Loss: 0.2143
Epoch 56/100 | Batch 1200/4731 | Loss: 0.1735
Epoch 56/100 | Batch 1400/4731 | Loss: 0.2038
Epoch 56/100 | Batch 1600/4731 | Loss: 0.1801
Epoch 56/100 | Batch 1800/4731 | Loss: 0.2057
Epoch 56/100 | Batch 2000/4731 | Loss: 0.2454
Epoch 56/100 | Batch 2200/4731 | Loss: 0.1859
Epoch 56/100 | Batch 2400/4731 | Loss: 0.1816
Epoch 56/100 | Batch 2600/4731 | Loss: 0.2562
Epoch 56/100 | Batch 2800/4731 | Loss: 0.1781
Epoch 56/100 | Batch 3000/4731 | Loss: 0.2200
Epoch 56/100 | Batch 3200/4731 | Loss: 0.2078
Epoch 56/100 | Batch 3400/4731 | Loss: 0.2120
Epoch 56/100 | Batch 3600/4731 | Loss: 0.2297
Epoch 56/100 | Batch 3800/4731 | Loss: 0.1749
Epoch 56/100 | Batch 4000/4731 | Loss: 0.1885
Epoch 56/100 | Batch 4200/4731 | Loss: 0.1753
Epoch 56/100 | Batch 4400/4731 | Loss: 0.2074
Epoch 56/100 | Batch 4600/4731 | Loss: 0.2515
====> Epoch 56 Average Loss: 0.2198 | LR: 0.000200
Epoch 57/100 | Batch 0/4731 | Loss: 0.2517
Epoch 57/100 | Batch 200/4731 | Loss: 0.1858
Epoch 57/100 | Batch 400/4731 | Loss: 0.2296
Epoch 57/100 | Batch 600/4731 | Loss: 0.1997
Epoch 57/100 | Batch 800/4731 | Loss: 0.1751
Epoch 57/100 | Batch 1000/4731 | Loss: 0.2015
Epoch 57/100 | Batch 1200/4731 | Loss: 0.1894
Epoch 57/100 | Batch 1400/4731 | Loss: 0.2331
Epoch 57/100 | Batch 1600/4731 | Loss: 0.1770
Epoch 57/100 | Batch 1800/4731 | Loss: 0.2089
Epoch 57/100 | Batch 2000/4731 | Loss: 0.1807
Epoch 57/100 | Batch 2200/4731 | Loss: 0.1794
Epoch 57/100 | Batch 2400/4731 | Loss: 0.2131
Epoch 57/100 | Batch 2600/4731 | Loss: 0.2772
Epoch 57/100 | Batch 2800/4731 | Loss: 0.2242
Epoch 57/100 | Batch 3000/4731 | Loss: 0.2107
Epoch 57/100 | Batch 3200/4731 | Loss: 0.2024
Epoch 57/100 | Batch 3400/4731 | Loss: 0.2090
Epoch 57/100 | Batch 3600/4731 | Loss: 0.2237
Epoch 57/100 | Batch 3800/4731 | Loss: 0.2653
Epoch 57/100 | Batch 4000/4731 | Loss: 0.2596
Epoch 57/100 | Batch 4200/4731 | Loss: 0.2153
Epoch 57/100 | Batch 4400/4731 | Loss: 0.2282
Epoch 57/100 | Batch 4600/4731 | Loss: 0.1678
====> Epoch 57 Average Loss: 0.2184 | LR: 0.000200
Epoch 58/100 | Batch 0/4731 | Loss: 0.2133
Epoch 58/100 | Batch 200/4731 | Loss: 0.1919
Epoch 58/100 | Batch 400/4731 | Loss: 0.1855
Epoch 58/100 | Batch 600/4731 | Loss: 0.2272
Epoch 58/100 | Batch 800/4731 | Loss: 0.2502
Epoch 58/100 | Batch 1000/4731 | Loss: 0.1951
Epoch 58/100 | Batch 1200/4731 | Loss: 0.1805
Epoch 58/100 | Batch 1400/4731 | Loss: 0.2492
Epoch 58/100 | Batch 1600/4731 | Loss: 0.1933
Epoch 58/100 | Batch 1800/4731 | Loss: 0.1833
Epoch 58/100 | Batch 2000/4731 | Loss: 0.2144
Epoch 58/100 | Batch 2200/4731 | Loss: 0.1842
Epoch 58/100 | Batch 2400/4731 | Loss: 0.1954
Epoch 58/100 | Batch 2600/4731 | Loss: 0.1835
Epoch 58/100 | Batch 2800/4731 | Loss: 0.2708
Epoch 58/100 | Batch 3000/4731 | Loss: 0.1893
Epoch 58/100 | Batch 3200/4731 | Loss: 0.1971
Epoch 58/100 | Batch 3400/4731 | Loss: 0.1807
Epoch 58/100 | Batch 3600/4731 | Loss: 0.2148
Epoch 58/100 | Batch 3800/4731 | Loss: 0.2424
Epoch 58/100 | Batch 4000/4731 | Loss: 0.2117
Epoch 58/100 | Batch 4200/4731 | Loss: 0.2063
Epoch 58/100 | Batch 4400/4731 | Loss: 0.1881
Epoch 58/100 | Batch 4600/4731 | Loss: 0.2648
====> Epoch 58 Average Loss: 0.2178 | LR: 0.000200
Epoch 59/100 | Batch 0/4731 | Loss: 0.2303
Epoch 59/100 | Batch 200/4731 | Loss: 0.2141
Epoch 59/100 | Batch 400/4731 | Loss: 0.2132
Epoch 59/100 | Batch 600/4731 | Loss: 0.1884
Epoch 59/100 | Batch 800/4731 | Loss: 0.1963
Epoch 59/100 | Batch 1000/4731 | Loss: 0.2006
Epoch 59/100 | Batch 1200/4731 | Loss: 0.2511
Epoch 59/100 | Batch 1400/4731 | Loss: 0.1837
Epoch 59/100 | Batch 1600/4731 | Loss: 0.2710
Epoch 59/100 | Batch 1800/4731 | Loss: 0.2499
Epoch 59/100 | Batch 2000/4731 | Loss: 0.2032
Epoch 59/100 | Batch 2200/4731 | Loss: 0.1942
Epoch 59/100 | Batch 2400/4731 | Loss: 0.2100
Epoch 59/100 | Batch 2600/4731 | Loss: 0.1765
Epoch 59/100 | Batch 2800/4731 | Loss: 0.1998
Epoch 59/100 | Batch 3000/4731 | Loss: 0.3264
Epoch 59/100 | Batch 3200/4731 | Loss: 0.1667
Epoch 59/100 | Batch 3400/4731 | Loss: 0.1967
Epoch 59/100 | Batch 3600/4731 | Loss: 0.1757
Epoch 59/100 | Batch 3800/4731 | Loss: 0.2045
Epoch 59/100 | Batch 4000/4731 | Loss: 0.1748
Epoch 59/100 | Batch 4200/4731 | Loss: 0.2475
Epoch 59/100 | Batch 4400/4731 | Loss: 0.2147
Epoch 59/100 | Batch 4600/4731 | Loss: 0.1888
====> Epoch 59 Average Loss: 0.2164 | LR: 0.000200
Epoch 60/100 | Batch 0/4731 | Loss: 0.2242
Epoch 60/100 | Batch 200/4731 | Loss: 0.2235
Epoch 60/100 | Batch 400/4731 | Loss: 0.1403
Epoch 60/100 | Batch 600/4731 | Loss: 0.2072
Epoch 60/100 | Batch 800/4731 | Loss: 0.1683
Epoch 60/100 | Batch 1000/4731 | Loss: 0.2517
Epoch 60/100 | Batch 1200/4731 | Loss: 0.2063
Epoch 60/100 | Batch 1400/4731 | Loss: 0.1885
Epoch 60/100 | Batch 1600/4731 | Loss: 0.1900
Epoch 60/100 | Batch 1800/4731 | Loss: 0.2068
Epoch 60/100 | Batch 2000/4731 | Loss: 0.2227
Epoch 60/100 | Batch 2200/4731 | Loss: 0.1609
Epoch 60/100 | Batch 2400/4731 | Loss: 0.1903
Epoch 60/100 | Batch 2600/4731 | Loss: 0.2146
Epoch 60/100 | Batch 2800/4731 | Loss: 0.2160
Epoch 60/100 | Batch 3000/4731 | Loss: 0.2310
Epoch 60/100 | Batch 3200/4731 | Loss: 0.2238
Epoch 60/100 | Batch 3400/4731 | Loss: 0.2331
Epoch 60/100 | Batch 3600/4731 | Loss: 0.2274
Epoch 60/100 | Batch 3800/4731 | Loss: 0.2816
Epoch 60/100 | Batch 4000/4731 | Loss: 0.2341
Epoch 60/100 | Batch 4200/4731 | Loss: 0.1820
Epoch 60/100 | Batch 4400/4731 | Loss: 0.1540
Epoch 60/100 | Batch 4600/4731 | Loss: 0.2337
====> Epoch 60 Average Loss: 0.2153 | LR: 0.000200
Epoch 61/100 | Batch 0/4731 | Loss: 0.2362
Epoch 61/100 | Batch 200/4731 | Loss: 0.2175
Epoch 61/100 | Batch 400/4731 | Loss: 0.2229
Epoch 61/100 | Batch 600/4731 | Loss: 0.2925
Epoch 61/100 | Batch 800/4731 | Loss: 0.1745
Epoch 61/100 | Batch 1000/4731 | Loss: 0.2423
Epoch 61/100 | Batch 1200/4731 | Loss: 0.2049
Epoch 61/100 | Batch 1400/4731 | Loss: 0.2775
Epoch 61/100 | Batch 1600/4731 | Loss: 0.1891
Epoch 61/100 | Batch 1800/4731 | Loss: 0.1910
Epoch 61/100 | Batch 2000/4731 | Loss: 0.2042
Epoch 61/100 | Batch 2200/4731 | Loss: 0.2187
Epoch 61/100 | Batch 2400/4731 | Loss: 0.2311
Epoch 61/100 | Batch 2600/4731 | Loss: 0.1944
Epoch 61/100 | Batch 2800/4731 | Loss: 0.1806
Epoch 61/100 | Batch 3000/4731 | Loss: 0.1943
Epoch 61/100 | Batch 3200/4731 | Loss: 0.1441
Epoch 61/100 | Batch 3400/4731 | Loss: 0.2058
Epoch 61/100 | Batch 3600/4731 | Loss: 0.2093
Epoch 61/100 | Batch 3800/4731 | Loss: 0.1735
Epoch 61/100 | Batch 4000/4731 | Loss: 0.1954
Epoch 61/100 | Batch 4200/4731 | Loss: 0.2323
Epoch 61/100 | Batch 4400/4731 | Loss: 0.1667
Epoch 61/100 | Batch 4600/4731 | Loss: 0.2290
====> Epoch 61 Average Loss: 0.2145 | LR: 0.000200
Epoch 62/100 | Batch 0/4731 | Loss: 0.2209
Epoch 62/100 | Batch 200/4731 | Loss: 0.2102
Epoch 62/100 | Batch 400/4731 | Loss: 0.2999
Epoch 62/100 | Batch 600/4731 | Loss: 0.2373
Epoch 62/100 | Batch 800/4731 | Loss: 0.1578
Epoch 62/100 | Batch 1000/4731 | Loss: 0.2012
Epoch 62/100 | Batch 1200/4731 | Loss: 0.2102
Epoch 62/100 | Batch 1400/4731 | Loss: 0.1956
Epoch 62/100 | Batch 1600/4731 | Loss: 0.1964
Epoch 62/100 | Batch 1800/4731 | Loss: 0.2261
Epoch 62/100 | Batch 2000/4731 | Loss: 0.2255
Epoch 62/100 | Batch 2200/4731 | Loss: 0.2310
Epoch 62/100 | Batch 2400/4731 | Loss: 0.2679
Epoch 62/100 | Batch 2600/4731 | Loss: 0.1885
Epoch 62/100 | Batch 2800/4731 | Loss: 0.1985
Epoch 62/100 | Batch 3000/4731 | Loss: 0.2042
Epoch 62/100 | Batch 3200/4731 | Loss: 0.1777
Epoch 62/100 | Batch 3400/4731 | Loss: 0.2687
Epoch 62/100 | Batch 3600/4731 | Loss: 0.2155
Epoch 62/100 | Batch 3800/4731 | Loss: 0.1824
Epoch 62/100 | Batch 4000/4731 | Loss: 0.2068
Epoch 62/100 | Batch 4200/4731 | Loss: 0.2541
Epoch 62/100 | Batch 4400/4731 | Loss: 0.2477
Epoch 62/100 | Batch 4600/4731 | Loss: 0.2177
====> Epoch 62 Average Loss: 0.2131 | LR: 0.000200
Epoch 63/100 | Batch 0/4731 | Loss: 0.1927
Epoch 63/100 | Batch 200/4731 | Loss: 0.2306
Epoch 63/100 | Batch 400/4731 | Loss: 0.2052
Epoch 63/100 | Batch 600/4731 | Loss: 0.2407
Epoch 63/100 | Batch 800/4731 | Loss: 0.2574
Epoch 63/100 | Batch 1000/4731 | Loss: 0.2095
Epoch 63/100 | Batch 1200/4731 | Loss: 0.1955
Epoch 63/100 | Batch 1400/4731 | Loss: 0.2119
Epoch 63/100 | Batch 1600/4731 | Loss: 0.2012
Epoch 63/100 | Batch 1800/4731 | Loss: 0.1554
Epoch 63/100 | Batch 2000/4731 | Loss: 0.1716
Epoch 63/100 | Batch 2200/4731 | Loss: 0.2191
Epoch 63/100 | Batch 2400/4731 | Loss: 0.1957
Epoch 63/100 | Batch 2600/4731 | Loss: 0.2476
Epoch 63/100 | Batch 2800/4731 | Loss: 0.2209
Epoch 63/100 | Batch 3000/4731 | Loss: 0.1927
Epoch 63/100 | Batch 3200/4731 | Loss: 0.1885
Epoch 63/100 | Batch 3400/4731 | Loss: 0.2448
Epoch 63/100 | Batch 3600/4731 | Loss: 0.1971
Epoch 63/100 | Batch 3800/4731 | Loss: 0.2286
Epoch 63/100 | Batch 4000/4731 | Loss: 0.2247
Epoch 63/100 | Batch 4200/4731 | Loss: 0.2031
Epoch 63/100 | Batch 4400/4731 | Loss: 0.2093
Epoch 63/100 | Batch 4600/4731 | Loss: 0.2654
====> Epoch 63 Average Loss: 0.2119 | LR: 0.000200
Epoch 64/100 | Batch 0/4731 | Loss: 0.1960
Epoch 64/100 | Batch 200/4731 | Loss: 0.2213
Epoch 64/100 | Batch 400/4731 | Loss: 0.1951
Epoch 64/100 | Batch 600/4731 | Loss: 0.1634
Epoch 64/100 | Batch 800/4731 | Loss: 0.2461
Epoch 64/100 | Batch 1000/4731 | Loss: 0.2223
Epoch 64/100 | Batch 1200/4731 | Loss: 0.2165
Epoch 64/100 | Batch 1400/4731 | Loss: 0.1737
Epoch 64/100 | Batch 1600/4731 | Loss: 0.1720
Epoch 64/100 | Batch 1800/4731 | Loss: 0.1410
Epoch 64/100 | Batch 2000/4731 | Loss: 0.2304
Epoch 64/100 | Batch 2200/4731 | Loss: 0.2672
Epoch 64/100 | Batch 2400/4731 | Loss: 0.2545
Epoch 64/100 | Batch 2600/4731 | Loss: 0.2070
Epoch 64/100 | Batch 2800/4731 | Loss: 0.1933
Epoch 64/100 | Batch 3000/4731 | Loss: 0.2490
Epoch 64/100 | Batch 3200/4731 | Loss: 0.2030
Epoch 64/100 | Batch 3400/4731 | Loss: 0.2353
Epoch 64/100 | Batch 3600/4731 | Loss: 0.2228
Epoch 64/100 | Batch 3800/4731 | Loss: 0.1720
Epoch 64/100 | Batch 4000/4731 | Loss: 0.2307
Epoch 64/100 | Batch 4200/4731 | Loss: 0.2286
Epoch 64/100 | Batch 4400/4731 | Loss: 0.2293
Epoch 64/100 | Batch 4600/4731 | Loss: 0.2296
====> Epoch 64 Average Loss: 0.2110 | LR: 0.000200
Epoch 65/100 | Batch 0/4731 | Loss: 0.1668
Epoch 65/100 | Batch 200/4731 | Loss: 0.1684
Epoch 65/100 | Batch 400/4731 | Loss: 0.2574
Epoch 65/100 | Batch 600/4731 | Loss: 0.2100
Epoch 65/100 | Batch 800/4731 | Loss: 0.2213
Epoch 65/100 | Batch 1000/4731 | Loss: 0.1859
Epoch 65/100 | Batch 1200/4731 | Loss: 0.2038
Epoch 65/100 | Batch 1400/4731 | Loss: 0.1962
Epoch 65/100 | Batch 1600/4731 | Loss: 0.2124
Epoch 65/100 | Batch 1800/4731 | Loss: 0.1949
Epoch 65/100 | Batch 2000/4731 | Loss: 0.2592
Epoch 65/100 | Batch 2200/4731 | Loss: 0.2598
Epoch 65/100 | Batch 2400/4731 | Loss: 0.2155
Epoch 65/100 | Batch 2600/4731 | Loss: 0.2294
Epoch 65/100 | Batch 2800/4731 | Loss: 0.2126
Epoch 65/100 | Batch 3000/4731 | Loss: 0.2911
Epoch 65/100 | Batch 3200/4731 | Loss: 0.2920
Epoch 65/100 | Batch 3400/4731 | Loss: 0.2160
Epoch 65/100 | Batch 3600/4731 | Loss: 0.2041
Epoch 65/100 | Batch 3800/4731 | Loss: 0.1930
Epoch 65/100 | Batch 4000/4731 | Loss: 0.1815
Epoch 65/100 | Batch 4200/4731 | Loss: 0.2320
Epoch 65/100 | Batch 4400/4731 | Loss: 0.2685
Epoch 65/100 | Batch 4600/4731 | Loss: 0.2112
====> Epoch 65 Average Loss: 0.2100 | LR: 0.000200
Epoch 66/100 | Batch 0/4731 | Loss: 0.2354
Epoch 66/100 | Batch 200/4731 | Loss: 0.2372
Epoch 66/100 | Batch 400/4731 | Loss: 0.1690
Epoch 66/100 | Batch 600/4731 | Loss: 0.2201
Epoch 66/100 | Batch 800/4731 | Loss: 0.2345
Epoch 66/100 | Batch 1000/4731 | Loss: 0.2272
Epoch 66/100 | Batch 1200/4731 | Loss: 0.2387
Epoch 66/100 | Batch 1400/4731 | Loss: 0.1664
Epoch 66/100 | Batch 1600/4731 | Loss: 0.2379
Epoch 66/100 | Batch 1800/4731 | Loss: 0.2127
Epoch 66/100 | Batch 2000/4731 | Loss: 0.2316
Epoch 66/100 | Batch 2200/4731 | Loss: 0.1706
Epoch 66/100 | Batch 2400/4731 | Loss: 0.2025
Epoch 66/100 | Batch 2600/4731 | Loss: 0.3239
Epoch 66/100 | Batch 2800/4731 | Loss: 0.1907
Epoch 66/100 | Batch 3000/4731 | Loss: 0.1769
Epoch 66/100 | Batch 3200/4731 | Loss: 0.1594
Epoch 66/100 | Batch 3400/4731 | Loss: 0.1905
Epoch 66/100 | Batch 3600/4731 | Loss: 0.1981
Epoch 66/100 | Batch 3800/4731 | Loss: 0.2126
Epoch 66/100 | Batch 4000/4731 | Loss: 0.2034
Epoch 66/100 | Batch 4200/4731 | Loss: 0.2010
Epoch 66/100 | Batch 4400/4731 | Loss: 0.1920
Epoch 66/100 | Batch 4600/4731 | Loss: 0.1867
====> Epoch 66 Average Loss: 0.2087 | LR: 0.000200
Epoch 67/100 | Batch 0/4731 | Loss: 0.1978
Epoch 67/100 | Batch 200/4731 | Loss: 0.1999
Epoch 67/100 | Batch 400/4731 | Loss: 0.1762
Epoch 67/100 | Batch 600/4731 | Loss: 0.1867
Epoch 67/100 | Batch 800/4731 | Loss: 0.2852
Epoch 67/100 | Batch 1000/4731 | Loss: 0.2520
Epoch 67/100 | Batch 1200/4731 | Loss: 0.1465
Epoch 67/100 | Batch 1400/4731 | Loss: 0.2325
Epoch 67/100 | Batch 1600/4731 | Loss: 0.1505
Epoch 67/100 | Batch 1800/4731 | Loss: 0.1875
Epoch 67/100 | Batch 2000/4731 | Loss: 0.2316
Epoch 67/100 | Batch 2200/4731 | Loss: 0.2100
Epoch 67/100 | Batch 2400/4731 | Loss: 0.2179
Epoch 67/100 | Batch 2600/4731 | Loss: 0.2228
Epoch 67/100 | Batch 2800/4731 | Loss: 0.2594
Epoch 67/100 | Batch 3000/4731 | Loss: 0.2027
Epoch 67/100 | Batch 3200/4731 | Loss: 0.1803
Epoch 67/100 | Batch 3400/4731 | Loss: 0.2186
Epoch 67/100 | Batch 3600/4731 | Loss: 0.1697
Epoch 67/100 | Batch 3800/4731 | Loss: 0.2042
Epoch 67/100 | Batch 4000/4731 | Loss: 0.2312
Epoch 67/100 | Batch 4200/4731 | Loss: 0.1938
Epoch 67/100 | Batch 4400/4731 | Loss: 0.1991
Epoch 67/100 | Batch 4600/4731 | Loss: 0.1447
====> Epoch 67 Average Loss: 0.2077 | LR: 0.000200
Epoch 68/100 | Batch 0/4731 | Loss: 0.2839
Epoch 68/100 | Batch 200/4731 | Loss: 0.1920
Epoch 68/100 | Batch 400/4731 | Loss: 0.1712
Epoch 68/100 | Batch 600/4731 | Loss: 0.2330
Epoch 68/100 | Batch 800/4731 | Loss: 0.2167
Epoch 68/100 | Batch 1000/4731 | Loss: 0.2320
Epoch 68/100 | Batch 1200/4731 | Loss: 0.2126
Epoch 68/100 | Batch 1400/4731 | Loss: 0.2068
Epoch 68/100 | Batch 1600/4731 | Loss: 0.2795
Epoch 68/100 | Batch 1800/4731 | Loss: 0.2314
Epoch 68/100 | Batch 2000/4731 | Loss: 0.1877
Epoch 68/100 | Batch 2200/4731 | Loss: 0.2713
Epoch 68/100 | Batch 2400/4731 | Loss: 0.2794
Epoch 68/100 | Batch 2600/4731 | Loss: 0.2338
Epoch 68/100 | Batch 2800/4731 | Loss: 0.2474
Epoch 68/100 | Batch 3000/4731 | Loss: 0.2123
Epoch 68/100 | Batch 3200/4731 | Loss: 0.2579
Epoch 68/100 | Batch 3400/4731 | Loss: 0.2659
Epoch 68/100 | Batch 3600/4731 | Loss: 0.2193
Epoch 68/100 | Batch 3800/4731 | Loss: 0.2063
Epoch 68/100 | Batch 4000/4731 | Loss: 0.2300
Epoch 68/100 | Batch 4200/4731 | Loss: 0.2715
Epoch 68/100 | Batch 4400/4731 | Loss: 0.2256
Epoch 68/100 | Batch 4600/4731 | Loss: 0.2034
====> Epoch 68 Average Loss: 0.2063 | LR: 0.000200
Epoch 69/100 | Batch 0/4731 | Loss: 0.1875
Epoch 69/100 | Batch 200/4731 | Loss: 0.2226
Epoch 69/100 | Batch 400/4731 | Loss: 0.1838
Epoch 69/100 | Batch 600/4731 | Loss: 0.2292
Epoch 69/100 | Batch 800/4731 | Loss: 0.1835
Epoch 69/100 | Batch 1000/4731 | Loss: 0.2159
Epoch 69/100 | Batch 1200/4731 | Loss: 0.2372
Epoch 69/100 | Batch 1400/4731 | Loss: 0.2214
Epoch 69/100 | Batch 1600/4731 | Loss: 0.2212
Epoch 69/100 | Batch 1800/4731 | Loss: 0.1583
Epoch 69/100 | Batch 2000/4731 | Loss: 0.1370
Epoch 69/100 | Batch 2200/4731 | Loss: 0.2357
Epoch 69/100 | Batch 2400/4731 | Loss: 0.2488
Epoch 69/100 | Batch 2600/4731 | Loss: 0.2229
Epoch 69/100 | Batch 2800/4731 | Loss: 0.2182
Epoch 69/100 | Batch 3000/4731 | Loss: 0.1362
Epoch 69/100 | Batch 3200/4731 | Loss: 0.1862
Epoch 69/100 | Batch 3400/4731 | Loss: 0.1429
Epoch 69/100 | Batch 3600/4731 | Loss: 0.2136
Epoch 69/100 | Batch 3800/4731 | Loss: 0.2398
Epoch 69/100 | Batch 4000/4731 | Loss: 0.1928
Epoch 69/100 | Batch 4200/4731 | Loss: 0.1709
Epoch 69/100 | Batch 4400/4731 | Loss: 0.1724
Epoch 69/100 | Batch 4600/4731 | Loss: 0.2311
====> Epoch 69 Average Loss: 0.2056 | LR: 0.000200
Epoch 70/100 | Batch 0/4731 | Loss: 0.2051
Epoch 70/100 | Batch 200/4731 | Loss: 0.1734
Epoch 70/100 | Batch 400/4731 | Loss: 0.1217
Epoch 70/100 | Batch 600/4731 | Loss: 0.1813
Epoch 70/100 | Batch 800/4731 | Loss: 0.1894
Epoch 70/100 | Batch 1000/4731 | Loss: 0.1837
Epoch 70/100 | Batch 1200/4731 | Loss: 0.2065
Epoch 70/100 | Batch 1400/4731 | Loss: 0.2316
Epoch 70/100 | Batch 1600/4731 | Loss: 0.2138
Epoch 70/100 | Batch 1800/4731 | Loss: 0.1839
Epoch 70/100 | Batch 2000/4731 | Loss: 0.2113
Epoch 70/100 | Batch 2200/4731 | Loss: 0.2172
Epoch 70/100 | Batch 2400/4731 | Loss: 0.1635
Epoch 70/100 | Batch 2600/4731 | Loss: 0.1954
Epoch 70/100 | Batch 2800/4731 | Loss: 0.2055
Epoch 70/100 | Batch 3000/4731 | Loss: 0.2207
Epoch 70/100 | Batch 3200/4731 | Loss: 0.2124
Epoch 70/100 | Batch 3400/4731 | Loss: 0.2406
Epoch 70/100 | Batch 3600/4731 | Loss: 0.1802
Epoch 70/100 | Batch 3800/4731 | Loss: 0.1870
Epoch 70/100 | Batch 4000/4731 | Loss: 0.2106
Epoch 70/100 | Batch 4200/4731 | Loss: 0.2286
Epoch 70/100 | Batch 4400/4731 | Loss: 0.2272
Epoch 70/100 | Batch 4600/4731 | Loss: 0.1897
====> Epoch 70 Average Loss: 0.2048 | LR: 0.000200
Epoch 71/100 | Batch 0/4731 | Loss: 0.1782
Epoch 71/100 | Batch 200/4731 | Loss: 0.2494
Epoch 71/100 | Batch 400/4731 | Loss: 0.2094
Epoch 71/100 | Batch 600/4731 | Loss: 0.2143
Epoch 71/100 | Batch 800/4731 | Loss: 0.2059
Epoch 71/100 | Batch 1000/4731 | Loss: 0.1790
Epoch 71/100 | Batch 1200/4731 | Loss: 0.2003
Epoch 71/100 | Batch 1400/4731 | Loss: 0.1558
Epoch 71/100 | Batch 1600/4731 | Loss: 0.1834
Epoch 71/100 | Batch 1800/4731 | Loss: 0.1928
Epoch 71/100 | Batch 2000/4731 | Loss: 0.1374
Epoch 71/100 | Batch 2200/4731 | Loss: 0.2059
Epoch 71/100 | Batch 2400/4731 | Loss: 0.2044
Epoch 71/100 | Batch 2600/4731 | Loss: 0.2068
Epoch 71/100 | Batch 2800/4731 | Loss: 0.2203
Epoch 71/100 | Batch 3000/4731 | Loss: 0.2475
Epoch 71/100 | Batch 3200/4731 | Loss: 0.2503
Epoch 71/100 | Batch 3400/4731 | Loss: 0.2279
Epoch 71/100 | Batch 3600/4731 | Loss: 0.2209
Epoch 71/100 | Batch 3800/4731 | Loss: 0.2225
Epoch 71/100 | Batch 4000/4731 | Loss: 0.1935
Epoch 71/100 | Batch 4200/4731 | Loss: 0.1817
Epoch 71/100 | Batch 4400/4731 | Loss: 0.1466
Epoch 71/100 | Batch 4600/4731 | Loss: 0.2202
====> Epoch 71 Average Loss: 0.2032 | LR: 0.000200
Epoch 72/100 | Batch 0/4731 | Loss: 0.1591
Epoch 72/100 | Batch 200/4731 | Loss: 0.2579
Epoch 72/100 | Batch 400/4731 | Loss: 0.2216
Epoch 72/100 | Batch 600/4731 | Loss: 0.2389
Epoch 72/100 | Batch 800/4731 | Loss: 0.1496
Epoch 72/100 | Batch 1000/4731 | Loss: 0.1902
Epoch 72/100 | Batch 1200/4731 | Loss: 0.2009
Epoch 72/100 | Batch 1400/4731 | Loss: 0.2449
Epoch 72/100 | Batch 1600/4731 | Loss: 0.2042
Epoch 72/100 | Batch 1800/4731 | Loss: 0.2265
Epoch 72/100 | Batch 2000/4731 | Loss: 0.1969
Epoch 72/100 | Batch 2200/4731 | Loss: 0.2065
Epoch 72/100 | Batch 2400/4731 | Loss: 0.1930
Epoch 72/100 | Batch 2600/4731 | Loss: 0.2095
Epoch 72/100 | Batch 2800/4731 | Loss: 0.2536
Epoch 72/100 | Batch 3000/4731 | Loss: 0.2418
Epoch 72/100 | Batch 3200/4731 | Loss: 0.2248
Epoch 72/100 | Batch 3400/4731 | Loss: 0.2400
Epoch 72/100 | Batch 3600/4731 | Loss: 0.1891
Epoch 72/100 | Batch 3800/4731 | Loss: 0.2244
Epoch 72/100 | Batch 4000/4731 | Loss: 0.2419
Epoch 72/100 | Batch 4200/4731 | Loss: 0.2432
Epoch 72/100 | Batch 4400/4731 | Loss: 0.1820
Epoch 72/100 | Batch 4600/4731 | Loss: 0.2010
====> Epoch 72 Average Loss: 0.2022 | LR: 0.000200
Epoch 73/100 | Batch 0/4731 | Loss: 0.2622
Epoch 73/100 | Batch 200/4731 | Loss: 0.1958
Epoch 73/100 | Batch 400/4731 | Loss: 0.1649
Epoch 73/100 | Batch 600/4731 | Loss: 0.2756
Epoch 73/100 | Batch 800/4731 | Loss: 0.1937
Epoch 73/100 | Batch 1000/4731 | Loss: 0.2427
Epoch 73/100 | Batch 1200/4731 | Loss: 0.1734
Epoch 73/100 | Batch 1400/4731 | Loss: 0.2083
Epoch 73/100 | Batch 1600/4731 | Loss: 0.1693
Epoch 73/100 | Batch 1800/4731 | Loss: 0.1732
Epoch 73/100 | Batch 2000/4731 | Loss: 0.2111
Epoch 73/100 | Batch 2200/4731 | Loss: 0.1758
Epoch 73/100 | Batch 2400/4731 | Loss: 0.2009
Epoch 73/100 | Batch 2600/4731 | Loss: 0.1741
Epoch 73/100 | Batch 2800/4731 | Loss: 0.1847
Epoch 73/100 | Batch 3000/4731 | Loss: 0.1914
Epoch 73/100 | Batch 3200/4731 | Loss: 0.2302
Epoch 73/100 | Batch 3400/4731 | Loss: 0.2441
Epoch 73/100 | Batch 3600/4731 | Loss: 0.1876
Epoch 73/100 | Batch 3800/4731 | Loss: 0.2266
Epoch 73/100 | Batch 4000/4731 | Loss: 0.2261
Epoch 73/100 | Batch 4200/4731 | Loss: 0.1712
Epoch 73/100 | Batch 4400/4731 | Loss: 0.1994
Epoch 73/100 | Batch 4600/4731 | Loss: 0.1571
====> Epoch 73 Average Loss: 0.2017 | LR: 0.000200
Epoch 74/100 | Batch 0/4731 | Loss: 0.1967
Epoch 74/100 | Batch 200/4731 | Loss: 0.1636
Epoch 74/100 | Batch 400/4731 | Loss: 0.1880
Epoch 74/100 | Batch 600/4731 | Loss: 0.2297
Epoch 74/100 | Batch 800/4731 | Loss: 0.2512
Epoch 74/100 | Batch 1000/4731 | Loss: 0.2858
Epoch 74/100 | Batch 1200/4731 | Loss: 0.1673
Epoch 74/100 | Batch 1400/4731 | Loss: 0.2116
Epoch 74/100 | Batch 1600/4731 | Loss: 0.2012
Epoch 74/100 | Batch 1800/4731 | Loss: 0.2184
Epoch 74/100 | Batch 2000/4731 | Loss: 0.2193
Epoch 74/100 | Batch 2200/4731 | Loss: 0.2157
Epoch 74/100 | Batch 2400/4731 | Loss: 0.2141
Epoch 74/100 | Batch 2600/4731 | Loss: 0.2527
Epoch 74/100 | Batch 2800/4731 | Loss: 0.2143
Epoch 74/100 | Batch 3000/4731 | Loss: 0.1844
Epoch 74/100 | Batch 3200/4731 | Loss: 0.2816
Epoch 74/100 | Batch 3400/4731 | Loss: 0.1791
Epoch 74/100 | Batch 3600/4731 | Loss: 0.2019
Epoch 74/100 | Batch 3800/4731 | Loss: 0.2100
Epoch 74/100 | Batch 4000/4731 | Loss: 0.1887
Epoch 74/100 | Batch 4200/4731 | Loss: 0.2113
Epoch 74/100 | Batch 4400/4731 | Loss: 0.1778
Epoch 74/100 | Batch 4600/4731 | Loss: 0.2605
====> Epoch 74 Average Loss: 0.2008 | LR: 0.000200
Epoch 75/100 | Batch 0/4731 | Loss: 0.2198
Epoch 75/100 | Batch 200/4731 | Loss: 0.2040
Epoch 75/100 | Batch 400/4731 | Loss: 0.1512
Epoch 75/100 | Batch 600/4731 | Loss: 0.2391
Epoch 75/100 | Batch 800/4731 | Loss: 0.1673
Epoch 75/100 | Batch 1000/4731 | Loss: 0.2229
Epoch 75/100 | Batch 1200/4731 | Loss: 0.2473
Epoch 75/100 | Batch 1400/4731 | Loss: 0.1443
Epoch 75/100 | Batch 1600/4731 | Loss: 0.2011
Epoch 75/100 | Batch 1800/4731 | Loss: 0.1590
Epoch 75/100 | Batch 2000/4731 | Loss: 0.1477
Epoch 75/100 | Batch 2200/4731 | Loss: 0.2279
Epoch 75/100 | Batch 2400/4731 | Loss: 0.2550
Epoch 75/100 | Batch 2600/4731 | Loss: 0.1964
Epoch 75/100 | Batch 2800/4731 | Loss: 0.2357
Epoch 75/100 | Batch 3000/4731 | Loss: 0.2068
Epoch 75/100 | Batch 3200/4731 | Loss: 0.2054
Epoch 75/100 | Batch 3400/4731 | Loss: 0.1986
Epoch 75/100 | Batch 3600/4731 | Loss: 0.1703
Epoch 75/100 | Batch 3800/4731 | Loss: 0.1870
Epoch 75/100 | Batch 4000/4731 | Loss: 0.1802
Epoch 75/100 | Batch 4200/4731 | Loss: 0.2248
Epoch 75/100 | Batch 4400/4731 | Loss: 0.1280
Epoch 75/100 | Batch 4600/4731 | Loss: 0.2031
====> Epoch 75 Average Loss: 0.1995 | LR: 0.000200
Epoch 76/100 | Batch 0/4731 | Loss: 0.1884
Epoch 76/100 | Batch 200/4731 | Loss: 0.1986
Epoch 76/100 | Batch 400/4731 | Loss: 0.2260
Epoch 76/100 | Batch 600/4731 | Loss: 0.2385
Epoch 76/100 | Batch 800/4731 | Loss: 0.1636
Epoch 76/100 | Batch 1000/4731 | Loss: 0.2182
Epoch 76/100 | Batch 1200/4731 | Loss: 0.1967
Epoch 76/100 | Batch 1400/4731 | Loss: 0.1856
Epoch 76/100 | Batch 1600/4731 | Loss: 0.1868
Epoch 76/100 | Batch 1800/4731 | Loss: 0.2454
Epoch 76/100 | Batch 2000/4731 | Loss: 0.2459
Epoch 76/100 | Batch 2200/4731 | Loss: 0.1849
Epoch 76/100 | Batch 2400/4731 | Loss: 0.1732
Epoch 76/100 | Batch 2600/4731 | Loss: 0.2076
Epoch 76/100 | Batch 2800/4731 | Loss: 0.2468
Epoch 76/100 | Batch 3000/4731 | Loss: 0.1777
Epoch 76/100 | Batch 3200/4731 | Loss: 0.1904
Epoch 76/100 | Batch 3400/4731 | Loss: 0.2251
Epoch 76/100 | Batch 3600/4731 | Loss: 0.1695
Epoch 76/100 | Batch 3800/4731 | Loss: 0.1932
Epoch 76/100 | Batch 4000/4731 | Loss: 0.1534
Epoch 76/100 | Batch 4200/4731 | Loss: 0.1499
Epoch 76/100 | Batch 4400/4731 | Loss: 0.1736
Epoch 76/100 | Batch 4600/4731 | Loss: 0.1381
====> Epoch 76 Average Loss: 0.1987 | LR: 0.000200
Epoch 77/100 | Batch 0/4731 | Loss: 0.1908
Epoch 77/100 | Batch 200/4731 | Loss: 0.2411
Epoch 77/100 | Batch 400/4731 | Loss: 0.1859
Epoch 77/100 | Batch 600/4731 | Loss: 0.2275
Epoch 77/100 | Batch 800/4731 | Loss: 0.1657
Epoch 77/100 | Batch 1000/4731 | Loss: 0.2017
Epoch 77/100 | Batch 1200/4731 | Loss: 0.2130
Epoch 77/100 | Batch 1400/4731 | Loss: 0.1825
Epoch 77/100 | Batch 1600/4731 | Loss: 0.2220
Epoch 77/100 | Batch 1800/4731 | Loss: 0.1695
Epoch 77/100 | Batch 2000/4731 | Loss: 0.1781
Epoch 77/100 | Batch 2200/4731 | Loss: 0.2022
Epoch 77/100 | Batch 2400/4731 | Loss: 0.3046
Epoch 77/100 | Batch 2600/4731 | Loss: 0.2558
Epoch 77/100 | Batch 2800/4731 | Loss: 0.2011
Epoch 77/100 | Batch 3000/4731 | Loss: 0.1814
Epoch 77/100 | Batch 3200/4731 | Loss: 0.2309
Epoch 77/100 | Batch 3400/4731 | Loss: 0.1861
Epoch 77/100 | Batch 3600/4731 | Loss: 0.1768
Epoch 77/100 | Batch 3800/4731 | Loss: 0.2348
Epoch 77/100 | Batch 4000/4731 | Loss: 0.1473
Epoch 77/100 | Batch 4200/4731 | Loss: 0.2280
Epoch 77/100 | Batch 4400/4731 | Loss: 0.1787
Epoch 77/100 | Batch 4600/4731 | Loss: 0.2335
====> Epoch 77 Average Loss: 0.1978 | LR: 0.000200
Epoch 78/100 | Batch 0/4731 | Loss: 0.1392
Epoch 78/100 | Batch 200/4731 | Loss: 0.2082
Epoch 78/100 | Batch 400/4731 | Loss: 0.2951
Epoch 78/100 | Batch 600/4731 | Loss: 0.2213
Epoch 78/100 | Batch 800/4731 | Loss: 0.2108
Epoch 78/100 | Batch 1000/4731 | Loss: 0.1632
Epoch 78/100 | Batch 1200/4731 | Loss: 0.2287
Epoch 78/100 | Batch 1400/4731 | Loss: 0.1857
Epoch 78/100 | Batch 1600/4731 | Loss: 0.1633
Epoch 78/100 | Batch 1800/4731 | Loss: 0.1593
Epoch 78/100 | Batch 2000/4731 | Loss: 0.2157
Epoch 78/100 | Batch 2200/4731 | Loss: 0.2123
Epoch 78/100 | Batch 2400/4731 | Loss: 0.1832
Epoch 78/100 | Batch 2600/4731 | Loss: 0.1744
Epoch 78/100 | Batch 2800/4731 | Loss: 0.1922
Epoch 78/100 | Batch 3000/4731 | Loss: 0.2577
Epoch 78/100 | Batch 3200/4731 | Loss: 0.1709
Epoch 78/100 | Batch 3400/4731 | Loss: 0.2756
Epoch 78/100 | Batch 3600/4731 | Loss: 0.1887
Epoch 78/100 | Batch 3800/4731 | Loss: 0.1358
Epoch 78/100 | Batch 4000/4731 | Loss: 0.1479
Epoch 78/100 | Batch 4200/4731 | Loss: 0.2374
Epoch 78/100 | Batch 4400/4731 | Loss: 0.2482
Epoch 78/100 | Batch 4600/4731 | Loss: 0.1631
====> Epoch 78 Average Loss: 0.1966 | LR: 0.000200
Epoch 79/100 | Batch 0/4731 | Loss: 0.1753
Epoch 79/100 | Batch 200/4731 | Loss: 0.1787
Epoch 79/100 | Batch 400/4731 | Loss: 0.1883
Epoch 79/100 | Batch 600/4731 | Loss: 0.1364
Epoch 79/100 | Batch 800/4731 | Loss: 0.1830
Epoch 79/100 | Batch 1000/4731 | Loss: 0.2458
Epoch 79/100 | Batch 1200/4731 | Loss: 0.2072
Epoch 79/100 | Batch 1400/4731 | Loss: 0.2426
Epoch 79/100 | Batch 1600/4731 | Loss: 0.1992
Epoch 79/100 | Batch 1800/4731 | Loss: 0.2476
Epoch 79/100 | Batch 2000/4731 | Loss: 0.2331
Epoch 79/100 | Batch 2200/4731 | Loss: 0.1605
Epoch 79/100 | Batch 2400/4731 | Loss: 0.1285
Epoch 79/100 | Batch 2600/4731 | Loss: 0.1719
Epoch 79/100 | Batch 2800/4731 | Loss: 0.1800
Epoch 79/100 | Batch 3000/4731 | Loss: 0.1587
Epoch 79/100 | Batch 3200/4731 | Loss: 0.1907
Epoch 79/100 | Batch 3400/4731 | Loss: 0.2313
Epoch 79/100 | Batch 3600/4731 | Loss: 0.1707
Epoch 79/100 | Batch 3800/4731 | Loss: 0.1523
Epoch 79/100 | Batch 4000/4731 | Loss: 0.2276
Epoch 79/100 | Batch 4200/4731 | Loss: 0.2075
Epoch 79/100 | Batch 4400/4731 | Loss: 0.2300
Epoch 79/100 | Batch 4600/4731 | Loss: 0.2169
====> Epoch 79 Average Loss: 0.1960 | LR: 0.000200
Epoch 80/100 | Batch 0/4731 | Loss: 0.2035
Epoch 80/100 | Batch 200/4731 | Loss: 0.1877
Epoch 80/100 | Batch 400/4731 | Loss: 0.1961
Epoch 80/100 | Batch 600/4731 | Loss: 0.2016
Epoch 80/100 | Batch 800/4731 | Loss: 0.2134
Epoch 80/100 | Batch 1000/4731 | Loss: 0.1799
Epoch 80/100 | Batch 1200/4731 | Loss: 0.2357
Epoch 80/100 | Batch 1400/4731 | Loss: 0.1998
Epoch 80/100 | Batch 1600/4731 | Loss: 0.2013
Epoch 80/100 | Batch 1800/4731 | Loss: 0.1406
Epoch 80/100 | Batch 2000/4731 | Loss: 0.1933
Epoch 80/100 | Batch 2200/4731 | Loss: 0.1909
Epoch 80/100 | Batch 2400/4731 | Loss: 0.2031
Epoch 80/100 | Batch 2600/4731 | Loss: 0.2212
Epoch 80/100 | Batch 2800/4731 | Loss: 0.1337
Epoch 80/100 | Batch 3000/4731 | Loss: 0.2279
Epoch 80/100 | Batch 3200/4731 | Loss: 0.1988
Epoch 80/100 | Batch 3400/4731 | Loss: 0.2154
Epoch 80/100 | Batch 3600/4731 | Loss: 0.2595
Epoch 80/100 | Batch 3800/4731 | Loss: 0.1882
Epoch 80/100 | Batch 4000/4731 | Loss: 0.2194
Epoch 80/100 | Batch 4200/4731 | Loss: 0.1869
Epoch 80/100 | Batch 4400/4731 | Loss: 0.2113
Epoch 80/100 | Batch 4600/4731 | Loss: 0.2149
====> Epoch 80 Average Loss: 0.1949 | LR: 0.000200
Epoch 81/100 | Batch 0/4731 | Loss: 0.1916
Epoch 81/100 | Batch 200/4731 | Loss: 0.1904
Epoch 81/100 | Batch 400/4731 | Loss: 0.1281
Epoch 81/100 | Batch 600/4731 | Loss: 0.2207
Epoch 81/100 | Batch 800/4731 | Loss: 0.1773
Epoch 81/100 | Batch 1000/4731 | Loss: 0.1526
Epoch 81/100 | Batch 1200/4731 | Loss: 0.1717
Epoch 81/100 | Batch 1400/4731 | Loss: 0.1900
Epoch 81/100 | Batch 1600/4731 | Loss: 0.1843
Epoch 81/100 | Batch 1800/4731 | Loss: 0.1533
Epoch 81/100 | Batch 2000/4731 | Loss: 0.2210
Epoch 81/100 | Batch 2200/4731 | Loss: 0.2228
Epoch 81/100 | Batch 2400/4731 | Loss: 0.1792
Epoch 81/100 | Batch 2600/4731 | Loss: 0.1947
Epoch 81/100 | Batch 2800/4731 | Loss: 0.1788
Epoch 81/100 | Batch 3000/4731 | Loss: 0.1590
Epoch 81/100 | Batch 3200/4731 | Loss: 0.2670
Epoch 81/100 | Batch 3400/4731 | Loss: 0.1977
Epoch 81/100 | Batch 3600/4731 | Loss: 0.1784
Epoch 81/100 | Batch 3800/4731 | Loss: 0.2113
Epoch 81/100 | Batch 4000/4731 | Loss: 0.1720
Epoch 81/100 | Batch 4200/4731 | Loss: 0.2033
Epoch 81/100 | Batch 4400/4731 | Loss: 0.2386
Epoch 81/100 | Batch 4600/4731 | Loss: 0.1621
====> Epoch 81 Average Loss: 0.1938 | LR: 0.000200
Epoch 82/100 | Batch 0/4731 | Loss: 0.1620
Epoch 82/100 | Batch 200/4731 | Loss: 0.1870
Epoch 82/100 | Batch 400/4731 | Loss: 0.1979
Epoch 82/100 | Batch 600/4731 | Loss: 0.1821
Epoch 82/100 | Batch 800/4731 | Loss: 0.1313
Epoch 82/100 | Batch 1000/4731 | Loss: 0.1774
Epoch 82/100 | Batch 1200/4731 | Loss: 0.1820
Epoch 82/100 | Batch 1400/4731 | Loss: 0.1532
Epoch 82/100 | Batch 1600/4731 | Loss: 0.2723
Epoch 82/100 | Batch 1800/4731 | Loss: 0.1689
Epoch 82/100 | Batch 2000/4731 | Loss: 0.2272
Epoch 82/100 | Batch 2200/4731 | Loss: 0.1706
Epoch 82/100 | Batch 2400/4731 | Loss: 0.1745
Epoch 82/100 | Batch 2600/4731 | Loss: 0.2610
Epoch 82/100 | Batch 2800/4731 | Loss: 0.1864
Epoch 82/100 | Batch 3000/4731 | Loss: 0.2158
Epoch 82/100 | Batch 3200/4731 | Loss: 0.2199
Epoch 82/100 | Batch 3400/4731 | Loss: 0.2095
Epoch 82/100 | Batch 3600/4731 | Loss: 0.1489
Epoch 82/100 | Batch 3800/4731 | Loss: 0.1667
Epoch 82/100 | Batch 4000/4731 | Loss: 0.2577
Epoch 82/100 | Batch 4200/4731 | Loss: 0.2248
Epoch 82/100 | Batch 4400/4731 | Loss: 0.1433
Epoch 82/100 | Batch 4600/4731 | Loss: 0.1652
====> Epoch 82 Average Loss: 0.1931 | LR: 0.000200
Epoch 83/100 | Batch 0/4731 | Loss: 0.1717
Epoch 83/100 | Batch 200/4731 | Loss: 0.2667
Epoch 83/100 | Batch 400/4731 | Loss: 0.1634
Epoch 83/100 | Batch 600/4731 | Loss: 0.1832
Epoch 83/100 | Batch 800/4731 | Loss: 0.2078
Epoch 83/100 | Batch 1000/4731 | Loss: 0.1955
Epoch 83/100 | Batch 1200/4731 | Loss: 0.1621
Epoch 83/100 | Batch 1400/4731 | Loss: 0.1534
Epoch 83/100 | Batch 1600/4731 | Loss: 0.1822
Epoch 83/100 | Batch 1800/4731 | Loss: 0.1849
Epoch 83/100 | Batch 2000/4731 | Loss: 0.1554
Epoch 83/100 | Batch 2200/4731 | Loss: 0.2572
Epoch 83/100 | Batch 2400/4731 | Loss: 0.2265
Epoch 83/100 | Batch 2600/4731 | Loss: 0.1745
Epoch 83/100 | Batch 2800/4731 | Loss: 0.1528
Epoch 83/100 | Batch 3000/4731 | Loss: 0.1245
Epoch 83/100 | Batch 3200/4731 | Loss: 0.2081
Epoch 83/100 | Batch 3400/4731 | Loss: 0.2058
Epoch 83/100 | Batch 3600/4731 | Loss: 0.1850
Epoch 83/100 | Batch 3800/4731 | Loss: 0.2034
Epoch 83/100 | Batch 4000/4731 | Loss: 0.1140
Epoch 83/100 | Batch 4200/4731 | Loss: 0.1965
Epoch 83/100 | Batch 4400/4731 | Loss: 0.1818
Epoch 83/100 | Batch 4600/4731 | Loss: 0.2384
====> Epoch 83 Average Loss: 0.1921 | LR: 0.000200
Epoch 84/100 | Batch 0/4731 | Loss: 0.2268
Epoch 84/100 | Batch 200/4731 | Loss: 0.1486
Epoch 84/100 | Batch 400/4731 | Loss: 0.1347
Epoch 84/100 | Batch 600/4731 | Loss: 0.1762
Epoch 84/100 | Batch 800/4731 | Loss: 0.1666
Epoch 84/100 | Batch 1000/4731 | Loss: 0.1804
Epoch 84/100 | Batch 1200/4731 | Loss: 0.2235
Epoch 84/100 | Batch 1400/4731 | Loss: 0.1562
Epoch 84/100 | Batch 1600/4731 | Loss: 0.1903
Epoch 84/100 | Batch 1800/4731 | Loss: 0.2065
Epoch 84/100 | Batch 2000/4731 | Loss: 0.1885
Epoch 84/100 | Batch 2200/4731 | Loss: 0.2669
Epoch 84/100 | Batch 2400/4731 | Loss: 0.1531
Epoch 84/100 | Batch 2600/4731 | Loss: 0.1786
Epoch 84/100 | Batch 2800/4731 | Loss: 0.1843
Epoch 84/100 | Batch 3000/4731 | Loss: 0.1890
Epoch 84/100 | Batch 3200/4731 | Loss: 0.2041
Epoch 84/100 | Batch 3400/4731 | Loss: 0.1597
Epoch 84/100 | Batch 3600/4731 | Loss: 0.1834
Epoch 84/100 | Batch 3800/4731 | Loss: 0.1946
Epoch 84/100 | Batch 4000/4731 | Loss: 0.1847
Epoch 84/100 | Batch 4200/4731 | Loss: 0.1965
Epoch 84/100 | Batch 4400/4731 | Loss: 0.1696
Epoch 84/100 | Batch 4600/4731 | Loss: 0.1382
====> Epoch 84 Average Loss: 0.1917 | LR: 0.000200
Epoch 85/100 | Batch 0/4731 | Loss: 0.1453
Epoch 85/100 | Batch 200/4731 | Loss: 0.2104
Epoch 85/100 | Batch 400/4731 | Loss: 0.2112
Epoch 85/100 | Batch 600/4731 | Loss: 0.1513
Epoch 85/100 | Batch 800/4731 | Loss: 0.1342
Epoch 85/100 | Batch 1000/4731 | Loss: 0.1313
Epoch 85/100 | Batch 1200/4731 | Loss: 0.1923
Epoch 85/100 | Batch 1400/4731 | Loss: 0.1607
Epoch 85/100 | Batch 1600/4731 | Loss: 0.2078
Epoch 85/100 | Batch 1800/4731 | Loss: 0.2169
Epoch 85/100 | Batch 2000/4731 | Loss: 0.1915
Epoch 85/100 | Batch 2200/4731 | Loss: 0.1740
Epoch 85/100 | Batch 2400/4731 | Loss: 0.1758
Epoch 85/100 | Batch 2600/4731 | Loss: 0.2107
Epoch 85/100 | Batch 2800/4731 | Loss: 0.1811
Epoch 85/100 | Batch 3000/4731 | Loss: 0.1691
Epoch 85/100 | Batch 3200/4731 | Loss: 0.1860
Epoch 85/100 | Batch 3400/4731 | Loss: 0.2232
Epoch 85/100 | Batch 3600/4731 | Loss: 0.1742
Epoch 85/100 | Batch 3800/4731 | Loss: 0.1916
Epoch 85/100 | Batch 4000/4731 | Loss: 0.2645
Epoch 85/100 | Batch 4200/4731 | Loss: 0.2436
Epoch 85/100 | Batch 4400/4731 | Loss: 0.1774
Epoch 85/100 | Batch 4600/4731 | Loss: 0.2229
====> Epoch 85 Average Loss: 0.1907 | LR: 0.000200
Epoch 86/100 | Batch 0/4731 | Loss: 0.2067
Epoch 86/100 | Batch 200/4731 | Loss: 0.1822
Epoch 86/100 | Batch 400/4731 | Loss: 0.2324
Epoch 86/100 | Batch 600/4731 | Loss: 0.2372
Epoch 86/100 | Batch 800/4731 | Loss: 0.1832
Epoch 86/100 | Batch 1000/4731 | Loss: 0.1771
Epoch 86/100 | Batch 1200/4731 | Loss: 0.1903
Epoch 86/100 | Batch 1400/4731 | Loss: 0.2072
Epoch 86/100 | Batch 1600/4731 | Loss: 0.1932
Epoch 86/100 | Batch 1800/4731 | Loss: 0.2012
Epoch 86/100 | Batch 2000/4731 | Loss: 0.2305
Epoch 86/100 | Batch 2200/4731 | Loss: 0.2301
Epoch 86/100 | Batch 2400/4731 | Loss: 0.1381
Epoch 86/100 | Batch 2600/4731 | Loss: 0.1566
Epoch 86/100 | Batch 2800/4731 | Loss: 0.2107
Epoch 86/100 | Batch 3000/4731 | Loss: 0.2000
Epoch 86/100 | Batch 3200/4731 | Loss: 0.1758
Epoch 86/100 | Batch 3400/4731 | Loss: 0.1849
Epoch 86/100 | Batch 3600/4731 | Loss: 0.2809
Epoch 86/100 | Batch 3800/4731 | Loss: 0.2653
Epoch 86/100 | Batch 4000/4731 | Loss: 0.1733
Epoch 86/100 | Batch 4200/4731 | Loss: 0.2462
Epoch 86/100 | Batch 4400/4731 | Loss: 0.1457
Epoch 86/100 | Batch 4600/4731 | Loss: 0.2581
====> Epoch 86 Average Loss: 0.1899 | LR: 0.000200
Epoch 87/100 | Batch 0/4731 | Loss: 0.1865
Epoch 87/100 | Batch 200/4731 | Loss: 0.1432
Epoch 87/100 | Batch 400/4731 | Loss: 0.1871
Epoch 87/100 | Batch 600/4731 | Loss: 0.2492
Epoch 87/100 | Batch 800/4731 | Loss: 0.2201
Epoch 87/100 | Batch 1000/4731 | Loss: 0.1204
Epoch 87/100 | Batch 1200/4731 | Loss: 0.1524
Epoch 87/100 | Batch 1400/4731 | Loss: 0.1902
Epoch 87/100 | Batch 1600/4731 | Loss: 0.2123
Epoch 87/100 | Batch 1800/4731 | Loss: 0.1575
Epoch 87/100 | Batch 2000/4731 | Loss: 0.1725
Epoch 87/100 | Batch 2200/4731 | Loss: 0.2083
Epoch 87/100 | Batch 2400/4731 | Loss: 0.1626
Epoch 87/100 | Batch 2600/4731 | Loss: 0.2336
Epoch 87/100 | Batch 2800/4731 | Loss: 0.1887
Epoch 87/100 | Batch 3000/4731 | Loss: 0.2078
Epoch 87/100 | Batch 3200/4731 | Loss: 0.1835
Epoch 87/100 | Batch 3400/4731 | Loss: 0.2338
Epoch 87/100 | Batch 3600/4731 | Loss: 0.1628
Epoch 87/100 | Batch 3800/4731 | Loss: 0.1638
Epoch 87/100 | Batch 4000/4731 | Loss: 0.1605
Epoch 87/100 | Batch 4200/4731 | Loss: 0.1328
Epoch 87/100 | Batch 4400/4731 | Loss: 0.1698
Epoch 87/100 | Batch 4600/4731 | Loss: 0.1639
====> Epoch 87 Average Loss: 0.1889 | LR: 0.000200
Epoch 88/100 | Batch 0/4731 | Loss: 0.2090
Epoch 88/100 | Batch 200/4731 | Loss: 0.1855
Epoch 88/100 | Batch 400/4731 | Loss: 0.1933
Epoch 88/100 | Batch 600/4731 | Loss: 0.1842
Epoch 88/100 | Batch 800/4731 | Loss: 0.2022
Epoch 88/100 | Batch 1000/4731 | Loss: 0.2052
Epoch 88/100 | Batch 1200/4731 | Loss: 0.1601
Epoch 88/100 | Batch 1400/4731 | Loss: 0.1498
Epoch 88/100 | Batch 1600/4731 | Loss: 0.2111
Epoch 88/100 | Batch 1800/4731 | Loss: 0.2145
Epoch 88/100 | Batch 2000/4731 | Loss: 0.2179
Epoch 88/100 | Batch 2200/4731 | Loss: 0.2395
Epoch 88/100 | Batch 2400/4731 | Loss: 0.1256
Epoch 88/100 | Batch 2600/4731 | Loss: 0.1634
Epoch 88/100 | Batch 2800/4731 | Loss: 0.3241
Epoch 88/100 | Batch 3000/4731 | Loss: 0.1705
Epoch 88/100 | Batch 3200/4731 | Loss: 0.1059
Epoch 88/100 | Batch 3400/4731 | Loss: 0.2050
Epoch 88/100 | Batch 3600/4731 | Loss: 0.1776
Epoch 88/100 | Batch 3800/4731 | Loss: 0.1614
Epoch 88/100 | Batch 4000/4731 | Loss: 0.2029
Epoch 88/100 | Batch 4200/4731 | Loss: 0.1912
Epoch 88/100 | Batch 4400/4731 | Loss: 0.2525
Epoch 88/100 | Batch 4600/4731 | Loss: 0.2458
====> Epoch 88 Average Loss: 0.1882 | LR: 0.000200
Epoch 89/100 | Batch 0/4731 | Loss: 0.1910
Epoch 89/100 | Batch 200/4731 | Loss: 0.1788
Epoch 89/100 | Batch 400/4731 | Loss: 0.2113
Epoch 89/100 | Batch 600/4731 | Loss: 0.1971
Epoch 89/100 | Batch 800/4731 | Loss: 0.2113
Epoch 89/100 | Batch 1000/4731 | Loss: 0.1737
Epoch 89/100 | Batch 1200/4731 | Loss: 0.1926
Epoch 89/100 | Batch 1400/4731 | Loss: 0.1980
Epoch 89/100 | Batch 1600/4731 | Loss: 0.2027
Epoch 89/100 | Batch 1800/4731 | Loss: 0.1640
Epoch 89/100 | Batch 2000/4731 | Loss: 0.2145
Epoch 89/100 | Batch 2200/4731 | Loss: 0.1874
Epoch 89/100 | Batch 2400/4731 | Loss: 0.1928
Epoch 89/100 | Batch 2600/4731 | Loss: 0.2108
Epoch 89/100 | Batch 2800/4731 | Loss: 0.1850
Epoch 89/100 | Batch 3000/4731 | Loss: 0.1691
Epoch 89/100 | Batch 3200/4731 | Loss: 0.1954
Epoch 89/100 | Batch 3400/4731 | Loss: 0.1948
Epoch 89/100 | Batch 3600/4731 | Loss: 0.2068
Epoch 89/100 | Batch 3800/4731 | Loss: 0.1615
Epoch 89/100 | Batch 4000/4731 | Loss: 0.1579
Epoch 89/100 | Batch 4200/4731 | Loss: 0.2114
Epoch 89/100 | Batch 4400/4731 | Loss: 0.2057
Epoch 89/100 | Batch 4600/4731 | Loss: 0.2030
====> Epoch 89 Average Loss: 0.1869 | LR: 0.000200
Epoch 90/100 | Batch 0/4731 | Loss: 0.1395
Epoch 90/100 | Batch 200/4731 | Loss: 0.2770
Epoch 90/100 | Batch 400/4731 | Loss: 0.1920
Epoch 90/100 | Batch 600/4731 | Loss: 0.1668
Epoch 90/100 | Batch 800/4731 | Loss: 0.1614
Epoch 90/100 | Batch 1000/4731 | Loss: 0.2421
Epoch 90/100 | Batch 1200/4731 | Loss: 0.2040
Epoch 90/100 | Batch 1400/4731 | Loss: 0.1993
Epoch 90/100 | Batch 1600/4731 | Loss: 0.1757
Epoch 90/100 | Batch 1800/4731 | Loss: 0.1774
Epoch 90/100 | Batch 2000/4731 | Loss: 0.2358
Epoch 90/100 | Batch 2200/4731 | Loss: 0.1903
Epoch 90/100 | Batch 2400/4731 | Loss: 0.1754
Epoch 90/100 | Batch 2600/4731 | Loss: 0.1914
Epoch 90/100 | Batch 2800/4731 | Loss: 0.1443
Epoch 90/100 | Batch 3000/4731 | Loss: 0.1788
Epoch 90/100 | Batch 3200/4731 | Loss: 0.1812
Epoch 90/100 | Batch 3400/4731 | Loss: 0.1931
Epoch 90/100 | Batch 3600/4731 | Loss: 0.1332
Epoch 90/100 | Batch 3800/4731 | Loss: 0.1441
Epoch 90/100 | Batch 4000/4731 | Loss: 0.1746
Epoch 90/100 | Batch 4200/4731 | Loss: 0.1759
Epoch 90/100 | Batch 4400/4731 | Loss: 0.2224
Epoch 90/100 | Batch 4600/4731 | Loss: 0.1676
====> Epoch 90 Average Loss: 0.1863 | LR: 0.000200
Epoch 91/100 | Batch 0/4731 | Loss: 0.1711
Epoch 91/100 | Batch 200/4731 | Loss: 0.1392
Epoch 91/100 | Batch 400/4731 | Loss: 0.2054
Epoch 91/100 | Batch 600/4731 | Loss: 0.1466
Epoch 91/100 | Batch 800/4731 | Loss: 0.1516
Epoch 91/100 | Batch 1000/4731 | Loss: 0.1777
Epoch 91/100 | Batch 1200/4731 | Loss: 0.2819
Epoch 91/100 | Batch 1400/4731 | Loss: 0.1769
Epoch 91/100 | Batch 1600/4731 | Loss: 0.1693
Epoch 91/100 | Batch 1800/4731 | Loss: 0.2085
Epoch 91/100 | Batch 2000/4731 | Loss: 0.1900
Epoch 91/100 | Batch 2200/4731 | Loss: 0.1753
Epoch 91/100 | Batch 2400/4731 | Loss: 0.1815
Epoch 91/100 | Batch 2600/4731 | Loss: 0.1969
Epoch 91/100 | Batch 2800/4731 | Loss: 0.1664
Epoch 91/100 | Batch 3000/4731 | Loss: 0.1683
Epoch 91/100 | Batch 3200/4731 | Loss: 0.1761
Epoch 91/100 | Batch 3400/4731 | Loss: 0.2286
Epoch 91/100 | Batch 3600/4731 | Loss: 0.1545
Epoch 91/100 | Batch 3800/4731 | Loss: 0.1850
Epoch 91/100 | Batch 4000/4731 | Loss: 0.2784
Epoch 91/100 | Batch 4200/4731 | Loss: 0.2074
Epoch 91/100 | Batch 4400/4731 | Loss: 0.2097
Epoch 91/100 | Batch 4600/4731 | Loss: 0.1940
====> Epoch 91 Average Loss: 0.1855 | LR: 0.000200
Epoch 92/100 | Batch 0/4731 | Loss: 0.2023
Epoch 92/100 | Batch 200/4731 | Loss: 0.2242
Epoch 92/100 | Batch 400/4731 | Loss: 0.2075
Epoch 92/100 | Batch 600/4731 | Loss: 0.1999
Epoch 92/100 | Batch 800/4731 | Loss: 0.1665
Epoch 92/100 | Batch 1000/4731 | Loss: 0.1626
Epoch 92/100 | Batch 1200/4731 | Loss: 0.2400
Epoch 92/100 | Batch 1400/4731 | Loss: 0.1803
Epoch 92/100 | Batch 1600/4731 | Loss: 0.1535
Epoch 92/100 | Batch 1800/4731 | Loss: 0.1544
Epoch 92/100 | Batch 2000/4731 | Loss: 0.1609
Epoch 92/100 | Batch 2200/4731 | Loss: 0.1690
Epoch 92/100 | Batch 2400/4731 | Loss: 0.2009
Epoch 92/100 | Batch 2600/4731 | Loss: 0.1748
Epoch 92/100 | Batch 2800/4731 | Loss: 0.2168
Epoch 92/100 | Batch 3000/4731 | Loss: 0.1602
Epoch 92/100 | Batch 3200/4731 | Loss: 0.2051
Epoch 92/100 | Batch 3400/4731 | Loss: 0.2155
Epoch 92/100 | Batch 3600/4731 | Loss: 0.1681
Epoch 92/100 | Batch 3800/4731 | Loss: 0.1824
Epoch 92/100 | Batch 4000/4731 | Loss: 0.1775
Epoch 92/100 | Batch 4200/4731 | Loss: 0.1309
Epoch 92/100 | Batch 4400/4731 | Loss: 0.1685
Epoch 92/100 | Batch 4600/4731 | Loss: 0.2264
====> Epoch 92 Average Loss: 0.1847 | LR: 0.000200
Epoch 93/100 | Batch 0/4731 | Loss: 0.1444
Epoch 93/100 | Batch 200/4731 | Loss: 0.1807
Epoch 93/100 | Batch 400/4731 | Loss: 0.1748
Epoch 93/100 | Batch 600/4731 | Loss: 0.1122
Epoch 93/100 | Batch 800/4731 | Loss: 0.1955
Epoch 93/100 | Batch 1000/4731 | Loss: 0.1811
Epoch 93/100 | Batch 1200/4731 | Loss: 0.1810
Epoch 93/100 | Batch 1400/4731 | Loss: 0.1856
Epoch 93/100 | Batch 1600/4731 | Loss: 0.1833
Epoch 93/100 | Batch 1800/4731 | Loss: 0.1402
Epoch 93/100 | Batch 2000/4731 | Loss: 0.1727
Epoch 93/100 | Batch 2200/4731 | Loss: 0.2370
Epoch 93/100 | Batch 2400/4731 | Loss: 0.1423
Epoch 93/100 | Batch 2600/4731 | Loss: 0.2038
Epoch 93/100 | Batch 2800/4731 | Loss: 0.2255
Epoch 93/100 | Batch 3000/4731 | Loss: 0.2409
Epoch 93/100 | Batch 3200/4731 | Loss: 0.1694
Epoch 93/100 | Batch 3400/4731 | Loss: 0.1947
Epoch 93/100 | Batch 3600/4731 | Loss: 0.2152
Epoch 93/100 | Batch 3800/4731 | Loss: 0.1471
Epoch 93/100 | Batch 4000/4731 | Loss: 0.2070
Epoch 93/100 | Batch 4200/4731 | Loss: 0.1322
Epoch 93/100 | Batch 4400/4731 | Loss: 0.2257
Epoch 93/100 | Batch 4600/4731 | Loss: 0.1522
====> Epoch 93 Average Loss: 0.1839 | LR: 0.000200
Epoch 94/100 | Batch 0/4731 | Loss: 0.1678
Epoch 94/100 | Batch 200/4731 | Loss: 0.1526
Epoch 94/100 | Batch 400/4731 | Loss: 0.2147
Epoch 94/100 | Batch 600/4731 | Loss: 0.1809
Epoch 94/100 | Batch 800/4731 | Loss: 0.2860
Epoch 94/100 | Batch 1000/4731 | Loss: 0.1511
Epoch 94/100 | Batch 1200/4731 | Loss: 0.1393
Epoch 94/100 | Batch 1400/4731 | Loss: 0.1701
Epoch 94/100 | Batch 1600/4731 | Loss: 0.2012
Epoch 94/100 | Batch 1800/4731 | Loss: 0.1851
Epoch 94/100 | Batch 2000/4731 | Loss: 0.2258
Epoch 94/100 | Batch 2200/4731 | Loss: 0.2758
Epoch 94/100 | Batch 2400/4731 | Loss: 0.1250
Epoch 94/100 | Batch 2600/4731 | Loss: 0.2030
Epoch 94/100 | Batch 2800/4731 | Loss: 0.1637
Epoch 94/100 | Batch 3000/4731 | Loss: 0.1659
Epoch 94/100 | Batch 3200/4731 | Loss: 0.2114
Epoch 94/100 | Batch 3400/4731 | Loss: 0.1522
Epoch 94/100 | Batch 3600/4731 | Loss: 0.1706
Epoch 94/100 | Batch 3800/4731 | Loss: 0.1883
Epoch 94/100 | Batch 4000/4731 | Loss: 0.2004
Epoch 94/100 | Batch 4200/4731 | Loss: 0.2059
Epoch 94/100 | Batch 4400/4731 | Loss: 0.2602
Epoch 94/100 | Batch 4600/4731 | Loss: 0.1241
====> Epoch 94 Average Loss: 0.1829 | LR: 0.000200
Epoch 95/100 | Batch 0/4731 | Loss: 0.2015
Epoch 95/100 | Batch 200/4731 | Loss: 0.1191
Epoch 95/100 | Batch 400/4731 | Loss: 0.1578
Epoch 95/100 | Batch 600/4731 | Loss: 0.1757
Epoch 95/100 | Batch 800/4731 | Loss: 0.2101
Epoch 95/100 | Batch 1000/4731 | Loss: 0.1356
Epoch 95/100 | Batch 1200/4731 | Loss: 0.1335
Epoch 95/100 | Batch 1400/4731 | Loss: 0.1709
Epoch 95/100 | Batch 1600/4731 | Loss: 0.2025
Epoch 95/100 | Batch 1800/4731 | Loss: 0.1682
Epoch 95/100 | Batch 2000/4731 | Loss: 0.1286
Epoch 95/100 | Batch 2200/4731 | Loss: 0.1754
Epoch 95/100 | Batch 2400/4731 | Loss: 0.1681
Epoch 95/100 | Batch 2600/4731 | Loss: 0.1634
Epoch 95/100 | Batch 2800/4731 | Loss: 0.1191
Epoch 95/100 | Batch 3000/4731 | Loss: 0.1633
Epoch 95/100 | Batch 3200/4731 | Loss: 0.1300
Epoch 95/100 | Batch 3400/4731 | Loss: 0.1765
Epoch 95/100 | Batch 3600/4731 | Loss: 0.1984
Epoch 95/100 | Batch 3800/4731 | Loss: 0.1862
Epoch 95/100 | Batch 4000/4731 | Loss: 0.2684
Epoch 95/100 | Batch 4200/4731 | Loss: 0.1635
Epoch 95/100 | Batch 4400/4731 | Loss: 0.1634
Epoch 95/100 | Batch 4600/4731 | Loss: 0.2081
====> Epoch 95 Average Loss: 0.1818 | LR: 0.000200
Epoch 96/100 | Batch 0/4731 | Loss: 0.2183
Epoch 96/100 | Batch 200/4731 | Loss: 0.1419
Epoch 96/100 | Batch 400/4731 | Loss: 0.1958
Epoch 96/100 | Batch 600/4731 | Loss: 0.1775
Epoch 96/100 | Batch 800/4731 | Loss: 0.1847
Epoch 96/100 | Batch 1000/4731 | Loss: 0.2005
Epoch 96/100 | Batch 1200/4731 | Loss: 0.1315
Epoch 96/100 | Batch 1400/4731 | Loss: 0.1837
Epoch 96/100 | Batch 1600/4731 | Loss: 0.1922
Epoch 96/100 | Batch 1800/4731 | Loss: 0.1913
Epoch 96/100 | Batch 2000/4731 | Loss: 0.2037
Epoch 96/100 | Batch 2200/4731 | Loss: 0.1629
Epoch 96/100 | Batch 2400/4731 | Loss: 0.1972
Epoch 96/100 | Batch 2600/4731 | Loss: 0.1929
Epoch 96/100 | Batch 2800/4731 | Loss: 0.1472
Epoch 96/100 | Batch 3000/4731 | Loss: 0.1524
Epoch 96/100 | Batch 3200/4731 | Loss: 0.1849
Epoch 96/100 | Batch 3400/4731 | Loss: 0.2042
Epoch 96/100 | Batch 3600/4731 | Loss: 0.2182
Epoch 96/100 | Batch 3800/4731 | Loss: 0.2151
Epoch 96/100 | Batch 4000/4731 | Loss: 0.2534
Epoch 96/100 | Batch 4200/4731 | Loss: 0.1546
Epoch 96/100 | Batch 4400/4731 | Loss: 0.1869
Epoch 96/100 | Batch 4600/4731 | Loss: 0.1949
====> Epoch 96 Average Loss: 0.1816 | LR: 0.000200
Epoch 97/100 | Batch 0/4731 | Loss: 0.1633
Epoch 97/100 | Batch 200/4731 | Loss: 0.1537
Epoch 97/100 | Batch 400/4731 | Loss: 0.1661
Epoch 97/100 | Batch 600/4731 | Loss: 0.1272
Epoch 97/100 | Batch 800/4731 | Loss: 0.2260
Epoch 97/100 | Batch 1000/4731 | Loss: 0.1795
Epoch 97/100 | Batch 1200/4731 | Loss: 0.1435
Epoch 97/100 | Batch 1400/4731 | Loss: 0.1756
Epoch 97/100 | Batch 1600/4731 | Loss: 0.1396
Epoch 97/100 | Batch 1800/4731 | Loss: 0.2177
Epoch 97/100 | Batch 2000/4731 | Loss: 0.2261
Epoch 97/100 | Batch 2200/4731 | Loss: 0.1651
Epoch 97/100 | Batch 2400/4731 | Loss: 0.1978
Epoch 97/100 | Batch 2600/4731 | Loss: 0.1926
Epoch 97/100 | Batch 2800/4731 | Loss: 0.1710
Epoch 97/100 | Batch 3000/4731 | Loss: 0.1414
Epoch 97/100 | Batch 3200/4731 | Loss: 0.1861
Epoch 97/100 | Batch 3400/4731 | Loss: 0.1750
Epoch 97/100 | Batch 3600/4731 | Loss: 0.1552
Epoch 97/100 | Batch 3800/4731 | Loss: 0.1902
Epoch 97/100 | Batch 4000/4731 | Loss: 0.2141
Epoch 97/100 | Batch 4200/4731 | Loss: 0.1787
Epoch 97/100 | Batch 4400/4731 | Loss: 0.1703
Epoch 97/100 | Batch 4600/4731 | Loss: 0.1400
====> Epoch 97 Average Loss: 0.1805 | LR: 0.000200
Epoch 98/100 | Batch 0/4731 | Loss: 0.1585
Epoch 98/100 | Batch 200/4731 | Loss: 0.1446
Epoch 98/100 | Batch 400/4731 | Loss: 0.2219
Epoch 98/100 | Batch 600/4731 | Loss: 0.1899
Epoch 98/100 | Batch 800/4731 | Loss: 0.1593
Epoch 98/100 | Batch 1000/4731 | Loss: 0.1194
Epoch 98/100 | Batch 1200/4731 | Loss: 0.1815
Epoch 98/100 | Batch 1400/4731 | Loss: 0.1617
Epoch 98/100 | Batch 1600/4731 | Loss: 0.2038
Epoch 98/100 | Batch 1800/4731 | Loss: 0.1505
Epoch 98/100 | Batch 2000/4731 | Loss: 0.1491
Epoch 98/100 | Batch 2200/4731 | Loss: 0.1834
Epoch 98/100 | Batch 2400/4731 | Loss: 0.2068
Epoch 98/100 | Batch 2600/4731 | Loss: 0.1593
Epoch 98/100 | Batch 2800/4731 | Loss: 0.1518
Epoch 98/100 | Batch 3000/4731 | Loss: 0.1387
Epoch 98/100 | Batch 3200/4731 | Loss: 0.1490
Epoch 98/100 | Batch 3400/4731 | Loss: 0.1750
Epoch 98/100 | Batch 3600/4731 | Loss: 0.1838
Epoch 98/100 | Batch 3800/4731 | Loss: 0.1950
Epoch 98/100 | Batch 4000/4731 | Loss: 0.1813
Epoch 98/100 | Batch 4200/4731 | Loss: 0.2254
Epoch 98/100 | Batch 4400/4731 | Loss: 0.2366
Epoch 98/100 | Batch 4600/4731 | Loss: 0.1334
====> Epoch 98 Average Loss: 0.1804 | LR: 0.000200
Epoch 99/100 | Batch 0/4731 | Loss: 0.2123
Epoch 99/100 | Batch 200/4731 | Loss: 0.1392
Epoch 99/100 | Batch 400/4731 | Loss: 0.1803
Epoch 99/100 | Batch 600/4731 | Loss: 0.2065
Epoch 99/100 | Batch 800/4731 | Loss: 0.1467
Epoch 99/100 | Batch 1000/4731 | Loss: 0.1137
Epoch 99/100 | Batch 1200/4731 | Loss: 0.1757
Epoch 99/100 | Batch 1400/4731 | Loss: 0.1702
Epoch 99/100 | Batch 1600/4731 | Loss: 0.1988
Epoch 99/100 | Batch 1800/4731 | Loss: 0.2006
Epoch 99/100 | Batch 2000/4731 | Loss: 0.1611
Epoch 99/100 | Batch 2200/4731 | Loss: 0.1604
Epoch 99/100 | Batch 2400/4731 | Loss: 0.2286
Epoch 99/100 | Batch 2600/4731 | Loss: 0.1828
Epoch 99/100 | Batch 2800/4731 | Loss: 0.1731
Epoch 99/100 | Batch 3000/4731 | Loss: 0.1608
Epoch 99/100 | Batch 3200/4731 | Loss: 0.1409
Epoch 99/100 | Batch 3400/4731 | Loss: 0.2023
Epoch 99/100 | Batch 3600/4731 | Loss: 0.1942
Epoch 99/100 | Batch 3800/4731 | Loss: 0.1390
Epoch 99/100 | Batch 4000/4731 | Loss: 0.1729
Epoch 99/100 | Batch 4200/4731 | Loss: 0.1548
Epoch 99/100 | Batch 4400/4731 | Loss: 0.2299
Epoch 99/100 | Batch 4600/4731 | Loss: 0.2342
====> Epoch 99 Average Loss: 0.1792 | LR: 0.000200
Epoch 100/100 | Batch 0/4731 | Loss: 0.1685
Epoch 100/100 | Batch 200/4731 | Loss: 0.1417
Epoch 100/100 | Batch 400/4731 | Loss: 0.1878
Epoch 100/100 | Batch 600/4731 | Loss: 0.1790
Epoch 100/100 | Batch 800/4731 | Loss: 0.2110
Epoch 100/100 | Batch 1000/4731 | Loss: 0.1620
Epoch 100/100 | Batch 1200/4731 | Loss: 0.2191
Epoch 100/100 | Batch 1400/4731 | Loss: 0.1297
Epoch 100/100 | Batch 1600/4731 | Loss: 0.2092
Epoch 100/100 | Batch 1800/4731 | Loss: 0.2828
Epoch 100/100 | Batch 2000/4731 | Loss: 0.1460
Epoch 100/100 | Batch 2200/4731 | Loss: 0.2626
Epoch 100/100 | Batch 2400/4731 | Loss: 0.1777
Epoch 100/100 | Batch 2600/4731 | Loss: 0.1390
Epoch 100/100 | Batch 2800/4731 | Loss: 0.1774
Epoch 100/100 | Batch 3000/4731 | Loss: 0.2062
Epoch 100/100 | Batch 3200/4731 | Loss: 0.1787
Epoch 100/100 | Batch 3400/4731 | Loss: 0.1822
Epoch 100/100 | Batch 3600/4731 | Loss: 0.2120
Epoch 100/100 | Batch 3800/4731 | Loss: 0.1549
Epoch 100/100 | Batch 4000/4731 | Loss: 0.1735
Epoch 100/100 | Batch 4200/4731 | Loss: 0.1947
Epoch 100/100 | Batch 4400/4731 | Loss: 0.1509
Epoch 100/100 | Batch 4600/4731 | Loss: 0.1871
====> Epoch 100 Average Loss: 0.1786 | LR: 0.000200

Training Complete! Raw Cartesian weights saved.
